,RES,CHAIN,AA,SS_CLASS,PDB_dbResNum,PDB_dbResName,PDB_dbChainId,UniProt_dbAccessionId,UniProt_dbResNum,UniProt_dbResName,PDB_codeSecondaryStructure,PDB_nameSecondaryStructure
0,8,A,A,C,8,ALA,A,P94127,50,A,T,loop
1,9,A,D,C,9,ASP,A,P94127,51,D,T,loop
2,10,A,G,C,10,GLY,A,P94127,52,G,T,loop
3,11,A,S,C,11,SER,A,P94127,53,S,T,loop
4,12,A,V,C,12,VAL,A,P94127,54,V,T,loop
5,13,A,A,C,13,ALA,A,P94127,55,A,T,loop
6,14,A,P,C,14,PRO,A,P94127,56,P,T,loop
7,15,A,G,C,15,GLY,A,P94127,57,G,T,loop
8,16,A,K,C,16,LYS,A,P94127,58,K,T,loop
9,17,A,L,C,17,LEU,A,P94127,59,L,T,loop
10,18,A,D,C,18,ASP,A,P94127,60,D,T,loop
11,19,A,D,C,19,ASP,A,P94127,61,D,T,loop
12,20,A,Y,E,20,TYR,A,P94127,62,Y,E,strand
13,21,A,Y,E,21,TYR,A,P94127,63,Y,E,strand
14,22,A,G,E,22,GLY,A,P94127,64,G,E,strand
15,23,A,F,E,23,PHE,A,P94127,65,F,E,strand
16,24,A,W,E,24,TRP,A,P94127,66,W,E,strand
17,25,A,S,C,25,SER,A,P94127,67,S,T,loop
18,26,A,S,C,26,SER,A,P94127,68,S,T,loop
19,27,A,G,C,27,GLY,A,P94127,69,G,T,loop
20,28,A,Q,C,28,GLN,A,P94127,70,Q,T,loop
21,29,A,T,C,29,THR,A,P94127,71,T,T,loop
22,30,A,G,C,30,GLY,A,P94127,72,G,T,loop
23,31,A,E,E,31,GLU,A,P94127,73,E,E,strand
24,32,A,M,E,32,MET,A,P94127,74,M,E,strand
25,33,A,R,E,33,ARG,A,P94127,75,R,E,strand
26,34,A,I,E,34,ILE,A,P94127,76,I,E,strand
27,35,A,L,E,35,LEU,A,P94127,77,L,E,strand
28,36,A,G,E,36,GLY,A,P94127,78,G,E,strand
29,37,A,I,E,37,ILE,A,P94127,79,I,E,strand
30,38,A,P,C,38,PRO,A,P94127,80,P,T,loop
31,39,A,S,C,39,SER,A,P94127,81,S,T,loop
32,40,A,M,C,40,MET,A,P94127,82,M,T,loop
33,41,A,R,E,41,ARG,A,P94127,83,R,E,strand
34,42,A,E,E,42,GLU,A,P94127,84,E,E,strand
35,43,A,L,E,43,LEU,A,P94127,85,L,E,strand
36,44,A,M,E,44,MET,A,P94127,86,M,E,strand
37,45,A,R,E,45,ARG,A,P94127,87,R,E,strand
38,46,A,V,E,46,VAL,A,P94127,88,V,E,strand
39,47,A,P,E,47,PRO,A,P94127,89,P,E,strand
40,48,A,V,C,48,VAL,A,P94127,90,V,T,loop
41,49,A,F,C,49,PHE,A,P94127,91,F,T,loop
42,50,A,N,C,50,ASN,A,P94127,92,N,T,loop
43,51,A,R,C,51,ARG,A,P94127,93,R,T,loop
44,52,A,C,C,52,CYS,A,P94127,94,C,T,loop
45,53,A,S,C,53,SER,A,P94127,95,S,T,loop
46,54,A,A,C,54,ALA,A,P94127,96,A,T,loop
47,55,A,T,C,55,THR,A,P94127,97,T,T,loop
48,56,A,G,C,56,GLY,A,P94127,98,G,T,loop
49,57,A,W,C,57,TRP,A,P94127,99,W,T,loop
50,58,A,G,C,58,GLY,A,P94127,100,G,T,loop
51,59,A,Q,C,59,GLN,A,P94127,101,Q,T,loop
52,60,A,T,C,60,THR,A,P94127,102,T,H,helix
53,61,A,N,H,61,ASN,A,P94127,103,N,H,helix
54,62,A,E,H,62,GLU,A,P94127,104,E,H,helix
55,63,A,S,H,63,SER,A,P94127,105,S,H,helix
56,64,A,I,H,64,ILE,A,P94127,106,I,H,helix
57,65,A,R,H,65,ARG,A,P94127,107,R,H,helix
58,66,A,I,H,66,ILE,A,P94127,108,I,H,helix
59,67,A,H,H,67,HIS,A,P94127,109,H,H,helix
60,68,A,Q,H,68,GLN,A,P94127,110,Q,H,helix
61,69,A,R,C,69,ARG,A,P94127,111,R,H,helix
62,70,A,T,C,70,THR,A,P94127,112,T,T,loop
63,71,A,M,C,71,MET,A,P94127,113,M,T,loop
64,72,A,T,C,72,THR,A,P94127,114,T,H,helix
65,73,A,E,H,73,GLU,A,P94127,115,E,H,helix
66,74,A,K,H,74,LYS,A,P94127,116,K,H,helix
67,75,A,T,H,75,THR,A,P94127,117,T,H,helix
68,76,A,K,H,76,LYS,A,P94127,118,K,H,helix
69,77,A,K,H,77,LYS,A,P94127,119,K,H,helix
70,78,A,Q,H,78,GLN,A,P94127,120,Q,H,helix
71,79,A,L,H,79,LEU,A,P94127,121,L,H,helix
72,80,A,A,H,80,ALA,A,P94127,122,A,H,helix
73,81,A,A,H,81,ALA,A,P94127,123,A,H,helix
74,82,A,N,C,82,ASN,A,P94127,124,N,H,helix
75,83,A,G,C,83,GLY,A,P94127,125,G,T,loop
76,84,A,K,C,84,LYS,A,P94127,126,K,T,loop
77,85,A,K,C,85,LYS,A,P94127,127,K,T,loop
78,86,A,I,C,86,ILE,A,P94127,128,I,T,loop
79,87,A,H,C,87,HIS,A,P94127,129,H,T,loop
80,88,A,D,C,88,ASP,A,P94127,130,D,T,loop
81,89,A,N,C,89,ASN,A,P94127,131,N,T,loop
82,90,A,G,C,90,GLY,A,P94127,132,G,T,loop
83,91,A,D,C,91,ASP,A,P94127,133,D,T,loop
84,92,A,L,C,92,LEU,A,P94127,134,L,T,loop
85,93,A,H,C,93,HIS,A,P94127,135,H,T,loop
86,94,A,H,C,94,HIS,A,P94127,136,H,T,loop
87,95,A,V,E,95,VAL,A,P94127,137,V,E,strand
88,96,A,H,E,96,HIS,A,P94127,138,H,E,strand
89,97,A,M,E,97,MET,A,P94127,139,M,E,strand
90,98,A,S,E,98,SER,A,P94127,140,S,E,strand
91,99,A,F,E,99,PHE,A,P94127,141,F,E,strand
92,100,A,T,E,100,THR,A,P94127,142,T,E,strand
93,101,A,D,C,101,ASP,A,P94127,143,D,T,loop
94,102,A,G,C,102,GLY,A,P94127,144,G,T,loop
95,103,A,K,E,103,LYS,A,P94127,145,K,E,strand
96,104,A,Y,E,104,TYR,A,P94127,146,Y,E,strand
97,105,A,D,E,105,ASP,A,P94127,147,D,E,strand
98,106,A,G,E,106,GLY,A,P94127,148,G,E,strand
99,107,A,R,E,107,ARG,A,P94127,149,R,E,strand
100,108,A,Y,E,108,TYR,A,P94127,150,Y,E,strand
101,109,A,L,E,109,LEU,A,P94127,151,L,E,strand
102,110,A,F,E,110,PHE,A,P94127,152,F,E,strand
103,111,A,M,E,111,MET,A,P94127,153,M,E,strand
104,112,A,N,E,112,ASN,A,P94127,154,N,E,strand
105,113,A,D,E,113,ASP,A,P94127,155,D,E,strand
106,114,A,K,C,114,LYS,A,P94127,156,K,T,loop
107,115,A,A,C,115,ALA,A,P94127,157,A,T,loop
108,116,A,N,C,116,ASN,A,P94127,158,N,T,loop
109,117,A,T,C,117,THR,A,P94127,159,T,T,loop
110,118,A,R,E,118,ARG,A,P94127,160,R,E,strand
111,119,A,V,E,119,VAL,A,P94127,161,V,E,strand
112,120,A,A,E,120,ALA,A,P94127,162,A,E,strand
113,121,A,R,E,121,ARG,A,P94127,163,R,E,strand
114,122,A,V,E,122,VAL,A,P94127,164,V,E,strand
115,123,A,R,E,123,ARG,A,P94127,165,R,E,strand
116,124,A,C,C,124,CYS,A,P94127,166,C,T,loop
117,125,A,D,C,125,ASP,A,P94127,167,D,T,loop
118,126,A,V,C,126,VAL,A,P94127,168,V,T,loop
119,127,A,M,C,127,MET,A,P94127,169,M,T,loop
120,128,A,K,E,128,LYS,A,P94127,170,K,E,strand
121,129,A,T,E,129,THR,A,P94127,171,T,E,strand
122,130,A,D,E,130,ASP,A,P94127,172,D,E,strand
123,131,A,A,E,131,ALA,A,P94127,173,A,E,strand
124,132,A,I,E,132,ILE,A,P94127,174,I,E,strand
125,133,A,L,E,133,LEU,A,P94127,175,L,E,strand
126,134,A,E,E,134,GLU,A,P94127,176,E,E,strand
127,135,A,I,C,135,ILE,A,P94127,177,I,T,loop
128,136,A,P,C,136,PRO,A,P94127,178,P,T,loop
129,137,A,N,C,137,ASN,A,P94127,179,N,T,loop
130,138,A,A,C,138,ALA,A,P94127,180,A,T,loop
131,139,A,K,C,139,LYS,A,P94127,181,K,T,loop
132,140,A,G,C,140,GLY,A,P94127,182,G,T,loop
133,141,A,I,E,141,ILE,A,P94127,183,I,E,strand
134,142,A,H,E,142,HIS,A,P94127,184,H,E,strand
135,143,A,G,E,143,GLY,A,P94127,185,G,E,strand
136,144,A,M,E,144,MET,A,P94127,186,M,E,strand
137,145,A,R,E,145,ARG,A,P94127,187,R,E,strand
138,146,A,P,E,146,PRO,A,P94127,188,P,E,strand
139,147,A,Q,C,147,GLN,A,P94127,189,Q,T,loop
140,148,A,K,C,148,LYS,A,P94127,190,K,T,loop
141,149,A,W,C,149,TRP,A,P94127,191,W,T,loop
142,150,A,P,C,150,PRO,A,P94127,192,P,T,loop
143,151,A,R,C,151,ARG,A,P94127,193,R,T,loop
144,152,A,S,C,152,SER,A,P94127,194,S,T,loop
145,153,A,N,C,153,ASN,A,P94127,195,N,T,loop
146,154,A,Y,E,154,TYR,A,P94127,196,Y,E,strand
147,155,A,V,E,155,VAL,A,P94127,197,V,E,strand
148,156,A,F,E,156,PHE,A,P94127,198,F,E,strand
149,157,A,C,E,157,CYS,A,P94127,199,C,E,strand
150,158,A,N,E,158,ASN,A,P94127,200,N,E,strand
151,159,A,G,E,159,GLY,A,P94127,201,G,E,strand
152,160,A,E,C,160,GLU,A,P94127,202,E,T,loop
153,161,A,D,C,161,ASP,A,P94127,203,D,T,loop
154,162,A,E,C,162,GLU,A,P94127,204,E,T,loop
155,163,A,A,C,163,ALA,A,P94127,205,A,T,loop
156,164,A,P,C,164,PRO,A,P94127,206,P,T,loop
157,165,A,L,C,165,LEU,A,P94127,207,L,T,loop
158,166,A,V,C,166,VAL,A,P94127,208,V,T,loop
159,167,A,N,C,167,ASN,A,P94127,209,N,T,loop
160,168,A,D,C,168,ASP,A,P94127,210,D,T,loop
161,169,A,G,C,169,GLY,A,P94127,211,G,T,loop
162,170,A,S,C,170,SER,A,P94127,212,S,T,loop
163,171,A,T,C,171,THR,A,P94127,213,T,T,loop
164,172,A,M,C,172,MET,A,P94127,214,M,T,loop
165,173,A,T,C,173,THR,A,P94127,215,T,T,loop
166,174,A,D,C,174,ASP,A,P94127,216,D,H,helix
167,175,A,V,C,175,VAL,A,P94127,217,V,H,helix
168,176,A,A,C,176,ALA,A,P94127,218,A,H,helix
169,177,A,T,C,177,THR,A,P94127,219,T,H,helix
170,178,A,Y,C,178,TYR,A,P94127,220,Y,H,helix
171,179,A,V,C,179,VAL,A,P94127,221,V,T,loop
172,180,A,N,E,180,ASN,A,P94127,222,N,E,strand
173,181,A,I,E,181,ILE,A,P94127,223,I,E,strand
174,182,A,F,E,182,PHE,A,P94127,224,F,E,strand
175,183,A,T,E,183,THR,A,P94127,225,T,E,strand
176,184,A,A,E,184,ALA,A,P94127,226,A,E,strand
177,185,A,V,E,185,VAL,A,P94127,227,V,E,strand
178,186,A,D,E,186,ASP,A,P94127,228,D,E,strand
179,187,A,A,C,187,ALA,A,P94127,229,A,T,loop
180,188,A,D,C,188,ASP,A,P94127,230,D,T,loop
181,189,A,K,C,189,LYS,A,P94127,231,K,T,loop
182,190,A,W,C,190,TRP,A,P94127,232,W,T,loop
183,191,A,E,E,191,GLU,A,P94127,233,E,E,strand
184,192,A,V,E,192,VAL,A,P94127,234,V,E,strand
185,193,A,A,E,193,ALA,A,P94127,235,A,E,strand
186,194,A,W,E,194,TRP,A,P94127,236,W,E,strand
187,195,A,Q,E,195,GLN,A,P94127,237,Q,E,strand
188,196,A,V,E,196,VAL,A,P94127,238,V,E,strand
189,197,A,K,E,197,LYS,A,P94127,239,K,E,strand
190,198,A,V,E,198,VAL,A,P94127,240,V,E,strand
191,199,A,S,C,199,SER,A,P94127,241,S,T,loop
192,200,A,G,C,200,GLY,A,P94127,242,G,T,loop
193,201,A,N,C,201,ASN,A,P94127,243,N,T,loop
194,202,A,L,C,202,LEU,A,P94127,244,L,T,loop
195,203,A,D,C,203,ASP,A,P94127,245,D,T,loop
196,204,A,N,C,204,ASN,A,P94127,246,N,T,loop
197,205,A,C,E,205,CYS,A,P94127,247,C,E,strand
198,206,A,D,E,206,ASP,A,P94127,248,D,E,strand
199,207,A,A,E,207,ALA,A,P94127,249,A,E,strand
200,208,A,D,C,208,ASP,A,P94127,250,D,T,loop
201,209,A,Y,C,209,TYR,A,P94127,251,Y,T,loop
202,210,A,E,C,210,GLU,A,P94127,252,E,T,loop
203,211,A,G,C,211,GLY,A,P94127,253,G,T,loop
204,212,A,K,C,212,LYS,A,P94127,254,K,T,loop
205,213,A,W,E,213,TRP,A,P94127,255,W,E,strand
206,214,A,A,E,214,ALA,A,P94127,256,A,E,strand
207,215,A,F,E,215,PHE,A,P94127,257,F,E,strand
208,216,A,S,E,216,SER,A,P94127,258,S,E,strand
209,217,A,T,E,217,THR,A,P94127,259,T,E,strand
210,218,A,S,E,218,SER,A,P94127,260,S,E,strand
211,219,A,Y,C,219,TYR,A,P94127,261,Y,T,loop
212,220,A,N,C,220,ASN,A,P94127,262,N,T,loop
213,221,A,S,C,221,SER,A,P94127,263,S,T,loop
214,222,A,E,C,222,GLU,A,P94127,264,E,T,loop
215,223,A,M,C,223,MET,A,P94127,265,M,T,loop
216,224,A,G,C,224,GLY,A,P94127,266,G,T,loop
217,225,A,M,C,225,MET,A,P94127,267,M,T,loop
218,226,A,T,C,226,THR,A,P94127,268,T,H,helix
219,227,A,L,H,227,LEU,A,P94127,269,L,H,helix
220,228,A,E,H,228,GLU,A,P94127,270,E,H,helix
221,229,A,E,H,229,GLU,A,P94127,271,E,H,helix
222,230,A,M,H,230,MET,A,P94127,272,M,H,helix
223,231,A,T,C,231,THR,A,P94127,273,T,H,helix
224,232,A,K,C,232,LYS,A,P94127,274,K,T,loop
225,233,A,S,C,233,SER,A,P94127,275,S,T,loop
226,234,A,E,C,234,GLU,A,P94127,276,E,T,loop
227,235,A,M,C,235,MET,A,P94127,277,M,T,loop
228,236,A,D,E,236,ASP,A,P94127,278,D,E,strand
229,237,A,H,E,237,HIS,A,P94127,279,H,E,strand
230,238,A,V,E,238,VAL,A,P94127,280,V,E,strand
231,239,A,V,E,239,VAL,A,P94127,281,V,E,strand
232,240,A,V,E,240,VAL,A,P94127,282,V,E,strand
233,241,A,F,E,241,PHE,A,P94127,283,F,E,strand
234,242,A,N,E,242,ASN,A,P94127,284,N,E,strand
235,243,A,I,H,243,ILE,A,P94127,285,I,H,helix
236,244,A,A,H,244,ALA,A,P94127,286,A,H,helix
237,245,A,E,H,245,GLU,A,P94127,287,E,H,helix
238,246,A,I,H,246,ILE,A,P94127,288,I,H,helix
239,247,A,E,H,247,GLU,A,P94127,289,E,H,helix
240,248,A,K,H,248,LYS,A,P94127,290,K,H,helix
241,249,A,A,H,249,ALA,A,P94127,291,A,H,helix
242,250,A,I,H,250,ILE,A,P94127,292,I,H,helix
243,251,A,K,H,251,LYS,A,P94127,293,K,H,helix
244,252,A,A,C,252,ALA,A,P94127,294,A,H,helix
245,253,A,G,C,253,GLY,A,P94127,295,G,T,loop
246,254,A,Q,C,254,GLN,A,P94127,296,Q,T,loop
247,255,A,Y,C,255,TYR,A,P94127,297,Y,T,loop
248,256,A,E,E,256,GLU,A,P94127,298,E,E,strand
249,257,A,E,E,257,GLU,A,P94127,299,E,E,strand
250,258,A,I,E,258,ILE,A,P94127,300,I,E,strand
251,259,A,N,C,259,ASN,A,P94127,301,N,T,loop
252,260,A,G,C,260,GLY,A,P94127,302,G,T,loop
253,261,A,V,E,261,VAL,A,P94127,303,V,E,strand
254,262,A,K,E,262,LYS,A,P94127,304,K,E,strand
255,263,A,V,E,263,VAL,A,P94127,305,V,E,strand
256,264,A,V,E,264,VAL,A,P94127,306,V,E,strand
257,265,A,D,E,265,ASP,A,P94127,307,D,E,strand
258,266,A,G,C,266,GLY,A,P94127,308,G,T,loop
259,267,A,R,C,267,ARG,A,P94127,309,R,H,helix
260,268,A,K,C,268,LYS,A,P94127,310,K,H,helix
261,269,A,E,C,269,GLU,A,P94127,311,E,H,helix
262,270,A,A,C,270,ALA,A,P94127,312,A,H,helix
263,271,A,K,C,271,LYS,A,P94127,313,K,H,helix
264,272,A,S,C,272,SER,A,P94127,314,S,T,loop
265,273,A,L,C,273,LEU,A,P94127,315,L,T,loop
266,274,A,F,C,274,PHE,A,P94127,316,F,T,loop
267,275,A,T,E,275,THR,A,P94127,317,T,E,strand
268,276,A,R,E,276,ARG,A,P94127,318,R,E,strand
269,277,A,Y,E,277,TYR,A,P94127,319,Y,E,strand
270,278,A,I,E,278,ILE,A,P94127,320,I,E,strand
271,279,A,P,E,279,PRO,A,P94127,321,P,E,strand
272,280,A,I,E,280,ILE,A,P94127,322,I,E,strand
273,281,A,A,C,281,ALA,A,P94127,323,A,T,loop
274,282,A,N,C,282,ASN,A,P94127,324,N,T,loop
275,283,A,N,C,283,ASN,A,P94127,325,N,T,loop
276,284,A,P,C,284,PRO,A,P94127,326,P,T,loop
277,285,A,H,C,285,HIS,A,P94127,327,H,T,loop
278,286,A,G,C,286,GLY,A,P94127,328,G,T,loop
279,287,A,C,E,287,CYS,A,P94127,329,C,E,strand
280,288,A,N,E,288,ASN,A,P94127,330,N,E,strand
281,289,A,M,E,289,MET,A,P94127,331,M,E,strand
282,290,A,A,C,290,ALA,A,P94127,332,A,T,loop
283,291,A,P,C,291,PRO,A,P94127,333,P,T,loop
284,292,A,D,C,292,ASP,A,P94127,334,D,T,loop
285,293,A,R,C,293,ARG,A,P94127,335,R,T,loop
286,294,A,K,C,294,LYS,A,P94127,336,K,T,loop
287,295,A,H,E,295,HIS,A,P94127,337,H,E,strand
288,296,A,L,E,296,LEU,A,P94127,338,L,E,strand
289,297,A,C,E,297,CYS,A,P94127,339,C,E,strand
290,298,A,V,E,298,VAL,A,P94127,340,V,E,strand
291,299,A,A,E,299,ALA,A,P94127,341,A,E,strand
292,300,A,G,C,300,GLY,A,P94127,342,G,T,loop
293,301,A,K,C,301,LYS,A,P94127,343,K,T,loop
294,302,A,L,C,302,LEU,A,P94127,344,L,T,loop
295,303,A,S,C,303,SER,A,P94127,345,S,T,loop
296,304,A,P,C,304,PRO,A,P94127,346,P,T,loop
297,305,A,T,C,305,THR,A,P94127,347,T,T,loop
298,306,A,V,E,306,VAL,A,P94127,348,V,E,strand
299,307,A,T,E,307,THR,A,P94127,349,T,E,strand
300,308,A,V,E,308,VAL,A,P94127,350,V,E,strand
301,309,A,L,E,309,LEU,A,P94127,351,L,E,strand
302,310,A,D,E,310,ASP,A,P94127,352,D,E,strand
303,311,A,V,C,311,VAL,A,P94127,353,V,T,loop
304,312,A,T,C,312,THR,A,P94127,354,T,T,loop
305,313,A,K,C,313,LYS,A,P94127,355,K,H,helix
306,314,A,F,H,314,PHE,A,P94127,356,F,H,helix
307,315,A,D,H,315,ASP,A,P94127,357,D,H,helix
308,316,A,A,H,316,ALA,A,P94127,358,A,H,helix
309,317,A,L,H,317,LEU,A,P94127,359,L,H,helix
310,318,A,F,H,318,PHE,A,P94127,360,F,H,helix
311,319,A,Y,H,319,TYR,A,P94127,361,Y,H,helix
312,320,A,D,C,320,ASP,A,P94127,362,D,H,helix
313,321,A,N,C,321,ASN,A,P94127,363,N,T,loop
314,322,A,A,C,322,ALA,A,P94127,364,A,T,loop
315,323,A,E,C,323,GLU,A,P94127,365,E,H,helix
316,324,A,P,C,324,PRO,A,P94127,366,P,H,helix
317,325,A,R,C,325,ARG,A,P94127,367,R,H,helix
318,326,A,S,C,326,SER,A,P94127,368,S,H,helix
319,327,A,A,C,327,ALA,A,P94127,369,A,T,loop
320,328,A,V,E,328,VAL,A,P94127,370,V,E,strand
321,329,A,V,E,329,VAL,A,P94127,371,V,E,strand
322,330,A,A,E,330,ALA,A,P94127,372,A,E,strand
323,331,A,E,C,331,GLU,A,P94127,373,E,T,loop
324,332,A,P,C,332,PRO,A,P94127,374,P,T,loop
325,333,A,E,C,333,GLU,A,P94127,375,E,T,loop
326,334,A,L,C,334,LEU,A,P94127,376,L,T,loop
327,335,A,G,C,335,GLY,A,P94127,377,G,T,loop
328,336,A,L,C,336,LEU,A,P94127,378,L,T,loop
329,337,A,G,C,337,GLY,A,P94127,379,G,T,loop
330,338,A,P,E,338,PRO,A,P94127,380,P,E,strand
331,339,A,L,E,339,LEU,A,P94127,381,L,E,strand
332,340,A,H,E,340,HIS,A,P94127,382,H,E,strand
333,341,A,T,E,341,THR,A,P94127,383,T,E,strand
334,342,A,A,E,342,ALA,A,P94127,384,A,E,strand
335,343,A,F,E,343,PHE,A,P94127,385,F,E,strand
336,344,A,D,C,344,ASP,A,P94127,386,D,T,loop
337,345,A,G,C,345,GLY,A,P94127,387,G,T,loop
338,346,A,R,C,346,ARG,A,P94127,388,R,T,loop
339,347,A,G,C,347,GLY,A,P94127,389,G,T,loop
340,348,A,N,E,348,ASN,A,P94127,390,N,E,strand
341,349,A,A,E,349,ALA,A,P94127,391,A,E,strand
342,350,A,Y,E,350,TYR,A,P94127,392,Y,E,strand
343,351,A,T,E,351,THR,A,P94127,393,T,E,strand
344,352,A,S,E,352,SER,A,P94127,394,S,E,strand
345,353,A,L,E,353,LEU,A,P94127,395,L,E,strand
346,354,A,F,C,354,PHE,A,P94127,396,F,T,loop
347,355,A,L,C,355,LEU,A,P94127,397,L,T,loop
348,356,A,D,C,356,ASP,A,P94127,398,D,T,loop
349,357,A,S,C,357,SER,A,P94127,399,S,T,loop
350,358,A,Q,E,358,GLN,A,P94127,400,Q,E,strand
351,359,A,V,E,359,VAL,A,P94127,401,V,E,strand
352,360,A,V,E,360,VAL,A,P94127,402,V,E,strand
353,361,A,K,E,361,LYS,A,P94127,403,K,E,strand
354,362,A,W,E,362,TRP,A,P94127,404,W,E,strand
355,363,A,N,E,363,ASN,A,P94127,405,N,E,strand
356,364,A,I,H,364,ILE,A,P94127,406,I,H,helix
357,365,A,D,H,365,ASP,A,P94127,407,D,H,helix
358,366,A,E,H,366,GLU,A,P94127,408,E,H,helix
359,367,A,A,H,367,ALA,A,P94127,409,A,H,helix
360,368,A,I,H,368,ILE,A,P94127,410,I,H,helix
361,369,A,R,H,369,ARG,A,P94127,411,R,H,helix
362,370,A,A,H,370,ALA,A,P94127,412,A,H,helix
363,371,A,Y,H,371,TYR,A,P94127,413,Y,H,helix
364,372,A,A,C,372,ALA,A,P94127,414,A,H,helix
365,373,A,G,C,373,GLY,A,P94127,415,G,T,loop
366,374,A,E,C,374,GLU,A,P94127,416,E,T,loop
367,375,A,K,C,375,LYS,A,P94127,417,K,T,loop
368,376,A,I,C,376,ILE,A,P94127,418,I,T,loop
369,377,A,N,C,377,ASN,A,P94127,419,N,T,loop
370,378,A,P,C,378,PRO,A,P94127,420,P,T,loop
371,379,A,I,E,379,ILE,A,P94127,421,I,E,strand
372,380,A,K,E,380,LYS,A,P94127,422,K,E,strand
373,381,A,D,E,381,ASP,A,P94127,423,D,E,strand
374,382,A,K,E,382,LYS,A,P94127,424,K,E,strand
375,383,A,L,E,383,LEU,A,P94127,425,L,E,strand
376,384,A,D,E,384,ASP,A,P94127,426,D,E,strand
377,385,A,V,C,385,VAL,A,P94127,427,V,T,loop
378,386,A,Q,C,386,GLN,A,P94127,428,Q,T,loop
379,387,A,Y,C,387,TYR,A,P94127,429,Y,T,loop
380,388,A,Q,C,388,GLN,A,P94127,430,Q,T,loop
381,389,A,P,E,389,PRO,A,P94127,431,P,E,strand
382,390,A,G,E,390,GLY,A,P94127,432,G,E,strand
383,391,A,H,E,391,HIS,A,P94127,433,H,E,strand
384,392,A,L,E,392,LEU,A,P94127,434,L,E,strand
385,393,A,K,E,393,LYS,A,P94127,435,K,E,strand
386,394,A,T,E,394,THR,A,P94127,436,T,E,strand
387,395,A,V,C,395,VAL,A,P94127,437,V,T,loop
388,396,A,M,C,396,MET,A,P94127,438,M,T,loop
389,397,A,G,C,397,GLY,A,P94127,439,G,T,loop
390,398,A,E,C,398,GLU,A,P94127,440,E,T,loop
391,399,A,T,C,399,THR,A,P94127,441,T,T,loop
392,400,A,L,C,400,LEU,A,P94127,442,L,T,loop
393,401,A,D,C,401,ASP,A,P94127,443,D,T,loop
394,402,A,A,C,402,ALA,A,P94127,444,A,T,loop
395,403,A,A,C,403,ALA,A,P94127,445,A,T,loop
396,404,A,N,C,404,ASN,A,P94127,446,N,T,loop
397,405,A,D,C,405,ASP,A,P94127,447,D,T,loop
398,406,A,W,E,406,TRP,A,P94127,448,W,E,strand
399,407,A,L,E,407,LEU,A,P94127,449,L,E,strand
400,408,A,V,E,408,VAL,A,P94127,450,V,E,strand
401,409,A,C,E,409,CYS,A,P94127,451,C,E,strand
402,410,A,L,E,410,LEU,A,P94127,452,L,E,strand
403,411,A,C,E,411,CYS,A,P94127,453,C,E,strand
404,412,A,K,C,412,LYS,A,P94127,454,K,T,loop
405,413,A,F,C,413,PHE,A,P94127,455,F,T,loop
406,414,A,S,C,414,SER,A,P94127,456,S,T,loop
407,415,A,K,C,415,LYS,A,P94127,457,K,T,loop
408,416,A,D,C,416,ASP,A,P94127,458,D,T,loop
409,417,A,R,C,417,ARG,A,P94127,459,R,T,loop
410,418,A,F,C,418,PHE,A,P94127,460,F,T,loop
411,419,A,L,C,419,LEU,A,P94127,461,L,T,loop
412,420,A,N,C,420,ASN,A,P94127,462,N,T,loop
413,421,A,V,C,421,VAL,A,P94127,463,V,T,loop
414,422,A,G,C,422,GLY,A,P94127,464,G,T,loop
415,423,A,P,C,423,PRO,A,P94127,465,P,T,loop
416,424,A,L,C,424,LEU,A,P94127,466,L,T,loop
417,425,A,K,C,425,LYS,A,P94127,467,K,T,loop
418,426,A,P,C,426,PRO,A,P94127,468,P,T,loop
419,427,A,E,E,427,GLU,A,P94127,469,E,E,strand
420,428,A,N,E,428,ASN,A,P94127,470,N,E,strand
421,429,A,D,E,429,ASP,A,P94127,471,D,E,strand
422,430,A,Q,E,430,GLN,A,P94127,472,Q,E,strand
423,431,A,L,E,431,LEU,A,P94127,473,L,E,strand
424,432,A,I,E,432,ILE,A,P94127,474,I,E,strand
425,433,A,D,E,433,ASP,A,P94127,475,D,E,strand
426,434,A,I,C,434,ILE,A,P94127,476,I,T,loop
427,435,A,S,C,435,SER,A,P94127,477,S,T,loop
428,436,A,G,C,436,GLY,A,P94127,478,G,T,loop
429,437,A,D,C,437,ASP,A,P94127,479,D,T,loop
430,438,A,K,C,438,LYS,A,P94127,480,K,T,loop
431,439,A,M,C,439,MET,A,P94127,481,M,T,loop
432,440,A,V,E,440,VAL,A,P94127,482,V,E,strand
433,441,A,L,E,441,LEU,A,P94127,483,L,E,strand
434,442,A,V,E,442,VAL,A,P94127,484,V,E,strand
435,443,A,H,E,443,HIS,A,P94127,485,H,E,strand
436,444,A,D,E,444,ASP,A,P94127,486,D,E,strand
437,445,A,G,E,445,GLY,A,P94127,487,G,E,strand
438,446,A,P,E,446,PRO,A,P94127,488,P,E,strand
439,447,A,T,E,447,THR,A,P94127,489,T,E,strand
440,448,A,F,C,448,PHE,A,P94127,490,F,T,loop
441,449,A,A,C,449,ALA,A,P94127,491,A,T,loop
442,450,A,E,C,450,GLU,A,P94127,492,E,T,loop
443,451,A,P,C,451,PRO,A,P94127,493,P,T,loop
444,452,A,H,C,452,HIS,A,P94127,494,H,T,loop
445,453,A,D,C,453,ASP,A,P94127,495,D,T,loop
446,454,A,A,E,454,ALA,A,P94127,496,A,E,strand
447,455,A,I,E,455,ILE,A,P94127,497,I,E,strand
448,456,A,A,E,456,ALA,A,P94127,498,A,E,strand
449,457,A,V,E,457,VAL,A,P94127,499,V,E,strand
450,458,A,S,C,458,SER,A,P94127,500,S,H,helix
451,459,A,P,C,459,PRO,A,P94127,501,P,H,helix
452,460,A,S,C,460,SER,A,P94127,502,S,H,helix
453,461,A,I,C,461,ILE,A,P94127,503,I,H,helix
454,462,A,L,C,462,LEU,A,P94127,504,L,H,helix
455,463,A,P,C,463,PRO,A,P94127,505,P,T,loop
456,464,A,N,C,464,ASN,A,P94127,506,N,T,loop
457,465,A,I,C,465,ILE,A,P94127,507,I,T,loop
458,466,A,R,C,466,ARG,A,P94127,508,R,T,loop
459,467,A,S,C,467,SER,A,P94127,509,S,T,loop
460,468,A,V,C,468,VAL,A,P94127,510,V,T,loop
461,469,A,W,C,469,TRP,A,P94127,511,W,T,loop
462,470,A,D,C,470,ASP,A,P94127,512,D,T,loop
463,471,A,R,C,471,ARG,A,P94127,513,R,T,loop
464,472,A,N,C,472,ASN,A,P94127,514,K,T,loop
465,473,A,D,C,473,ASP,A,P94127,515,D,H,helix
466,474,A,P,C,474,PRO,A,P94127,516,P,H,helix
467,475,A,L,C,475,LEU,A,P94127,517,L,H,helix
468,476,A,W,C,476,TRP,A,P94127,518,W,H,helix
469,477,A,A,H,477,ALA,A,P94127,519,A,H,helix
470,478,A,E,H,478,GLU,A,P94127,520,E,H,helix
471,479,A,T,H,479,THR,A,P94127,521,T,H,helix
472,480,A,R,H,480,ARG,A,P94127,522,R,H,helix
473,481,A,K,H,481,LYS,A,P94127,523,K,H,helix
474,482,A,Q,H,482,GLN,A,P94127,524,Q,H,helix
475,483,A,A,H,483,ALA,A,P94127,525,A,H,helix
476,484,A,E,H,484,GLU,A,P94127,526,E,H,helix
477,485,A,A,H,485,ALA,A,P94127,527,A,H,helix
478,486,A,D,C,486,ASP,A,P94127,528,D,H,helix
479,487,A,E,C,487,GLU,A,P94127,529,E,T,loop
480,488,A,V,C,488,VAL,A,P94127,530,V,T,loop
481,489,A,D,C,489,ASP,A,P94127,531,D,T,loop
482,490,A,I,C,490,ILE,A,P94127,532,I,T,loop
483,491,A,D,C,491,ASP,A,P94127,533,D,T,loop
484,492,A,E,C,492,GLU,A,P94127,534,E,T,loop
485,493,A,W,C,493,TRP,A,P94127,535,W,T,loop
486,494,A,T,C,494,THR,A,P94127,536,T,T,loop
487,495,A,E,C,495,GLU,A,P94127,537,E,T,loop
488,496,A,A,C,496,ALA,A,P94127,538,A,T,loop
489,497,A,V,E,497,VAL,A,P94127,539,V,E,strand
490,498,A,I,E,498,ILE,A,P94127,540,I,E,strand
491,499,A,R,E,499,ARG,A,P94127,541,R,E,strand
492,500,A,D,E,500,ASP,A,P94127,542,D,E,strand
493,501,A,G,C,501,GLY,A,P94127,543,G,T,loop
494,502,A,N,C,502,ASN,A,P94127,544,N,T,loop
495,503,A,K,E,503,LYS,A,P94127,545,K,E,strand
496,504,A,V,E,504,VAL,A,P94127,546,V,E,strand
497,505,A,R,E,505,ARG,A,P94127,547,R,E,strand
498,506,A,V,E,506,VAL,A,P94127,548,V,E,strand
499,507,A,Y,E,507,TYR,A,P94127,549,Y,E,strand
500,508,A,M,E,508,MET,A,P94127,550,M,E,strand
501,509,A,T,E,509,THR,A,P94127,551,T,E,strand
502,510,A,S,E,510,SER,A,P94127,552,S,E,strand
503,511,A,V,E,511,VAL,A,P94127,553,V,E,strand
504,512,A,A,C,512,ALA,A,P94127,554,A,T,loop
505,513,A,P,C,513,PRO,A,P94127,555,P,T,loop
506,514,A,S,E,514,SER,A,P94127,556,S,E,strand
507,515,A,F,E,515,PHE,A,P94127,557,F,E,strand
508,516,A,S,C,516,SER,A,P94127,558,S,T,loop
509,517,A,Q,C,517,GLN,A,P94127,559,Q,T,loop
510,518,A,P,C,518,PRO,A,P94127,560,P,T,loop
511,519,A,S,E,519,SER,A,P94127,561,S,E,strand
512,520,A,F,E,520,PHE,A,P94127,562,F,E,strand
513,521,A,T,E,521,THR,A,P94127,563,T,E,strand
514,522,A,V,E,522,VAL,A,P94127,564,V,E,strand
515,523,A,K,E,523,LYS,A,P94127,565,K,E,strand
516,524,A,E,C,524,GLU,A,P94127,566,E,T,loop
517,525,A,G,C,525,GLY,A,P94127,567,G,T,loop
518,526,A,D,C,526,ASP,A,P94127,568,D,T,loop
519,527,A,E,E,527,GLU,A,P94127,569,E,E,strand
520,528,A,V,E,528,VAL,A,P94127,570,V,E,strand
521,529,A,T,E,529,THR,A,P94127,571,T,E,strand
522,530,A,V,E,530,VAL,A,P94127,572,V,E,strand
523,531,A,I,E,531,ILE,A,P94127,573,I,E,strand
524,532,A,V,E,532,VAL,A,P94127,574,V,E,strand
525,533,A,T,E,533,THR,A,P94127,575,T,E,strand
526,534,A,N,E,534,ASN,A,P94127,576,N,E,strand
527,535,A,L,C,535,LEU,A,P94127,577,L,T,loop
528,536,A,D,C,536,ASP,A,P94127,578,D,T,loop
529,537,A,E,C,537,GLU,A,P94127,579,E,T,loop
530,538,A,I,C,538,ILE,A,P94127,580,I,T,loop
531,539,A,D,C,539,ASP,A,P94127,581,D,T,loop
532,540,A,D,C,540,ASP,A,P94127,582,D,T,loop
533,541,A,L,C,541,LEU,A,P94127,583,L,T,loop
534,542,A,T,C,542,THR,A,P94127,584,T,T,loop
535,543,A,H,E,543,HIS,A,P94127,585,H,E,strand
536,544,A,G,E,544,GLY,A,P94127,586,G,E,strand
537,545,A,F,E,545,PHE,A,P94127,587,F,E,strand
538,546,A,T,E,546,THR,A,P94127,588,T,E,strand
539,547,A,M,E,547,MET,A,P94127,589,M,E,strand
540,548,A,G,C,548,GLY,A,P94127,590,G,T,loop
541,549,A,N,C,549,ASN,A,P94127,591,N,T,loop
542,550,A,H,C,550,HIS,A,P94127,592,H,T,loop
543,551,A,G,C,551,GLY,A,P94127,593,G,T,loop
544,552,A,V,E,552,VAL,A,P94127,594,V,E,strand
545,553,A,A,E,553,ALA,A,P94127,595,A,E,strand
546,554,A,M,E,554,MET,A,P94127,596,M,E,strand
547,555,A,E,E,555,GLU,A,P94127,597,E,E,strand
548,556,A,V,E,556,VAL,A,P94127,598,V,E,strand
549,557,A,G,C,557,GLY,A,P94127,599,G,T,loop
550,558,A,P,C,558,PRO,A,P94127,600,P,T,loop
551,559,A,Q,C,559,GLN,A,P94127,601,Q,T,loop
552,560,A,Q,C,560,GLN,A,P94127,602,Q,T,loop
553,561,A,T,E,561,THR,A,P94127,603,T,E,strand
554,562,A,S,E,562,SER,A,P94127,604,S,E,strand
555,563,A,S,E,563,SER,A,P94127,605,S,E,strand
556,564,A,V,E,564,VAL,A,P94127,606,V,E,strand
557,565,A,T,E,565,THR,A,P94127,607,T,E,strand
558,566,A,F,E,566,PHE,A,P94127,608,F,E,strand
559,567,A,V,E,567,VAL,A,P94127,609,V,E,strand
560,568,A,A,C,568,ALA,A,P94127,610,A,T,loop
561,569,A,A,C,569,ALA,A,P94127,611,A,T,loop
562,570,A,N,C,570,ASN,A,P94127,612,N,T,loop
563,571,A,P,C,571,PRO,A,P94127,613,P,T,loop
564,572,A,G,E,572,GLY,A,P94127,614,G,E,strand
565,573,A,V,E,573,VAL,A,P94127,615,V,E,strand
566,574,A,Y,E,574,TYR,A,P94127,616,Y,E,strand
567,575,A,W,E,575,TRP,A,P94127,617,W,E,strand
568,576,A,Y,E,576,TYR,A,P94127,618,Y,E,strand
569,577,A,Y,E,577,TYR,A,P94127,619,Y,E,strand
570,578,A,C,C,578,CYS,A,P94127,620,C,T,loop
571,579,A,Q,C,579,GLN,A,P94127,621,Q,T,loop
572,580,A,W,C,580,TRP,A,P94127,622,W,T,loop
573,581,A,F,C,581,PHE,A,P94127,623,F,T,loop
574,582,A,C,C,582,CYS,A,P94127,624,C,T,loop
575,583,A,H,C,583,HIS,A,P94127,625,H,T,loop
576,584,A,A,C,584,ALA,A,P94127,626,A,T,loop
577,585,A,L,C,585,LEU,A,P94127,627,L,H,helix
578,586,A,H,C,586,HIS,A,P94127,628,H,H,helix
579,587,A,M,C,587,MET,A,P94127,629,M,H,helix
580,588,A,E,C,588,GLU,A,P94127,630,E,H,helix
581,589,A,M,C,589,MET,A,P94127,631,M,T,loop
582,590,A,R,E,590,ARG,A,P94127,632,R,E,strand
583,591,A,G,E,591,GLY,A,P94127,633,G,E,strand
584,592,A,R,E,592,ARG,A,P94127,634,R,E,strand
585,593,A,M,E,593,MET,A,P94127,635,M,E,strand
586,594,A,F,E,594,PHE,A,P94127,636,F,E,strand
587,595,A,V,E,595,VAL,A,P94127,637,V,E,strand
588,596,A,E,E,596,GLU,A,P94127,638,E,E,strand
589,597,A,P,C,597,PRO,A,P94127,639,P,T,loop
590,8,B,A,C,8,ALA,B,P94127,50,A,T,loop
591,9,B,D,C,9,ASP,B,P94127,51,D,T,loop
592,10,B,G,C,10,GLY,B,P94127,52,G,T,loop
593,11,B,S,C,11,SER,B,P94127,53,S,T,loop
594,12,B,V,C,12,VAL,B,P94127,54,V,T,loop
595,13,B,A,C,13,ALA,B,P94127,55,A,T,loop
596,14,B,P,C,14,PRO,B,P94127,56,P,T,loop
597,15,B,G,C,15,GLY,B,P94127,57,G,T,loop
598,16,B,K,C,16,LYS,B,P94127,58,K,T,loop
599,17,B,L,C,17,LEU,B,P94127,59,L,T,loop
600,18,B,D,C,18,ASP,B,P94127,60,D,T,loop
601,19,B,D,C,19,ASP,B,P94127,61,D,T,loop
602,20,B,Y,E,20,TYR,B,P94127,62,Y,E,strand
603,21,B,Y,E,21,TYR,B,P94127,63,Y,E,strand
604,22,B,G,E,22,GLY,B,P94127,64,G,E,strand
605,23,B,F,E,23,PHE,B,P94127,65,F,E,strand
606,24,B,W,E,24,TRP,B,P94127,66,W,E,strand
607,25,B,S,C,25,SER,B,P94127,67,S,T,loop
608,26,B,S,C,26,SER,B,P94127,68,S,T,loop
609,27,B,G,C,27,GLY,B,P94127,69,G,T,loop
610,28,B,Q,C,28,GLN,B,P94127,70,Q,T,loop
611,29,B,T,C,29,THR,B,P94127,71,T,T,loop
612,30,B,G,C,30,GLY,B,P94127,72,G,T,loop
613,31,B,E,E,31,GLU,B,P94127,73,E,E,strand
614,32,B,M,E,32,MET,B,P94127,74,M,E,strand
615,33,B,R,E,33,ARG,B,P94127,75,R,E,strand
616,34,B,I,E,34,ILE,B,P94127,76,I,E,strand
617,35,B,L,E,35,LEU,B,P94127,77,L,E,strand
618,36,B,G,E,36,GLY,B,P94127,78,G,E,strand
619,37,B,I,E,37,ILE,B,P94127,79,I,E,strand
620,38,B,P,C,38,PRO,B,P94127,80,P,T,loop
621,39,B,S,C,39,SER,B,P94127,81,S,T,loop
622,40,B,M,C,40,MET,B,P94127,82,M,T,loop
623,41,B,R,C,41,ARG,B,P94127,83,R,T,loop
624,42,B,E,E,42,GLU,B,P94127,84,E,E,strand
625,43,B,L,E,43,LEU,B,P94127,85,L,E,strand
626,44,B,M,E,44,MET,B,P94127,86,M,E,strand
627,45,B,R,E,45,ARG,B,P94127,87,R,E,strand
628,46,B,V,E,46,VAL,B,P94127,88,V,E,strand
629,47,B,P,E,47,PRO,B,P94127,89,P,E,strand
630,48,B,V,C,48,VAL,B,P94127,90,V,T,loop
631,49,B,F,C,49,PHE,B,P94127,91,F,T,loop
632,50,B,N,C,50,ASN,B,P94127,92,N,T,loop
633,51,B,R,C,51,ARG,B,P94127,93,R,T,loop
634,52,B,C,C,52,CYS,B,P94127,94,C,T,loop
635,53,B,S,C,53,SER,B,P94127,95,S,T,loop
636,54,B,A,C,54,ALA,B,P94127,96,A,T,loop
637,55,B,T,C,55,THR,B,P94127,97,T,T,loop
638,56,B,G,C,56,GLY,B,P94127,98,G,T,loop
639,57,B,W,C,57,TRP,B,P94127,99,W,T,loop
640,58,B,G,C,58,GLY,B,P94127,100,G,T,loop
641,59,B,Q,C,59,GLN,B,P94127,101,Q,T,loop
642,60,B,T,C,60,THR,B,P94127,102,T,H,helix
643,61,B,N,H,61,ASN,B,P94127,103,N,H,helix
644,62,B,E,H,62,GLU,B,P94127,104,E,H,helix
645,63,B,S,H,63,SER,B,P94127,105,S,H,helix
646,64,B,I,H,64,ILE,B,P94127,106,I,H,helix
647,65,B,R,H,65,ARG,B,P94127,107,R,H,helix
648,66,B,I,H,66,ILE,B,P94127,108,I,H,helix
649,67,B,H,H,67,HIS,B,P94127,109,H,H,helix
650,68,B,Q,H,68,GLN,B,P94127,110,Q,H,helix
651,69,B,R,C,69,ARG,B,P94127,111,R,H,helix
652,70,B,T,C,70,THR,B,P94127,112,T,T,loop
653,71,B,M,C,71,MET,B,P94127,113,M,T,loop
654,72,B,T,C,72,THR,B,P94127,114,T,H,helix
655,73,B,E,H,73,GLU,B,P94127,115,E,H,helix
656,74,B,K,H,74,LYS,B,P94127,116,K,H,helix
657,75,B,T,H,75,THR,B,P94127,117,T,H,helix
658,76,B,K,H,76,LYS,B,P94127,118,K,H,helix
659,77,B,K,H,77,LYS,B,P94127,119,K,H,helix
660,78,B,Q,H,78,GLN,B,P94127,120,Q,H,helix
661,79,B,L,H,79,LEU,B,P94127,121,L,H,helix
662,80,B,A,H,80,ALA,B,P94127,122,A,H,helix
663,81,B,A,H,81,ALA,B,P94127,123,A,H,helix
664,82,B,N,C,82,ASN,B,P94127,124,N,H,helix
665,83,B,G,C,83,GLY,B,P94127,125,G,T,loop
666,84,B,K,C,84,LYS,B,P94127,126,K,T,loop
667,85,B,K,C,85,LYS,B,P94127,127,K,T,loop
668,86,B,I,C,86,ILE,B,P94127,128,I,T,loop
669,87,B,H,C,87,HIS,B,P94127,129,H,T,loop
670,88,B,D,C,88,ASP,B,P94127,130,D,T,loop
671,89,B,N,C,89,ASN,B,P94127,131,N,T,loop
672,90,B,G,C,90,GLY,B,P94127,132,G,T,loop
673,91,B,D,C,91,ASP,B,P94127,133,D,T,loop
674,92,B,L,C,92,LEU,B,P94127,134,L,T,loop
675,93,B,H,C,93,HIS,B,P94127,135,H,T,loop
676,94,B,H,C,94,HIS,B,P94127,136,H,T,loop
677,95,B,V,E,95,VAL,B,P94127,137,V,E,strand
678,96,B,H,E,96,HIS,B,P94127,138,H,E,strand
679,97,B,M,E,97,MET,B,P94127,139,M,E,strand
680,98,B,S,E,98,SER,B,P94127,140,S,E,strand
681,99,B,F,E,99,PHE,B,P94127,141,F,E,strand
682,100,B,T,E,100,THR,B,P94127,142,T,E,strand
683,101,B,D,C,101,ASP,B,P94127,143,D,T,loop
684,102,B,G,C,102,GLY,B,P94127,144,G,T,loop
685,103,B,K,E,103,LYS,B,P94127,145,K,E,strand
686,104,B,Y,E,104,TYR,B,P94127,146,Y,E,strand
687,105,B,D,E,105,ASP,B,P94127,147,D,E,strand
688,106,B,G,E,106,GLY,B,P94127,148,G,E,strand
689,107,B,R,E,107,ARG,B,P94127,149,R,E,strand
690,108,B,Y,E,108,TYR,B,P94127,150,Y,E,strand
691,109,B,L,E,109,LEU,B,P94127,151,L,E,strand
692,110,B,F,E,110,PHE,B,P94127,152,F,E,strand
693,111,B,M,E,111,MET,B,P94127,153,M,E,strand
694,112,B,N,E,112,ASN,B,P94127,154,N,E,strand
695,113,B,D,E,113,ASP,B,P94127,155,D,E,strand
696,114,B,K,C,114,LYS,B,P94127,156,K,T,loop
697,115,B,A,C,115,ALA,B,P94127,157,A,T,loop
698,116,B,N,C,116,ASN,B,P94127,158,N,T,loop
699,117,B,T,C,117,THR,B,P94127,159,T,T,loop
700,118,B,R,E,118,ARG,B,P94127,160,R,E,strand
701,119,B,V,E,119,VAL,B,P94127,161,V,E,strand
702,120,B,A,E,120,ALA,B,P94127,162,A,E,strand
703,121,B,R,E,121,ARG,B,P94127,163,R,E,strand
704,122,B,V,E,122,VAL,B,P94127,164,V,E,strand
705,123,B,R,E,123,ARG,B,P94127,165,R,E,strand
706,124,B,C,C,124,CYS,B,P94127,166,C,T,loop
707,125,B,D,C,125,ASP,B,P94127,167,D,T,loop
708,126,B,V,C,126,VAL,B,P94127,168,V,T,loop
709,127,B,M,C,127,MET,B,P94127,169,M,T,loop
710,128,B,K,E,128,LYS,B,P94127,170,K,E,strand
711,129,B,T,E,129,THR,B,P94127,171,T,E,strand
712,130,B,D,E,130,ASP,B,P94127,172,D,E,strand
713,131,B,A,E,131,ALA,B,P94127,173,A,E,strand
714,132,B,I,E,132,ILE,B,P94127,174,I,E,strand
715,133,B,L,E,133,LEU,B,P94127,175,L,E,strand
716,134,B,E,E,134,GLU,B,P94127,176,E,E,strand
717,135,B,I,C,135,ILE,B,P94127,177,I,T,loop
718,136,B,P,C,136,PRO,B,P94127,178,P,T,loop
719,137,B,N,C,137,ASN,B,P94127,179,N,T,loop
720,138,B,A,C,138,ALA,B,P94127,180,A,T,loop
721,139,B,K,C,139,LYS,B,P94127,181,K,T,loop
722,140,B,G,C,140,GLY,B,P94127,182,G,T,loop
723,141,B,I,E,141,ILE,B,P94127,183,I,E,strand
724,142,B,H,E,142,HIS,B,P94127,184,H,E,strand
725,143,B,G,E,143,GLY,B,P94127,185,G,E,strand
726,144,B,M,E,144,MET,B,P94127,186,M,E,strand
727,145,B,R,E,145,ARG,B,P94127,187,R,E,strand
728,146,B,P,E,146,PRO,B,P94127,188,P,E,strand
729,147,B,Q,C,147,GLN,B,P94127,189,Q,T,loop
730,148,B,K,C,148,LYS,B,P94127,190,K,T,loop
731,149,B,W,C,149,TRP,B,P94127,191,W,T,loop
732,150,B,P,C,150,PRO,B,P94127,192,P,T,loop
733,151,B,R,C,151,ARG,B,P94127,193,R,T,loop
734,152,B,S,C,152,SER,B,P94127,194,S,T,loop
735,153,B,N,C,153,ASN,B,P94127,195,N,T,loop
736,154,B,Y,E,154,TYR,B,P94127,196,Y,E,strand
737,155,B,V,E,155,VAL,B,P94127,197,V,E,strand
738,156,B,F,E,156,PHE,B,P94127,198,F,E,strand
739,157,B,C,E,157,CYS,B,P94127,199,C,E,strand
740,158,B,N,E,158,ASN,B,P94127,200,N,E,strand
741,159,B,G,E,159,GLY,B,P94127,201,G,E,strand
742,160,B,E,C,160,GLU,B,P94127,202,E,T,loop
743,161,B,D,C,161,ASP,B,P94127,203,D,T,loop
744,162,B,E,C,162,GLU,B,P94127,204,E,T,loop
745,163,B,A,C,163,ALA,B,P94127,205,A,T,loop
746,164,B,P,C,164,PRO,B,P94127,206,P,T,loop
747,165,B,L,C,165,LEU,B,P94127,207,L,T,loop
748,166,B,V,C,166,VAL,B,P94127,208,V,T,loop
749,167,B,N,C,167,ASN,B,P94127,209,N,T,loop
750,168,B,D,C,168,ASP,B,P94127,210,D,T,loop
751,169,B,G,C,169,GLY,B,P94127,211,G,T,loop
752,170,B,S,C,170,SER,B,P94127,212,S,T,loop
753,171,B,T,C,171,THR,B,P94127,213,T,T,loop
754,172,B,M,C,172,MET,B,P94127,214,M,T,loop
755,173,B,T,C,173,THR,B,P94127,215,T,T,loop
756,174,B,D,C,174,ASP,B,P94127,216,D,H,helix
757,175,B,V,C,175,VAL,B,P94127,217,V,H,helix
758,176,B,A,C,176,ALA,B,P94127,218,A,H,helix
759,177,B,T,C,177,THR,B,P94127,219,T,H,helix
760,178,B,Y,C,178,TYR,B,P94127,220,Y,H,helix
761,179,B,V,C,179,VAL,B,P94127,221,V,T,loop
762,180,B,N,E,180,ASN,B,P94127,222,N,E,strand
763,181,B,I,E,181,ILE,B,P94127,223,I,E,strand
764,182,B,F,E,182,PHE,B,P94127,224,F,E,strand
765,183,B,T,E,183,THR,B,P94127,225,T,E,strand
766,184,B,A,E,184,ALA,B,P94127,226,A,E,strand
767,185,B,V,E,185,VAL,B,P94127,227,V,E,strand
768,186,B,D,E,186,ASP,B,P94127,228,D,E,strand
769,187,B,A,C,187,ALA,B,P94127,229,A,T,loop
770,188,B,D,C,188,ASP,B,P94127,230,D,T,loop
771,189,B,K,C,189,LYS,B,P94127,231,K,T,loop
772,190,B,W,C,190,TRP,B,P94127,232,W,T,loop
773,191,B,E,E,191,GLU,B,P94127,233,E,E,strand
774,192,B,V,E,192,VAL,B,P94127,234,V,E,strand
775,193,B,A,E,193,ALA,B,P94127,235,A,E,strand
776,194,B,W,E,194,TRP,B,P94127,236,W,E,strand
777,195,B,Q,E,195,GLN,B,P94127,237,Q,E,strand
778,196,B,V,E,196,VAL,B,P94127,238,V,E,strand
779,197,B,K,E,197,LYS,B,P94127,239,K,E,strand
780,198,B,V,E,198,VAL,B,P94127,240,V,E,strand
781,199,B,S,C,199,SER,B,P94127,241,S,T,loop
782,200,B,G,C,200,GLY,B,P94127,242,G,T,loop
783,201,B,N,C,201,ASN,B,P94127,243,N,T,loop
784,202,B,L,C,202,LEU,B,P94127,244,L,T,loop
785,203,B,D,C,203,ASP,B,P94127,245,D,T,loop
786,204,B,N,C,204,ASN,B,P94127,246,N,T,loop
787,205,B,C,E,205,CYS,B,P94127,247,C,E,strand
788,206,B,D,E,206,ASP,B,P94127,248,D,E,strand
789,207,B,A,E,207,ALA,B,P94127,249,A,E,strand
790,208,B,D,C,208,ASP,B,P94127,250,D,T,loop
791,209,B,Y,C,209,TYR,B,P94127,251,Y,T,loop
792,210,B,E,C,210,GLU,B,P94127,252,E,T,loop
793,211,B,G,C,211,GLY,B,P94127,253,G,T,loop
794,212,B,K,C,212,LYS,B,P94127,254,K,T,loop
795,213,B,W,E,213,TRP,B,P94127,255,W,E,strand
796,214,B,A,E,214,ALA,B,P94127,256,A,E,strand
797,215,B,F,E,215,PHE,B,P94127,257,F,E,strand
798,216,B,S,E,216,SER,B,P94127,258,S,E,strand
799,217,B,T,E,217,THR,B,P94127,259,T,E,strand
800,218,B,S,E,218,SER,B,P94127,260,S,E,strand
801,219,B,Y,C,219,TYR,B,P94127,261,Y,T,loop
802,220,B,N,C,220,ASN,B,P94127,262,N,T,loop
803,221,B,S,C,221,SER,B,P94127,263,S,T,loop
804,222,B,E,C,222,GLU,B,P94127,264,E,T,loop
805,223,B,M,C,223,MET,B,P94127,265,M,T,loop
806,224,B,G,C,224,GLY,B,P94127,266,G,T,loop
807,225,B,M,C,225,MET,B,P94127,267,M,T,loop
808,226,B,T,C,226,THR,B,P94127,268,T,H,helix
809,227,B,L,H,227,LEU,B,P94127,269,L,H,helix
810,228,B,E,H,228,GLU,B,P94127,270,E,H,helix
811,229,B,E,H,229,GLU,B,P94127,271,E,H,helix
812,230,B,M,H,230,MET,B,P94127,272,M,H,helix
813,231,B,T,C,231,THR,B,P94127,273,T,H,helix
814,232,B,K,C,232,LYS,B,P94127,274,K,T,loop
815,233,B,S,C,233,SER,B,P94127,275,S,T,loop
816,234,B,E,C,234,GLU,B,P94127,276,E,T,loop
817,235,B,M,C,235,MET,B,P94127,277,M,T,loop
818,236,B,D,E,236,ASP,B,P94127,278,D,E,strand
819,237,B,H,E,237,HIS,B,P94127,279,H,E,strand
820,238,B,V,E,238,VAL,B,P94127,280,V,E,strand
821,239,B,V,E,239,VAL,B,P94127,281,V,E,strand
822,240,B,V,E,240,VAL,B,P94127,282,V,E,strand
823,241,B,F,E,241,PHE,B,P94127,283,F,E,strand
824,242,B,N,E,242,ASN,B,P94127,284,N,E,strand
825,243,B,I,H,243,ILE,B,P94127,285,I,H,helix
826,244,B,A,H,244,ALA,B,P94127,286,A,H,helix
827,245,B,E,H,245,GLU,B,P94127,287,E,H,helix
828,246,B,I,H,246,ILE,B,P94127,288,I,H,helix
829,247,B,E,H,247,GLU,B,P94127,289,E,H,helix
830,248,B,K,H,248,LYS,B,P94127,290,K,H,helix
831,249,B,A,H,249,ALA,B,P94127,291,A,H,helix
832,250,B,I,H,250,ILE,B,P94127,292,I,H,helix
833,251,B,K,H,251,LYS,B,P94127,293,K,H,helix
834,252,B,A,H,252,ALA,B,P94127,294,A,H,helix
835,253,B,G,C,253,GLY,B,P94127,295,G,H,helix
836,254,B,Q,C,254,GLN,B,P94127,296,Q,T,loop
837,255,B,Y,C,255,TYR,B,P94127,297,Y,T,loop
838,256,B,E,E,256,GLU,B,P94127,298,E,E,strand
839,257,B,E,E,257,GLU,B,P94127,299,E,E,strand
840,258,B,I,E,258,ILE,B,P94127,300,I,E,strand
841,259,B,N,C,259,ASN,B,P94127,301,N,T,loop
842,260,B,G,C,260,GLY,B,P94127,302,G,T,loop
843,261,B,V,E,261,VAL,B,P94127,303,V,E,strand
844,262,B,K,E,262,LYS,B,P94127,304,K,E,strand
845,263,B,V,E,263,VAL,B,P94127,305,V,E,strand
846,264,B,V,E,264,VAL,B,P94127,306,V,E,strand
847,265,B,D,E,265,ASP,B,P94127,307,D,E,strand
848,266,B,G,C,266,GLY,B,P94127,308,G,T,loop
849,267,B,R,C,267,ARG,B,P94127,309,R,H,helix
850,268,B,K,C,268,LYS,B,P94127,310,K,H,helix
851,269,B,E,C,269,GLU,B,P94127,311,E,H,helix
852,270,B,A,C,270,ALA,B,P94127,312,A,H,helix
853,271,B,K,C,271,LYS,B,P94127,313,K,H,helix
854,272,B,S,C,272,SER,B,P94127,314,S,T,loop
855,273,B,L,C,273,LEU,B,P94127,315,L,T,loop
856,274,B,F,C,274,PHE,B,P94127,316,F,T,loop
857,275,B,T,E,275,THR,B,P94127,317,T,E,strand
858,276,B,R,E,276,ARG,B,P94127,318,R,E,strand
859,277,B,Y,E,277,TYR,B,P94127,319,Y,E,strand
860,278,B,I,E,278,ILE,B,P94127,320,I,E,strand
861,279,B,P,E,279,PRO,B,P94127,321,P,E,strand
862,280,B,I,E,280,ILE,B,P94127,322,I,E,strand
863,281,B,A,C,281,ALA,B,P94127,323,A,T,loop
864,282,B,N,C,282,ASN,B,P94127,324,N,T,loop
865,283,B,N,C,283,ASN,B,P94127,325,N,T,loop
866,284,B,P,C,284,PRO,B,P94127,326,P,T,loop
867,285,B,H,C,285,HIS,B,P94127,327,H,T,loop
868,286,B,G,C,286,GLY,B,P94127,328,G,T,loop
869,287,B,C,E,287,CYS,B,P94127,329,C,E,strand
870,288,B,N,E,288,ASN,B,P94127,330,N,E,strand
871,289,B,M,E,289,MET,B,P94127,331,M,E,strand
872,290,B,A,C,290,ALA,B,P94127,332,A,T,loop
873,291,B,P,C,291,PRO,B,P94127,333,P,T,loop
874,292,B,D,C,292,ASP,B,P94127,334,D,T,loop
875,293,B,R,C,293,ARG,B,P94127,335,R,T,loop
876,294,B,K,C,294,LYS,B,P94127,336,K,T,loop
877,295,B,H,E,295,HIS,B,P94127,337,H,E,strand
878,296,B,L,E,296,LEU,B,P94127,338,L,E,strand
879,297,B,C,E,297,CYS,B,P94127,339,C,E,strand
880,298,B,V,E,298,VAL,B,P94127,340,V,E,strand
881,299,B,A,E,299,ALA,B,P94127,341,A,E,strand
882,300,B,G,C,300,GLY,B,P94127,342,G,T,loop
883,301,B,K,C,301,LYS,B,P94127,343,K,T,loop
884,302,B,L,C,302,LEU,B,P94127,344,L,T,loop
885,303,B,S,C,303,SER,B,P94127,345,S,T,loop
886,304,B,P,C,304,PRO,B,P94127,346,P,T,loop
887,305,B,T,C,305,THR,B,P94127,347,T,T,loop
888,306,B,V,E,306,VAL,B,P94127,348,V,E,strand
889,307,B,T,E,307,THR,B,P94127,349,T,E,strand
890,308,B,V,E,308,VAL,B,P94127,350,V,E,strand
891,309,B,L,E,309,LEU,B,P94127,351,L,E,strand
892,310,B,D,E,310,ASP,B,P94127,352,D,E,strand
893,311,B,V,C,311,VAL,B,P94127,353,V,T,loop
894,312,B,T,C,312,THR,B,P94127,354,T,T,loop
895,313,B,K,C,313,LYS,B,P94127,355,K,H,helix
896,314,B,F,H,314,PHE,B,P94127,356,F,H,helix
897,315,B,D,H,315,ASP,B,P94127,357,D,H,helix
898,316,B,A,H,316,ALA,B,P94127,358,A,H,helix
899,317,B,L,H,317,LEU,B,P94127,359,L,H,helix
900,318,B,F,H,318,PHE,B,P94127,360,F,H,helix
901,319,B,Y,H,319,TYR,B,P94127,361,Y,H,helix
902,320,B,D,C,320,ASP,B,P94127,362,D,H,helix
903,321,B,N,C,321,ASN,B,P94127,363,N,T,loop
904,322,B,A,C,322,ALA,B,P94127,364,A,T,loop
905,323,B,E,C,323,GLU,B,P94127,365,E,H,helix
906,324,B,P,C,324,PRO,B,P94127,366,P,H,helix
907,325,B,R,C,325,ARG,B,P94127,367,R,H,helix
908,326,B,S,C,326,SER,B,P94127,368,S,H,helix
909,327,B,A,C,327,ALA,B,P94127,369,A,T,loop
910,328,B,V,E,328,VAL,B,P94127,370,V,E,strand
911,329,B,V,E,329,VAL,B,P94127,371,V,E,strand
912,330,B,A,E,330,ALA,B,P94127,372,A,E,strand
913,331,B,E,C,331,GLU,B,P94127,373,E,T,loop
914,332,B,P,C,332,PRO,B,P94127,374,P,T,loop
915,333,B,E,C,333,GLU,B,P94127,375,E,T,loop
916,334,B,L,C,334,LEU,B,P94127,376,L,T,loop
917,335,B,G,C,335,GLY,B,P94127,377,G,T,loop
918,336,B,L,C,336,LEU,B,P94127,378,L,T,loop
919,337,B,G,C,337,GLY,B,P94127,379,G,T,loop
920,338,B,P,E,338,PRO,B,P94127,380,P,E,strand
921,339,B,L,E,339,LEU,B,P94127,381,L,E,strand
922,340,B,H,E,340,HIS,B,P94127,382,H,E,strand
923,341,B,T,E,341,THR,B,P94127,383,T,E,strand
924,342,B,A,E,342,ALA,B,P94127,384,A,E,strand
925,343,B,F,E,343,PHE,B,P94127,385,F,E,strand
926,344,B,D,C,344,ASP,B,P94127,386,D,T,loop
927,345,B,G,C,345,GLY,B,P94127,387,G,T,loop
928,346,B,R,C,346,ARG,B,P94127,388,R,T,loop
929,347,B,G,C,347,GLY,B,P94127,389,G,T,loop
930,348,B,N,E,348,ASN,B,P94127,390,N,E,strand
931,349,B,A,E,349,ALA,B,P94127,391,A,E,strand
932,350,B,Y,E,350,TYR,B,P94127,392,Y,E,strand
933,351,B,T,E,351,THR,B,P94127,393,T,E,strand
934,352,B,S,E,352,SER,B,P94127,394,S,E,strand
935,353,B,L,E,353,LEU,B,P94127,395,L,E,strand
936,354,B,F,C,354,PHE,B,P94127,396,F,T,loop
937,355,B,L,C,355,LEU,B,P94127,397,L,T,loop
938,356,B,D,C,356,ASP,B,P94127,398,D,T,loop
939,357,B,S,C,357,SER,B,P94127,399,S,T,loop
940,358,B,Q,E,358,GLN,B,P94127,400,Q,E,strand
941,359,B,V,E,359,VAL,B,P94127,401,V,E,strand
942,360,B,V,E,360,VAL,B,P94127,402,V,E,strand
943,361,B,K,E,361,LYS,B,P94127,403,K,E,strand
944,362,B,W,E,362,TRP,B,P94127,404,W,E,strand
945,363,B,N,E,363,ASN,B,P94127,405,N,E,strand
946,364,B,I,H,364,ILE,B,P94127,406,I,H,helix
947,365,B,D,H,365,ASP,B,P94127,407,D,H,helix
948,366,B,E,H,366,GLU,B,P94127,408,E,H,helix
949,367,B,A,H,367,ALA,B,P94127,409,A,H,helix
950,368,B,I,H,368,ILE,B,P94127,410,I,H,helix
951,369,B,R,H,369,ARG,B,P94127,411,R,H,helix
952,370,B,A,H,370,ALA,B,P94127,412,A,H,helix
953,371,B,Y,H,371,TYR,B,P94127,413,Y,H,helix
954,372,B,A,H,372,ALA,B,P94127,414,A,H,helix
955,373,B,G,C,373,GLY,B,P94127,415,G,H,helix
956,374,B,E,C,374,GLU,B,P94127,416,E,T,loop
957,375,B,K,C,375,LYS,B,P94127,417,K,T,loop
958,376,B,I,C,376,ILE,B,P94127,418,I,T,loop
959,377,B,N,C,377,ASN,B,P94127,419,N,T,loop
960,378,B,P,C,378,PRO,B,P94127,420,P,T,loop
961,379,B,I,E,379,ILE,B,P94127,421,I,E,strand
962,380,B,K,E,380,LYS,B,P94127,422,K,E,strand
963,381,B,D,E,381,ASP,B,P94127,423,D,E,strand
964,382,B,K,E,382,LYS,B,P94127,424,K,E,strand
965,383,B,L,E,383,LEU,B,P94127,425,L,E,strand
966,384,B,D,E,384,ASP,B,P94127,426,D,E,strand
967,385,B,V,C,385,VAL,B,P94127,427,V,T,loop
968,386,B,Q,C,386,GLN,B,P94127,428,Q,T,loop
969,387,B,Y,C,387,TYR,B,P94127,429,Y,T,loop
970,388,B,Q,C,388,GLN,B,P94127,430,Q,T,loop
971,389,B,P,E,389,PRO,B,P94127,431,P,E,strand
972,390,B,G,E,390,GLY,B,P94127,432,G,E,strand
973,391,B,H,E,391,HIS,B,P94127,433,H,E,strand
974,392,B,L,E,392,LEU,B,P94127,434,L,E,strand
975,393,B,K,E,393,LYS,B,P94127,435,K,E,strand
976,394,B,T,E,394,THR,B,P94127,436,T,E,strand
977,395,B,V,C,395,VAL,B,P94127,437,V,T,loop
978,396,B,M,C,396,MET,B,P94127,438,M,T,loop
979,397,B,G,C,397,GLY,B,P94127,439,G,T,loop
980,398,B,E,C,398,GLU,B,P94127,440,E,T,loop
981,399,B,T,C,399,THR,B,P94127,441,T,T,loop
982,400,B,L,C,400,LEU,B,P94127,442,L,T,loop
983,401,B,D,C,401,ASP,B,P94127,443,D,T,loop
984,402,B,A,C,402,ALA,B,P94127,444,A,T,loop
985,403,B,A,C,403,ALA,B,P94127,445,A,T,loop
986,404,B,N,C,404,ASN,B,P94127,446,N,T,loop
987,405,B,D,C,405,ASP,B,P94127,447,D,T,loop
988,406,B,W,E,406,TRP,B,P94127,448,W,E,strand
989,407,B,L,E,407,LEU,B,P94127,449,L,E,strand
990,408,B,V,E,408,VAL,B,P94127,450,V,E,strand
991,409,B,C,E,409,CYS,B,P94127,451,C,E,strand
992,410,B,L,E,410,LEU,B,P94127,452,L,E,strand
993,411,B,C,E,411,CYS,B,P94127,453,C,E,strand
994,412,B,K,C,412,LYS,B,P94127,454,K,T,loop
995,413,B,F,C,413,PHE,B,P94127,455,F,T,loop
996,414,B,S,C,414,SER,B,P94127,456,S,H,helix
997,415,B,K,C,415,LYS,B,P94127,457,K,H,helix
998,416,B,D,C,416,ASP,B,P94127,458,D,H,helix
999,417,B,R,C,417,ARG,B,P94127,459,R,H,helix
1000,418,B,F,C,418,PHE,B,P94127,460,F,H,helix
1001,419,B,L,C,419,LEU,B,P94127,461,L,T,loop
1002,420,B,N,C,420,ASN,B,P94127,462,N,T,loop
1003,421,B,V,C,421,VAL,B,P94127,463,V,T,loop
1004,422,B,G,C,422,GLY,B,P94127,464,G,T,loop
1005,423,B,P,C,423,PRO,B,P94127,465,P,T,loop
1006,424,B,L,C,424,LEU,B,P94127,466,L,T,loop
1007,425,B,K,C,425,LYS,B,P94127,467,K,T,loop
1008,426,B,P,C,426,PRO,B,P94127,468,P,T,loop
1009,427,B,E,E,427,GLU,B,P94127,469,E,E,strand
1010,428,B,N,E,428,ASN,B,P94127,470,N,E,strand
1011,429,B,D,E,429,ASP,B,P94127,471,D,E,strand
1012,430,B,Q,E,430,GLN,B,P94127,472,Q,E,strand
1013,431,B,L,E,431,LEU,B,P94127,473,L,E,strand
1014,432,B,I,E,432,ILE,B,P94127,474,I,E,strand
1015,433,B,D,E,433,ASP,B,P94127,475,D,E,strand
1016,434,B,I,C,434,ILE,B,P94127,476,I,T,loop
1017,435,B,S,C,435,SER,B,P94127,477,S,T,loop
1018,436,B,G,C,436,GLY,B,P94127,478,G,T,loop
1019,437,B,D,C,437,ASP,B,P94127,479,D,T,loop
1020,438,B,K,C,438,LYS,B,P94127,480,K,T,loop
1021,439,B,M,C,439,MET,B,P94127,481,M,T,loop
1022,440,B,V,E,440,VAL,B,P94127,482,V,E,strand
1023,441,B,L,E,441,LEU,B,P94127,483,L,E,strand
1024,442,B,V,E,442,VAL,B,P94127,484,V,E,strand
1025,443,B,H,E,443,HIS,B,P94127,485,H,E,strand
1026,444,B,D,E,444,ASP,B,P94127,486,D,E,strand
1027,445,B,G,E,445,GLY,B,P94127,487,G,E,strand
1028,446,B,P,E,446,PRO,B,P94127,488,P,E,strand
1029,447,B,T,E,447,THR,B,P94127,489,T,E,strand
1030,448,B,F,C,448,PHE,B,P94127,490,F,T,loop
1031,449,B,A,C,449,ALA,B,P94127,491,A,T,loop
1032,450,B,E,C,450,GLU,B,P94127,492,E,T,loop
1033,451,B,P,C,451,PRO,B,P94127,493,P,T,loop
1034,452,B,H,C,452,HIS,B,P94127,494,H,T,loop
1035,453,B,D,C,453,ASP,B,P94127,495,D,T,loop
1036,454,B,A,E,454,ALA,B,P94127,496,A,E,strand
1037,455,B,I,E,455,ILE,B,P94127,497,I,E,strand
1038,456,B,A,E,456,ALA,B,P94127,498,A,E,strand
1039,457,B,V,E,457,VAL,B,P94127,499,V,E,strand
1040,458,B,S,C,458,SER,B,P94127,500,S,H,helix
1041,459,B,P,C,459,PRO,B,P94127,501,P,H,helix
1042,460,B,S,C,460,SER,B,P94127,502,S,H,helix
1043,461,B,I,C,461,ILE,B,P94127,503,I,H,helix
1044,462,B,L,C,462,LEU,B,P94127,504,L,H,helix
1045,463,B,P,C,463,PRO,B,P94127,505,P,T,loop
1046,464,B,N,C,464,ASN,B,P94127,506,N,T,loop
1047,465,B,I,C,465,ILE,B,P94127,507,I,T,loop
1048,466,B,R,C,466,ARG,B,P94127,508,R,T,loop
1049,467,B,S,C,467,SER,B,P94127,509,S,T,loop
1050,468,B,V,C,468,VAL,B,P94127,510,V,T,loop
1051,469,B,W,C,469,TRP,B,P94127,511,W,T,loop
1052,470,B,D,C,470,ASP,B,P94127,512,D,T,loop
1053,471,B,R,C,471,ARG,B,P94127,513,R,T,loop
1054,472,B,N,C,472,ASN,B,P94127,514,K,T,loop
1055,473,B,D,C,473,ASP,B,P94127,515,D,H,helix
1056,474,B,P,C,474,PRO,B,P94127,516,P,H,helix
1057,475,B,L,C,475,LEU,B,P94127,517,L,H,helix
1058,476,B,W,C,476,TRP,B,P94127,518,W,H,helix
1059,477,B,A,H,477,ALA,B,P94127,519,A,H,helix
1060,478,B,E,H,478,GLU,B,P94127,520,E,H,helix
1061,479,B,T,H,479,THR,B,P94127,521,T,H,helix
1062,480,B,R,H,480,ARG,B,P94127,522,R,H,helix
1063,481,B,K,H,481,LYS,B,P94127,523,K,H,helix
1064,482,B,Q,H,482,GLN,B,P94127,524,Q,H,helix
1065,483,B,A,H,483,ALA,B,P94127,525,A,H,helix
1066,484,B,E,H,484,GLU,B,P94127,526,E,H,helix
1067,485,B,A,H,485,ALA,B,P94127,527,A,H,helix
1068,486,B,D,C,486,ASP,B,P94127,528,D,H,helix
1069,487,B,E,C,487,GLU,B,P94127,529,E,T,loop
1070,488,B,V,C,488,VAL,B,P94127,530,V,T,loop
1071,489,B,D,C,489,ASP,B,P94127,531,D,T,loop
1072,490,B,I,C,490,ILE,B,P94127,532,I,T,loop
1073,491,B,D,C,491,ASP,B,P94127,533,D,T,loop
1074,492,B,E,C,492,GLU,B,P94127,534,E,T,loop
1075,493,B,W,C,493,TRP,B,P94127,535,W,T,loop
1076,494,B,T,C,494,THR,B,P94127,536,T,T,loop
1077,495,B,E,C,495,GLU,B,P94127,537,E,T,loop
1078,496,B,A,C,496,ALA,B,P94127,538,A,T,loop
1079,497,B,V,E,497,VAL,B,P94127,539,V,E,strand
1080,498,B,I,E,498,ILE,B,P94127,540,I,E,strand
1081,499,B,R,E,499,ARG,B,P94127,541,R,E,strand
1082,500,B,D,E,500,ASP,B,P94127,542,D,E,strand
1083,501,B,G,C,501,GLY,B,P94127,543,G,T,loop
1084,502,B,N,C,502,ASN,B,P94127,544,N,T,loop
1085,503,B,K,E,503,LYS,B,P94127,545,K,E,strand
1086,504,B,V,E,504,VAL,B,P94127,546,V,E,strand
1087,505,B,R,E,505,ARG,B,P94127,547,R,E,strand
1088,506,B,V,E,506,VAL,B,P94127,548,V,E,strand
1089,507,B,Y,E,507,TYR,B,P94127,549,Y,E,strand
1090,508,B,M,E,508,MET,B,P94127,550,M,E,strand
1091,509,B,T,E,509,THR,B,P94127,551,T,E,strand
1092,510,B,S,E,510,SER,B,P94127,552,S,E,strand
1093,511,B,V,E,511,VAL,B,P94127,553,V,E,strand
1094,512,B,A,C,512,ALA,B,P94127,554,A,T,loop
1095,513,B,P,C,513,PRO,B,P94127,555,P,T,loop
1096,514,B,S,E,514,SER,B,P94127,556,S,E,strand
1097,515,B,F,E,515,PHE,B,P94127,557,F,E,strand
1098,516,B,S,C,516,SER,B,P94127,558,S,T,loop
1099,517,B,Q,C,517,GLN,B,P94127,559,Q,T,loop
1100,518,B,P,C,518,PRO,B,P94127,560,P,T,loop
1101,519,B,S,E,519,SER,B,P94127,561,S,E,strand
1102,520,B,F,E,520,PHE,B,P94127,562,F,E,strand
1103,521,B,T,E,521,THR,B,P94127,563,T,E,strand
1104,522,B,V,E,522,VAL,B,P94127,564,V,E,strand
1105,523,B,K,E,523,LYS,B,P94127,565,K,E,strand
1106,524,B,E,C,524,GLU,B,P94127,566,E,T,loop
1107,525,B,G,C,525,GLY,B,P94127,567,G,T,loop
1108,526,B,D,C,526,ASP,B,P94127,568,D,T,loop
1109,527,B,E,E,527,GLU,B,P94127,569,E,E,strand
1110,528,B,V,E,528,VAL,B,P94127,570,V,E,strand
1111,529,B,T,E,529,THR,B,P94127,571,T,E,strand
1112,530,B,V,E,530,VAL,B,P94127,572,V,E,strand
1113,531,B,I,E,531,ILE,B,P94127,573,I,E,strand
1114,532,B,V,E,532,VAL,B,P94127,574,V,E,strand
1115,533,B,T,E,533,THR,B,P94127,575,T,E,strand
1116,534,B,N,E,534,ASN,B,P94127,576,N,E,strand
1117,535,B,L,C,535,LEU,B,P94127,577,L,T,loop
1118,536,B,D,C,536,ASP,B,P94127,578,D,T,loop
1119,537,B,E,C,537,GLU,B,P94127,579,E,T,loop
1120,538,B,I,C,538,ILE,B,P94127,580,I,T,loop
1121,539,B,D,C,539,ASP,B,P94127,581,D,T,loop
1122,540,B,D,C,540,ASP,B,P94127,582,D,T,loop
1123,541,B,L,C,541,LEU,B,P94127,583,L,T,loop
1124,542,B,T,C,542,THR,B,P94127,584,T,T,loop
1125,543,B,H,E,543,HIS,B,P94127,585,H,E,strand
1126,544,B,G,E,544,GLY,B,P94127,586,G,E,strand
1127,545,B,F,E,545,PHE,B,P94127,587,F,E,strand
1128,546,B,T,E,546,THR,B,P94127,588,T,E,strand
1129,547,B,M,E,547,MET,B,P94127,589,M,E,strand
1130,548,B,G,C,548,GLY,B,P94127,590,G,T,loop
1131,549,B,N,C,549,ASN,B,P94127,591,N,T,loop
1132,550,B,H,C,550,HIS,B,P94127,592,H,T,loop
1133,551,B,G,C,551,GLY,B,P94127,593,G,T,loop
1134,552,B,V,E,552,VAL,B,P94127,594,V,E,strand
1135,553,B,A,E,553,ALA,B,P94127,595,A,E,strand
1136,554,B,M,E,554,MET,B,P94127,596,M,E,strand
1137,555,B,E,E,555,GLU,B,P94127,597,E,E,strand
1138,556,B,V,E,556,VAL,B,P94127,598,V,E,strand
1139,557,B,G,C,557,GLY,B,P94127,599,G,T,loop
1140,558,B,P,C,558,PRO,B,P94127,600,P,T,loop
1141,559,B,Q,C,559,GLN,B,P94127,601,Q,T,loop
1142,560,B,Q,C,560,GLN,B,P94127,602,Q,T,loop
1143,561,B,T,E,561,THR,B,P94127,603,T,E,strand
1144,562,B,S,E,562,SER,B,P94127,604,S,E,strand
1145,563,B,S,E,563,SER,B,P94127,605,S,E,strand
1146,564,B,V,E,564,VAL,B,P94127,606,V,E,strand
1147,565,B,T,E,565,THR,B,P94127,607,T,E,strand
1148,566,B,F,E,566,PHE,B,P94127,608,F,E,strand
1149,567,B,V,E,567,VAL,B,P94127,609,V,E,strand
1150,568,B,A,C,568,ALA,B,P94127,610,A,T,loop
1151,569,B,A,C,569,ALA,B,P94127,611,A,T,loop
1152,570,B,N,C,570,ASN,B,P94127,612,N,T,loop
1153,571,B,P,C,571,PRO,B,P94127,613,P,T,loop
1154,572,B,G,E,572,GLY,B,P94127,614,G,E,strand
1155,573,B,V,E,573,VAL,B,P94127,615,V,E,strand
1156,574,B,Y,E,574,TYR,B,P94127,616,Y,E,strand
1157,575,B,W,E,575,TRP,B,P94127,617,W,E,strand
1158,576,B,Y,E,576,TYR,B,P94127,618,Y,E,strand
1159,577,B,Y,E,577,TYR,B,P94127,619,Y,E,strand
1160,578,B,C,C,578,CYS,B,P94127,620,C,T,loop
1161,579,B,Q,C,579,GLN,B,P94127,621,Q,T,loop
1162,580,B,W,C,580,TRP,B,P94127,622,W,T,loop
1163,581,B,F,C,581,PHE,B,P94127,623,F,T,loop
1164,582,B,C,C,582,CYS,B,P94127,624,C,T,loop
1165,583,B,H,C,583,HIS,B,P94127,625,H,T,loop
1166,584,B,A,C,584,ALA,B,P94127,626,A,T,loop
1167,585,B,L,C,585,LEU,B,P94127,627,L,H,helix
1168,586,B,H,C,586,HIS,B,P94127,628,H,H,helix
1169,587,B,M,C,587,MET,B,P94127,629,M,H,helix
1170,588,B,E,C,588,GLU,B,P94127,630,E,H,helix
1171,589,B,M,C,589,MET,B,P94127,631,M,T,loop
1172,590,B,R,E,590,ARG,B,P94127,632,R,E,strand
1173,591,B,G,E,591,GLY,B,P94127,633,G,E,strand
1174,592,B,R,E,592,ARG,B,P94127,634,R,E,strand
1175,593,B,M,E,593,MET,B,P94127,635,M,E,strand
1176,594,B,F,E,594,PHE,B,P94127,636,F,E,strand
1177,595,B,V,E,595,VAL,B,P94127,637,V,E,strand
1178,596,B,E,E,596,GLU,B,P94127,638,E,E,strand
1179,597,B,P,C,597,PRO,B,P94127,639,P,T,loop
1180,,,,,,,,,,,,
1181,,,,,,,,,,,,
1182,,,,,,,,,,,,
1183,,,,,,,,,,,,
1184,,,,,,,,,,,,
1185,,,,,,,,,,,,
1186,,,,,,,,,,,,
1187,,,,,,,,,,,,
1188,,,,,,,,,,,,
1189,,,,,,,,,,,,
1190,,,,,,,,,,,,
1191,,,,,,,,,,,,
1192,,,,,,,,,,,,
1193,,,,,,,,,,,,
1194,,,,,,,,,,,,
1195,,,,,,,,,,,,
1196,,,,,,,,,,,,
1197,,,,,,,,,,,,
1198,,,,,,,,,,,,
1199,,,,,,,,,,,,
1200,,,,,,,,,,,,
1201,,,,,,,,,,,,
1202,,,,,,,,,,,,
1203,,,,,,,,,,,,
1204,,,,,,,,,,,,
1205,,,,,,,,,,,,
1206,,,,,,,,,,,,
1207,,,,,,,,,,,,
1208,,,,,,,,,,,,
1209,,,,,,,,,,,,
1210,,,,,,,,,,,,
1211,,,,,,,,,,,,
1212,,,,,,,,,,,,
1213,,,,,,,,,,,,
1214,,,,,,,,,,,,
1215,,,,,,,,,,,,
1216,,,,,,,,,,,,
1217,,,,,,,,,,,,
1218,,,,,,,,,,,,
1219,,,,,,,,,,,,
1220,,,,,,,,,,,,
1221,,,,,,,,,,,,
1222,,,,,,,,,,,,
1223,,,,,,,,,,,,
1224,,,,,,,,,,,,
1225,,,,,,,,,,,,
1226,,,,,,,,,,,,
1227,,,,,,,,,,,,
1228,,,,,,,,,,,,
1229,,,,,,,,,,,,
1230,,,,,,,,,,,,
1231,,,,,,,,,,,,
1232,,,,,,,,,,,,
1233,,,,,,,,,,,,
1234,,,,,,,,,,,,
1235,,,,,,,,,,,,
1236,,,,,,,,,,,,
1237,,,,,,,,,,,,
1238,,,,,,,,,,,,
1239,,,,,,,,,,,,
1240,,,,,,,,,,,,
1241,,,,,,,,,,,,
1242,,,,,,,,,,,,
1243,,,,,,,,,,,,
1244,,,,,,,,,,,,
1245,,,,,,,,,,,,
1246,,,,,,,,,,,,
1247,,,,,,,,,,,,
1248,,,,,,,,,,,,
1249,,,,,,,,,,,,
1250,,,,,,,,,,,,
1251,,,,,,,,,,,,
1252,,,,,,,,,,,,
1253,,,,,,,,,,,,
1254,,,,,,,,,,,,
1255,,,,,,,,,,,,
1256,,,,,,,,,,,,
1257,,,,,,,,,,,,
1258,,,,,,,,,,,,
1259,,,,,,,,,,,,
1260,,,,,,,,,,,,
1261,,,,,,,,,,,,
1262,,,,,,,,,,,,
1263,,,,,,,,,,,,
1264,,,,,,,,,,,,
1265,,,,,,,,,,,,
1266,,,,,,,,,,,,
1267,,,,,,,,,,,,
1268,,,,,,,,,,,,
