,Unnamed: 0,Unnamed: 0.1,RES,CHAIN,AA,SS_CLASS,PDB_dbResNum,PDB_dbResName,PDB_dbChainId,UniProt_dbAccessionId,UniProt_dbResNum,UniProt_dbResName,PDB_codeSecondaryStructure,PDB_nameSecondaryStructure,shifted Uni,AF_predictions
0,3333,3333,1.0,H,M,C,1.0,MET,J,P22139,1.0,M,T,loop,M,C
1,3334,3334,2.0,H,I,C,2.0,ILE,J,P22139,2.0,I,T,loop,S,C
2,3335,3335,3.0,H,V,C,3.0,VAL,J,P22139,3.0,V,T,loop,D,C
3,3336,3336,4.0,H,P,C,4.0,PRO,J,P22139,4.0,P,T,loop,Y,C
4,3337,3337,5.0,H,V,C,5.0,VAL,J,P22139,5.0,V,T,loop,E,C
5,3338,3338,6.0,H,R,C,6.0,ARG,J,P22139,6.0,R,T,loop,E,C
6,3339,3339,7.0,H,C,C,7.0,CYS,J,P22139,7.0,C,T,loop,A,C
7,3340,3340,8.0,H,F,C,8.0,PHE,J,P22139,8.0,F,T,loop,F,C
8,3341,3341,9.0,H,S,C,9.0,SER,J,P22139,9.0,S,T,loop,N,C
9,3342,3342,10.0,H,C,C,10.0,CYS,J,P22139,10.0,C,T,loop,D,C
10,3343,3343,11.0,H,G,C,11.0,GLY,J,P22139,11.0,G,T,loop,G,C
11,3344,3344,12.0,H,K,C,12.0,LYS,J,P22139,12.0,K,T,loop,N,C
12,3345,3345,13.0,H,V,C,13.0,VAL,J,P22139,13.0,V,T,loop,E,C
13,3346,3346,14.0,H,V,C,14.0,VAL,J,P22139,14.0,V,T,loop,N,C
14,3347,3347,15.0,H,G,C,15.0,GLY,J,P22139,15.0,G,T,loop,F,C
15,3348,3348,16.0,H,D,C,16.0,ASP,J,P22139,16.0,D,T,loop,E,C
16,3349,3349,17.0,H,K,C,17.0,LYS,J,P22139,17.0,K,H,helix,D,C
17,3350,3350,18.0,H,W,H,18.0,TRP,J,P22139,18.0,W,H,helix,F,C
18,3351,3351,19.0,H,E,H,19.0,GLU,J,P22139,19.0,E,H,helix,D,C
19,3352,3352,20.0,H,S,H,20.0,SER,J,P22139,20.0,S,H,helix,V,C
20,3353,3353,21.0,H,Y,H,21.0,TYR,J,P22139,21.0,Y,H,helix,E,C
21,3354,3354,22.0,H,L,H,22.0,LEU,J,P22139,22.0,L,H,helix,H,C
22,3355,3355,23.0,H,N,H,23.0,ASN,J,P22139,23.0,N,H,helix,F,C
23,3356,3356,24.0,H,L,H,24.0,LEU,J,P22139,24.0,L,H,helix,S,C
24,3357,3357,25.0,H,L,H,25.0,LEU,J,P22139,25.0,L,H,helix,D,C
25,3358,3358,26.0,H,Q,H,26.0,GLN,J,P22139,26.0,Q,H,helix,E,C
26,3359,3359,27.0,H,E,C,27.0,GLU,J,P22139,27.0,E,H,helix,E,C
27,3360,3360,28.0,H,D,C,28.0,ASP,J,P22139,28.0,D,T,loop,T,C
28,3361,3361,29.0,H,E,C,29.0,GLU,J,P22139,29.0,E,T,loop,Y,C
29,3362,3362,30.0,H,L,C,30.0,LEU,J,P22139,30.0,L,T,loop,E,C
30,3363,3363,31.0,H,D,C,31.0,ASP,J,P22139,31.0,D,H,helix,E,C
31,3364,3364,32.0,H,E,H,32.0,GLU,J,P22139,32.0,E,H,helix,K,C
32,3365,3365,33.0,H,G,H,33.0,GLY,J,P22139,33.0,G,H,helix,P,C
33,3366,3366,34.0,H,T,H,34.0,THR,J,P22139,34.0,T,H,helix,Q,C
34,3367,3367,35.0,H,A,H,35.0,ALA,J,P22139,35.0,A,H,helix,F,C
35,3368,3368,36.0,H,L,H,36.0,LEU,J,P22139,36.0,L,H,helix,K,C
36,3369,3369,37.0,H,S,H,37.0,SER,J,P22139,37.0,S,H,helix,D,C
37,3370,3370,38.0,H,R,H,38.0,ARG,J,P22139,38.0,R,H,helix,G,E
38,3371,3371,39.0,H,L,C,39.0,LEU,J,P22139,39.0,L,H,helix,E,E
39,3372,3372,40.0,H,G,C,40.0,GLY,J,P22139,40.0,G,T,loop,T,E
40,3373,3373,41.0,H,L,C,41.0,LEU,J,P22139,41.0,L,T,loop,T,E
41,3374,3374,42.0,H,K,C,42.0,LYS,J,P22139,42.0,K,T,loop,D,C
42,3375,3375,43.0,H,R,C,43.0,ARG,J,P22139,43.0,R,H,helix,A,C
43,3376,3376,44.0,H,Y,H,44.0,TYR,J,P22139,44.0,Y,H,helix,N,C
44,3377,3377,45.0,H,C,H,45.0,CYS,J,P22139,45.0,C,H,helix,G,C
45,3378,3378,46.0,H,C,H,46.0,CYS,J,P22139,46.0,C,H,helix,K,C
46,3379,3379,47.0,H,R,H,47.0,ARG,J,P22139,47.0,R,H,helix,T,E
47,3380,3380,48.0,H,R,H,48.0,ARG,J,P22139,48.0,R,H,helix,I,E
48,3381,3381,49.0,H,M,H,49.0,MET,J,P22139,49.0,M,H,helix,V,E
49,3382,3382,50.0,H,I,H,50.0,ILE,J,P22139,50.0,I,H,helix,T,E
50,3383,3383,51.0,H,L,H,51.0,LEU,J,P22139,51.0,L,H,helix,G,C
51,3384,3384,52.0,H,T,C,52.0,THR,J,P22139,52.0,T,H,helix,G,C
52,3385,3385,53.0,H,H,C,53.0,HIS,J,P22139,53.0,H,T,loop,N,C
53,3386,3386,54.0,H,V,C,54.0,VAL,J,P22139,54.0,V,T,loop,G,C
54,3387,3387,55.0,H,D,C,55.0,ASP,J,P22139,55.0,D,T,loop,P,H
55,3388,3388,56.0,H,L,C,56.0,LEU,J,P22139,56.0,L,H,helix,E,H
56,3389,3389,57.0,H,I,H,57.0,ILE,J,P22139,57.0,I,H,helix,D,H
57,3390,3390,58.0,H,E,H,58.0,GLU,J,P22139,58.0,E,H,helix,F,H
58,3391,3391,59.0,H,K,H,59.0,LYS,J,P22139,59.0,K,H,helix,Q,H
59,3392,3392,60.0,H,F,H,60.0,PHE,J,P22139,60.0,F,H,helix,Q,H
60,3393,3393,61.0,H,L,H,61.0,LEU,J,P22139,61.0,L,H,helix,H,H
61,3394,3394,62.0,H,R,C,62.0,ARG,J,P22139,62.0,R,H,helix,E,H
62,3395,3395,63.0,H,Y,C,63.0,TYR,J,P22139,63.0,Y,T,loop,Q,H
63,3396,3396,64.0,H,N,C,64.0,ASN,J,P22139,64.0,N,T,loop,I,H
64,3397,3397,65.0,H,P,C,65.0,PRO,J,P22139,65.0,P,T,loop,R,C
