,Unnamed: 0.4,Unnamed: 0.3,Unnamed: 0.2,Unnamed: 0.1,Unnamed: 0,RES,CHAIN,AA,SS_CLASS,PDB_dbResNum,PDB_dbResName,PDB_dbChainId,UniProt_dbAccessionId,UniProt_dbResNum,UniProt_dbResName,shifted Uni,AF_predictions,Jpred_seq,Jpred_SS_pred
0,0,0,0,4,4,1.0,A,X,H,1.0,MSE,A,Q7JVK6,1.0,M,M,C,S,C
1,1,1,1,5,5,2.0,A,S,H,2.0,SER,A,Q7JVK6,2.0,S,P,C,Q,C
2,2,2,2,6,6,3.0,A,N,H,3.0,ASN,A,Q7JVK6,3.0,N,K,C,D,C
3,3,3,3,7,7,4.0,A,F,H,4.0,PHE,A,Q7JVK6,4.0,F,N,C,P,C
4,4,4,4,8,8,5.0,A,V,C,5.0,VAL,A,Q7JVK6,5.0,V,G,C,M,H
5,5,5,5,9,9,6.0,A,N,C,6.0,ASN,A,Q7JVK6,6.0,N,G,C,S,H
6,6,6,6,10,10,7.0,A,L,H,7.0,LEU,A,Q7JVK6,7.0,L,A,C,N,H
7,7,7,7,11,11,8.0,A,D,H,8.0,ASP,A,Q7JVK6,8.0,D,G,C,F,H
8,8,8,8,12,12,9.0,A,I,H,9.0,ILE,A,Q7JVK6,9.0,I,H,C,V,C
9,9,9,9,13,13,10.0,A,F,H,10.0,PHE,A,Q7JVK6,10.0,F,R,C,N,C
10,10,10,10,14,14,11.0,A,S,H,11.0,SER,A,Q7JVK6,11.0,S,N,C,L,H
11,11,11,11,15,15,12.0,A,N,H,12.0,ASN,A,Q7JVK6,12.0,N,T,C,D,H
12,12,12,12,16,16,13.0,A,Y,H,13.0,TYR,A,Q7JVK6,13.0,Y,A,C,I,H
13,13,13,13,17,17,14.0,A,Q,H,14.0,GLN,A,Q7JVK6,14.0,Q,P,C,F,H
14,14,14,14,18,18,15.0,A,K,H,15.0,LYS,A,Q7JVK6,15.0,K,R,C,S,H
15,15,15,15,19,19,16.0,A,Y,H,16.0,TYR,A,Q7JVK6,16.0,Y,K,C,N,H
16,16,16,16,20,20,17.0,A,I,H,17.0,ILE,A,Q7JVK6,17.0,I,R,C,Y,H
17,17,17,17,21,21,18.0,A,D,H,18.0,ASP,A,Q7JVK6,18.0,D,Q,C,Q,H
18,18,18,18,22,22,19.0,A,N,H,19.0,ASN,A,Q7JVK6,19.0,N,I,C,K,H
19,19,19,19,23,23,20.0,A,E,H,20.0,GLU,A,Q7JVK6,20.0,E,P,C,Y,H
20,20,20,20,24,24,21.0,A,Q,H,21.0,GLN,A,Q7JVK6,21.0,Q,A,C,I,H
21,21,21,21,25,25,22.0,A,E,H,22.0,GLU,A,Q7JVK6,22.0,E,A,C,D,H
22,22,22,22,26,26,23.0,A,V,H,23.0,VAL,A,Q7JVK6,23.0,V,Q,C,N,H
23,23,23,23,27,27,24.0,A,R,H,24.0,ARG,A,Q7JVK6,24.0,R,L,C,E,H
24,24,24,24,28,28,25.0,A,E,H,25.0,GLU,A,Q7JVK6,25.0,E,D,C,Q,H
25,25,25,25,29,29,26.0,A,N,H,26.0,ASN,A,Q7JVK6,26.0,N,E,C,E,H
26,26,26,26,30,30,27.0,A,I,H,27.0,ILE,A,Q7JVK6,27.0,I,D,C,V,H
27,27,27,27,31,31,28.0,A,R,H,28.0,ARG,A,Q7JVK6,28.0,R,S,C,R,H
28,28,28,28,32,32,29.0,A,I,H,29.0,ILE,A,Q7JVK6,29.0,I,P,H,E,H
29,29,29,29,33,33,30.0,A,V,H,30.0,VAL,A,Q7JVK6,30.0,V,I,H,N,H
30,30,30,30,34,34,31.0,A,V,H,31.0,VAL,A,Q7JVK6,31.0,V,V,H,I,H
31,31,31,31,35,35,32.0,A,R,H,32.0,ARG,A,Q7JVK6,32.0,R,Q,H,R,H
32,32,32,32,36,36,33.0,A,E,H,33.0,GLU,A,Q7JVK6,33.0,E,Q,H,I,H
33,33,33,33,37,37,34.0,A,I,H,34.0,ILE,A,Q7JVK6,34.0,I,F,H,V,H
34,34,34,34,38,38,35.0,A,E,H,35.0,GLU,A,Q7JVK6,35.0,E,R,H,V,H
35,35,35,35,39,39,36.0,A,H,H,36.0,HIS,A,Q7JVK6,36.0,H,I,H,R,H
36,36,36,36,40,40,37.0,A,L,H,37.0,LEU,A,Q7JVK6,37.0,L,Y,H,E,H
37,37,37,37,41,41,38.0,A,S,H,38.0,SER,A,Q7JVK6,38.0,S,S,H,I,H
38,38,38,38,42,42,39.0,A,K,H,39.0,LYS,A,Q7JVK6,39.0,K,N,H,E,H
39,39,39,39,43,43,40.0,A,E,H,40.0,GLU,A,Q7JVK6,40.0,E,E,H,H,H
40,40,40,40,44,44,41.0,A,A,H,41.0,ALA,A,Q7JVK6,41.0,A,L,H,L,H
41,41,41,41,45,45,42.0,A,Q,H,42.0,GLN,A,Q7JVK6,42.0,Q,I,H,S,H
42,42,42,42,46,46,43.0,A,I,H,43.0,ILE,A,Q7JVK6,43.0,I,M,H,K,H
43,43,43,43,47,47,44.0,A,K,H,44.0,LYS,A,Q7JVK6,44.0,K,K,H,E,H
44,44,44,44,48,48,45.0,A,L,H,45.0,LEU,A,Q7JVK6,45.0,L,H,H,A,H
45,45,45,45,49,49,46.0,A,Q,C,46.0,GLN,A,Q7JVK6,46.0,Q,D,H,Q,H
46,46,46,46,50,50,47.0,A,I,C,47.0,ILE,A,Q7JVK6,47.0,I,R,H,I,H
47,47,47,47,51,51,48.0,A,I,C,48.0,ILE,A,Q7JVK6,48.0,I,H,H,K,H
48,48,48,48,52,52,49.0,A,H,C,49.0,HIS,A,Q7JVK6,49.0,H,E,H,L,H
49,49,49,49,53,53,50.0,A,S,C,50.0,SER,A,Q7JVK6,50.0,S,R,H,Q,C
50,50,50,50,54,54,51.0,A,D,C,51.0,ASP,A,Q7JVK6,51.0,D,I,H,I,C
51,51,51,51,55,55,52.0,A,L,C,52.0,LEU,A,Q7JVK6,52.0,L,V,H,I,C
52,52,52,52,56,56,53.0,A,S,C,53.0,SER,A,Q7JVK6,53.0,S,K,H,H,C
53,53,53,53,57,57,54.0,A,Q,C,54.0,GLN,A,Q7JVK6,54.0,Q,L,H,S,C
54,54,54,54,58,58,55.0,A,I,H,55.0,ILE,A,Q7JVK6,55.0,I,S,H,D,C
55,55,55,55,59,59,56.0,A,S,H,56.0,SER,A,Q7JVK6,56.0,S,R,H,L,C
56,56,56,56,60,60,57.0,A,A,H,57.0,ALA,A,Q7JVK6,57.0,A,D,H,S,C
57,57,57,57,61,61,58.0,A,A,H,58.0,ALA,A,Q7JVK6,58.0,A,I,H,Q,C
58,58,58,58,62,62,59.0,A,C,H,59.0,CYS,A,Q7JVK6,59.0,C,T,H,I,H
59,59,59,59,63,63,60.0,A,G,H,60.0,GLY,A,Q7JVK6,60.0,G,I,H,S,H
60,60,60,60,64,64,61.0,A,L,H,61.0,LEU,A,Q7JVK6,61.0,L,E,H,A,H
61,61,61,61,65,65,62.0,A,A,H,62.0,ALA,A,Q7JVK6,62.0,A,S,H,A,H
62,62,62,62,66,66,63.0,A,R,H,63.0,ARG,A,Q7JVK6,63.0,R,K,H,C,H
63,63,63,63,67,67,64.0,A,K,H,64.0,LYS,A,Q7JVK6,64.0,K,R,H,G,H
64,64,64,64,68,68,65.0,A,Q,H,65.0,GLN,A,Q7JVK6,65.0,Q,I,H,L,H
65,65,65,65,69,69,66.0,A,V,H,66.0,VAL,A,Q7JVK6,66.0,V,I,H,A,H
66,66,66,66,70,70,67.0,A,E,H,67.0,GLU,A,Q7JVK6,67.0,E,F,H,R,H
67,67,67,67,71,71,68.0,A,L,H,68.0,LEU,A,Q7JVK6,68.0,L,L,H,K,H
68,68,68,68,72,72,69.0,A,C,H,69.0,CYS,A,Q7JVK6,69.0,C,L,H,Q,H
69,69,69,69,73,73,70.0,A,A,H,70.0,ALA,A,Q7JVK6,70.0,A,H,C,V,H
70,70,70,70,74,74,71.0,A,Q,H,71.0,GLN,A,Q7JVK6,71.0,Q,S,C,E,H
71,71,71,71,75,75,72.0,A,K,H,72.0,LYS,A,Q7JVK6,72.0,K,I,C,L,H
72,72,72,72,76,76,73.0,A,Y,H,73.0,TYR,A,Q7JVK6,73.0,Y,D,C,C,H
73,73,73,73,77,77,74.0,A,Q,H,74.0,GLN,A,Q7JVK6,74.0,Q,S,C,A,H
74,74,74,74,78,78,75.0,A,K,H,75.0,LYS,A,Q7JVK6,75.0,K,R,C,Q,H
75,75,75,75,79,79,76.0,A,L,H,76.0,LEU,A,Q7JVK6,76.0,L,K,C,K,H
76,76,76,76,80,80,77.0,A,A,H,77.0,ALA,A,Q7JVK6,77.0,A,Q,C,Y,H
77,77,77,77,81,81,78.0,A,E,H,78.0,GLU,A,Q7JVK6,78.0,E,N,C,Q,H
78,78,78,78,82,82,79.0,A,L,H,79.0,LEU,A,Q7JVK6,79.0,L,K,H,K,H
79,79,79,79,83,83,80.0,A,V,C,80.0,VAL,A,Q7JVK6,80.0,V,E,H,L,H
80,80,80,80,84,84,81.0,A,P,C,81.0,PRO,A,Q7JVK6,81.0,P,K,H,A,H
81,81,81,81,85,85,82.0,A,A,C,82.0,ALA,A,Q7JVK6,82.0,A,V,H,E,H
82,82,82,82,86,86,83.0,A,G,C,83.0,GLY,A,Q7JVK6,83.0,G,L,H,L,H
83,83,83,83,87,87,84.0,A,Q,C,84.0,GLN,A,Q7JVK6,84.0,Q,E,H,V,C
84,84,84,84,88,88,85.0,A,Y,H,85.0,TYR,A,Q7JVK6,85.0,Y,E,H,P,C
85,85,85,85,89,89,86.0,A,Y,H,86.0,TYR,A,Q7JVK6,86.0,Y,A,H,A,C
86,86,86,86,90,90,87.0,A,R,H,87.0,ARG,A,Q7JVK6,87.0,R,R,H,G,C
87,87,87,87,91,91,88.0,A,Y,H,88.0,TYR,A,Q7JVK6,88.0,Y,Q,H,Q,C
88,88,88,88,92,92,89.0,A,S,C,89.0,SER,A,Q7JVK6,89.0,S,R,H,Y,H
89,89,89,89,93,93,90.0,A,D,C,90.0,ASP,A,Q7JVK6,90.0,D,L,H,Y,H
90,90,90,90,94,94,91.0,A,H,C,91.0,HIS,A,Q7JVK6,91.0,H,N,H,R,H
91,91,91,91,95,95,92.0,A,W,C,92.0,TRP,A,Q7JVK6,92.0,W,K,H,Y,H
92,92,92,92,96,96,93.0,A,T,H,93.0,THR,A,Q7JVK6,93.0,T,L,C,S,C
93,93,93,93,97,97,94.0,A,F,H,94.0,PHE,A,Q7JVK6,94.0,F,I,C,D,C
94,94,94,94,98,98,95.0,A,I,H,95.0,ILE,A,Q7JVK6,95.0,I,A,C,H,C
95,95,95,95,99,99,96.0,A,T,H,96.0,THR,A,Q7JVK6,96.0,T,V,C,W,C
96,96,96,96,100,100,97.0,A,Q,H,97.0,GLN,A,Q7JVK6,97.0,Q,N,C,T,H
97,97,97,97,101,101,98.0,A,R,H,98.0,ARG,A,Q7JVK6,98.0,R,F,C,F,H
98,98,98,98,102,102,99.0,A,L,H,99.0,LEU,A,Q7JVK6,99.0,L,R,H,I,H
99,99,99,99,103,103,100.0,A,I,H,100.0,ILE,A,Q7JVK6,100.0,I,A,H,T,H
100,100,100,100,104,104,101.0,A,F,H,101.0,PHE,A,Q7JVK6,101.0,F,V,H,Q,H
101,101,101,101,105,105,102.0,A,I,H,102.0,ILE,A,Q7JVK6,102.0,I,A,H,R,H
102,102,102,102,106,106,103.0,A,I,H,103.0,ILE,A,Q7JVK6,103.0,I,L,H,L,H
103,103,103,103,107,107,104.0,A,A,H,104.0,ALA,A,Q7JVK6,104.0,A,E,H,I,H
104,104,104,104,108,108,105.0,A,L,H,105.0,LEU,A,Q7JVK6,105.0,L,L,C,F,H
105,105,105,105,109,109,106.0,A,V,H,106.0,VAL,A,Q7JVK6,106.0,V,R,C,I,H
106,106,106,106,110,110,107.0,A,I,H,107.0,ILE,A,Q7JVK6,107.0,I,D,C,I,H
107,107,107,107,111,111,108.0,A,Y,H,108.0,TYR,A,Q7JVK6,108.0,Y,Q,C,A,H
108,108,108,108,112,112,109.0,A,L,H,109.0,LEU,A,Q7JVK6,109.0,L,D,C,L,H
109,109,109,109,113,113,110.0,A,E,H,110.0,GLU,A,Q7JVK6,110.0,E,V,C,V,H
110,110,110,110,114,114,111.0,A,A,H,111.0,ALA,A,Q7JVK6,111.0,A,Y,C,I,H
111,111,111,111,115,115,112.0,A,G,C,112.0,GLY,A,Q7JVK6,112.0,G,Q,C,Y,H
112,112,112,112,116,116,113.0,A,F,C,113.0,PHE,A,Q7JVK6,113.0,F,F,C,L,H
113,113,113,113,117,117,114.0,A,L,C,114.0,LEU,A,Q7JVK6,114.0,L,R,H,E,H
114,114,114,114,118,118,115.0,A,V,C,115.0,VAL,A,Q7JVK6,115.0,V,S,H,A,H
115,115,115,115,119,119,116.0,A,T,C,116.0,THR,A,Q7JVK6,116.0,T,S,H,G,C
116,116,116,116,120,120,117.0,A,R,H,117.0,ARG,A,Q7JVK6,117.0,R,Y,H,F,C
117,117,117,117,121,121,118.0,A,E,H,118.0,GLU,A,Q7JVK6,118.0,E,S,H,L,C
118,118,118,118,122,122,119.0,A,T,H,119.0,THR,A,Q7JVK6,119.0,T,P,H,V,C
119,119,119,119,123,123,120.0,A,V,H,120.0,VAL,A,Q7JVK6,120.0,V,G,H,T,C
120,120,120,120,124,124,121.0,A,A,H,121.0,ALA,A,Q7JVK6,121.0,A,L,H,R,H
121,121,121,121,125,125,122.0,A,E,H,122.0,GLU,A,Q7JVK6,122.0,E,Q,H,E,H
122,122,122,122,126,126,123.0,A,X,H,123.0,MSE,A,Q7JVK6,123.0,M,E,H,T,H
123,123,123,123,127,127,124.0,A,L,H,124.0,LEU,A,Q7JVK6,124.0,L,F,H,V,H
124,124,124,124,128,128,125.0,A,G,C,125.0,GLY,A,Q7JVK6,125.0,G,I,H,A,H
125,125,125,125,129,129,126.0,A,L,C,126.0,LEU,A,Q7JVK6,126.0,L,E,H,E,H
126,126,126,126,130,130,127.0,A,K,C,127.0,LYS,A,Q7JVK6,127.0,K,A,H,M,H
127,127,127,127,131,131,128.0,A,I,C,128.0,ILE,A,Q7JVK6,128.0,I,Y,H,L,H
128,128,128,128,132,132,129.0,A,S,C,129.0,SER,A,Q7JVK6,129.0,S,T,H,G,C
129,129,129,129,133,133,130.0,A,Q,C,130.0,GLN,A,Q7JVK6,130.0,Q,Y,H,L,C
130,130,130,130,134,134,131.0,A,S,C,131.0,SER,A,Q7JVK6,131.0,S,M,H,K,E
131,131,131,131,135,135,132.0,A,E,C,132.0,GLU,A,Q7JVK6,132.0,E,E,H,I,C
132,132,132,132,136,136,133.0,A,G,C,133.0,GLY,A,Q7JVK6,133.0,G,Y,H,S,C
133,133,133,133,137,137,134.0,A,F,C,134.0,PHE,A,Q7JVK6,134.0,F,L,H,Q,C
134,134,134,134,138,138,135.0,A,H,C,135.0,HIS,A,Q7JVK6,135.0,H,C,H,S,C
135,135,135,135,139,139,136.0,A,L,C,136.0,LEU,A,Q7JVK6,136.0,L,H,H,E,C
136,136,136,136,140,140,137.0,A,D,C,137.0,ASP,A,Q7JVK6,137.0,D,E,H,G,C
137,137,137,137,141,141,138.0,A,V,H,138.0,VAL,A,Q7JVK6,138.0,V,D,C,F,C
138,138,138,138,142,142,139.0,A,E,H,139.0,GLU,A,Q7JVK6,139.0,E,A,C,H,E
139,139,139,139,143,143,140.0,A,D,H,140.0,ASP,A,Q7JVK6,140.0,D,E,C,L,C
140,140,140,140,144,144,141.0,A,Y,H,141.0,TYR,A,Q7JVK6,141.0,Y,G,C,D,C
141,141,141,141,145,145,142.0,A,L,H,142.0,LEU,A,Q7JVK6,142.0,L,E,C,V,H
142,142,142,142,146,146,143.0,A,L,H,143.0,LEU,A,Q7JVK6,143.0,L,N,C,E,H
143,143,143,143,147,147,144.0,A,G,H,144.0,GLY,A,Q7JVK6,144.0,G,E,C,D,H
144,144,144,144,148,148,145.0,A,I,H,145.0,ILE,A,Q7JVK6,145.0,I,T,C,Y,H
145,145,145,145,149,149,146.0,A,L,H,146.0,LEU,A,Q7JVK6,146.0,L,K,C,L,H
146,146,146,146,150,150,147.0,A,Q,H,147.0,GLN,A,Q7JVK6,147.0,Q,S,C,L,H
147,147,147,147,151,151,148.0,A,L,H,148.0,LEU,A,Q7JVK6,148.0,L,V,C,G,H
148,148,148,148,152,152,149.0,A,A,H,149.0,ALA,A,Q7JVK6,149.0,A,S,C,I,H
149,149,149,149,153,153,150.0,A,S,H,150.0,SER,A,Q7JVK6,150.0,S,D,C,L,H
150,150,150,150,154,154,151.0,A,E,H,151.0,GLU,A,Q7JVK6,151.0,E,W,H,Q,H
151,151,151,151,155,155,152.0,A,L,H,152.0,LEU,A,Q7JVK6,152.0,L,Q,H,L,H
152,152,152,152,156,156,153.0,A,S,H,153.0,SER,A,Q7JVK6,153.0,S,A,H,A,H
153,153,153,153,157,157,154.0,A,R,H,154.0,ARG,A,Q7JVK6,154.0,R,I,H,S,H
154,154,154,154,158,158,155.0,A,F,H,155.0,PHE,A,Q7JVK6,155.0,F,Q,H,E,H
155,155,155,155,159,159,156.0,A,A,H,156.0,ALA,A,Q7JVK6,156.0,A,A,H,L,H
156,156,156,156,160,160,157.0,A,T,H,157.0,THR,A,Q7JVK6,157.0,T,V,H,S,H
157,157,157,157,161,161,158.0,A,N,H,158.0,ASN,A,Q7JVK6,158.0,N,M,C,R,H
158,158,158,158,162,162,159.0,A,S,H,159.0,SER,A,Q7JVK6,159.0,S,Q,E,F,H
159,159,159,159,163,163,160.0,A,V,H,160.0,VAL,A,Q7JVK6,160.0,V,Y,E,A,H
160,160,160,160,164,164,161.0,A,T,H,161.0,THR,A,Q7JVK6,161.0,T,V,E,T,H
161,161,161,161,165,165,162.0,A,X,C,162.0,MSE,A,Q7JVK6,162.0,M,E,C,N,H
162,162,162,162,166,166,163.0,A,G,C,163.0,GLY,A,Q7JVK6,163.0,G,E,C,S,H
163,163,163,163,167,167,164.0,A,D,C,164.0,ASP,A,Q7JVK6,164.0,D,S,C,V,H
164,164,164,164,168,168,165.0,A,Y,C,165.0,TYR,A,Q7JVK6,165.0,Y,S,C,T,H
165,165,165,165,169,169,166.0,A,E,C,166.0,GLU,A,Q7JVK6,166.0,E,Q,C,M,C
166,166,166,166,170,170,167.0,A,R,H,167.0,ARG,A,Q7JVK6,167.0,R,P,C,G,C
167,167,167,167,171,171,168.0,A,P,H,168.0,PRO,A,Q7JVK6,168.0,P,K,C,D,C
168,168,168,168,172,172,169.0,A,L,H,169.0,LEU,A,Q7JVK6,169.0,L,E,C,Y,C
169,169,169,169,173,173,170.0,A,N,H,170.0,ASN,A,Q7JVK6,170.0,N,E,C,E,C
170,170,170,170,174,174,171.0,A,I,H,171.0,ILE,A,Q7JVK6,171.0,I,P,C,R,H
171,171,171,171,175,175,172.0,A,S,H,172.0,SER,A,Q7JVK6,172.0,S,T,C,P,H
172,172,172,172,176,176,173.0,A,H,H,173.0,HIS,A,Q7JVK6,173.0,H,E,C,L,H
173,173,173,173,177,177,174.0,A,F,H,174.0,PHE,A,Q7JVK6,174.0,F,G,C,N,H
174,174,174,174,178,178,175.0,A,I,H,175.0,ILE,A,Q7JVK6,175.0,I,E,C,I,H
175,175,175,175,179,179,176.0,A,G,H,176.0,GLY,A,Q7JVK6,176.0,G,D,C,S,H
176,176,176,176,180,180,177.0,A,D,H,177.0,ASP,A,Q7JVK6,177.0,D,V,C,H,H
177,177,177,177,181,181,178.0,A,L,H,178.0,LEU,A,Q7JVK6,178.0,L,Q,C,F,H
178,178,178,178,182,182,179.0,A,N,H,179.0,ASN,A,Q7JVK6,179.0,N,A,C,I,H
179,179,179,179,183,183,180.0,A,T,H,180.0,THR,A,Q7JVK6,180.0,T,I,C,G,H
180,180,180,180,184,184,181.0,A,G,H,181.0,GLY,A,Q7JVK6,181.0,G,A,C,D,H
181,181,181,181,185,185,182.0,A,F,H,182.0,PHE,A,Q7JVK6,182.0,F,Q,C,L,H
182,182,182,182,186,186,183.0,A,R,H,183.0,ARG,A,Q7JVK6,183.0,R,V,C,N,H
183,183,183,183,187,187,184.0,A,L,H,184.0,LEU,A,Q7JVK6,184.0,L,E,C,T,H
184,184,184,184,188,188,185.0,A,L,C,185.0,LEU,A,Q7JVK6,185.0,L,S,C,G,H
185,185,185,185,189,189,186.0,A,N,C,186.0,ASN,A,Q7JVK6,186.0,N,P,C,F,H
186,186,186,186,190,190,187.0,A,L,C,187.0,LEU,A,Q7JVK6,187.0,L,K,C,R,H
187,187,187,187,191,191,188.0,A,K,C,188.0,LYS,A,Q7JVK6,188.0,K,K,E,L,H
188,188,188,188,192,192,189.0,A,N,C,189.0,ASN,A,Q7JVK6,189.0,N,F,E,L,C
189,189,189,189,193,193,190.0,A,D,C,190.0,ASP,A,Q7JVK6,190.0,D,Q,E,N,C
190,190,190,190,194,194,191.0,A,G,H,191.0,GLY,A,Q7JVK6,191.0,G,F,C,L,C
191,191,191,191,195,195,192.0,A,L,H,192.0,LEU,A,Q7JVK6,192.0,L,F,C,K,C
192,192,192,192,196,196,193.0,A,R,H,193.0,ARG,A,Q7JVK6,193.0,R,V,C,N,C
193,193,193,193,197,197,194.0,A,K,H,194.0,LYS,A,Q7JVK6,194.0,K,D,C,D,C
194,194,194,194,198,198,195.0,A,R,H,195.0,ARG,A,Q7JVK6,195.0,R,P,H,G,H
195,195,195,195,199,199,196.0,A,F,H,196.0,PHE,A,Q7JVK6,196.0,F,T,H,L,H
196,196,196,196,200,200,197.0,A,D,H,197.0,ASP,A,Q7JVK6,197.0,D,E,H,R,H
197,197,197,197,201,201,198.0,A,A,H,198.0,ALA,A,Q7JVK6,198.0,A,Y,H,K,H
198,198,198,198,202,202,199.0,A,L,H,199.0,LEU,A,Q7JVK6,199.0,L,I,H,R,H
199,199,199,199,203,203,200.0,A,K,H,200.0,LYS,A,Q7JVK6,200.0,K,L,H,F,H
200,200,200,200,204,204,201.0,A,Y,H,201.0,TYR,A,Q7JVK6,201.0,Y,G,H,D,H
201,201,201,201,205,205,202.0,A,D,H,202.0,ASP,A,Q7JVK6,202.0,D,L,H,A,H
202,202,202,202,206,206,203.0,A,V,H,203.0,VAL,A,Q7JVK6,203.0,V,S,H,L,H
203,203,203,203,207,207,204.0,A,K,H,204.0,LYS,A,Q7JVK6,204.0,K,D,H,K,H
204,204,204,204,208,208,205.0,A,K,H,205.0,LYS,A,Q7JVK6,205.0,K,L,H,Y,H
205,205,205,205,209,209,206.0,A,I,H,206.0,ILE,A,Q7JVK6,206.0,I,T,H,D,H
206,206,206,206,210,210,207.0,A,E,H,207.0,GLU,A,Q7JVK6,207.0,E,G,H,V,H
207,207,207,207,211,211,208.0,A,E,H,208.0,GLU,A,Q7JVK6,208.0,E,E,H,K,H
208,208,208,208,212,212,209.0,A,V,H,209.0,VAL,A,Q7JVK6,209.0,V,L,H,K,H
209,209,209,209,213,213,210.0,A,V,H,210.0,VAL,A,Q7JVK6,210.0,V,M,H,I,H
210,210,210,210,214,214,211.0,A,Y,H,211.0,TYR,A,Q7JVK6,211.0,Y,R,H,E,H
211,211,211,211,215,215,212.0,A,D,H,212.0,ASP,A,Q7JVK6,212.0,D,R,H,E,H
212,212,212,212,216,216,213.0,A,V,H,213.0,VAL,A,Q7JVK6,213.0,V,C,H,V,H
213,213,213,213,217,217,214.0,A,S,H,214.0,SER,A,Q7JVK6,214.0,S,I,H,V,H
214,214,214,214,218,218,215.0,A,I,H,215.0,ILE,A,Q7JVK6,215.0,I,N,H,Y,H
215,215,215,215,219,219,216.0,A,R,C,216.0,ARG,A,Q7JVK6,216.0,R,S,H,D,H
216,216,216,216,220,220,217.0,A,G,C,217.0,GLY,A,Q7JVK6,217.0,G,L,H,V,H
217,217,217,217,221,221,218.0,A,L,C,218.0,LEU,A,Q7JVK6,218.0,L,G,H,S,H
218,218,218,218,222,222,219.0,A,S,C,219.0,SER,A,Q7JVK6,219.0,S,S,H,I,H
219,219,219,219,223,223,220.0,A,S,C,220.0,SER,A,Q7JVK6,220.0,S,G,C,R,C
