,Unnamed: 0,Unnamed: 0.1,Unnamed: 0.1.1,Unnamed: 0.1.1.1,RES,CHAIN,AA,SS_CLASS,PDB_dbResNum,PDB_dbResName,PDB_dbChainId,UniProt_dbAccessionId,UniProt_dbResNum,UniProt_dbResName,PDB_codeSecondaryStructure,PDB_nameSecondaryStructure,shifted Uni,AF_predictions,Jpred_seq,Jpred_SS_pred
0,0,0,0,0,5.0,A,D,C,5.0,ASP,A,O60499,5.0,D,T,loop,D,C,D,C
1,1,1,1,1,6.0,A,P,C,6.0,PRO,A,O60499,6.0,P,H,helix,P,C,P,C
2,2,2,2,2,7.0,A,F,H,7.0,PHE,A,O60499,7.0,F,H,helix,F,H,F,H
3,3,3,3,3,8.0,A,F,H,8.0,PHE,A,O60499,8.0,F,H,helix,F,H,F,H
4,4,4,4,4,9.0,A,V,H,9.0,VAL,A,O60499,9.0,V,H,helix,V,H,V,H
5,5,5,5,5,10.0,A,V,H,10.0,VAL,A,O60499,10.0,V,H,helix,V,H,V,H
6,6,6,6,6,11.0,A,R,H,11.0,ARG,A,O60499,11.0,R,H,helix,R,H,R,H
7,7,7,7,7,12.0,A,G,H,12.0,GLY,A,O60499,12.0,G,H,helix,G,H,G,H
8,8,8,8,8,13.0,A,E,H,13.0,GLU,A,O60499,13.0,E,H,helix,E,H,E,H
9,9,9,9,9,14.0,A,V,H,14.0,VAL,A,O60499,14.0,V,H,helix,V,H,V,H
10,10,10,10,10,15.0,A,Q,H,15.0,GLN,A,O60499,15.0,Q,H,helix,Q,H,Q,H
11,11,11,11,11,16.0,A,K,H,16.0,LYS,A,O60499,16.0,K,H,helix,K,H,K,H
12,12,12,12,12,17.0,A,A,H,17.0,ALA,A,O60499,17.0,A,H,helix,A,H,A,H
13,13,13,13,13,18.0,A,V,H,18.0,VAL,A,O60499,18.0,V,H,helix,V,H,V,H
14,14,14,14,14,19.0,A,N,H,19.0,ASN,A,O60499,19.0,N,H,helix,N,H,N,H
15,15,15,15,15,20.0,A,T,H,20.0,THR,A,O60499,20.0,T,H,helix,T,H,T,H
16,16,16,16,16,21.0,A,A,H,21.0,ALA,A,O60499,21.0,A,H,helix,A,H,A,H
17,17,17,17,17,22.0,A,R,H,22.0,ARG,A,O60499,22.0,R,H,helix,R,H,R,H
18,18,18,18,18,23.0,A,G,H,23.0,GLY,A,O60499,23.0,G,H,helix,G,H,G,H
19,19,19,19,19,24.0,A,L,H,24.0,LEU,A,O60499,24.0,L,H,helix,L,H,L,H
20,20,20,20,20,25.0,A,Y,H,25.0,TYR,A,O60499,25.0,Y,H,helix,Y,H,Y,H
21,21,21,21,21,26.0,A,Q,H,26.0,GLN,A,O60499,26.0,Q,H,helix,Q,H,Q,H
22,22,22,22,22,27.0,A,R,H,27.0,ARG,A,O60499,27.0,R,H,helix,R,H,R,H
23,23,23,23,23,28.0,A,W,H,28.0,TRP,A,O60499,28.0,W,H,helix,W,H,W,H
24,24,24,24,24,29.0,A,C,H,29.0,CYS,A,O60499,29.0,C,H,helix,C,H,C,H
25,25,25,25,25,30.0,A,E,H,30.0,GLU,A,O60499,30.0,E,H,helix,E,H,E,H
26,26,26,26,26,31.0,A,L,C,31.0,LEU,A,O60499,31.0,L,H,helix,L,H,L,C
27,27,27,27,27,41.0,A,E,C,41.0,GLU,A,O60499,41.0,E,H,helix,E,H,E,C
28,28,28,28,28,42.0,A,E,H,42.0,GLU,A,O60499,42.0,E,H,helix,E,H,E,H
29,29,29,29,29,43.0,A,L,H,43.0,LEU,A,O60499,43.0,L,H,helix,L,H,L,H
30,30,30,30,30,44.0,A,D,H,44.0,ASP,A,O60499,44.0,D,H,helix,D,H,D,H
31,31,31,31,31,45.0,A,W,H,45.0,TRP,A,O60499,45.0,W,H,helix,W,H,W,H
32,32,32,32,32,46.0,A,T,H,46.0,THR,A,O60499,46.0,T,H,helix,T,H,T,H
33,33,33,33,33,47.0,A,T,H,47.0,THR,A,O60499,47.0,T,H,helix,T,H,T,H
34,34,34,34,34,48.0,A,N,H,48.0,ASN,A,O60499,48.0,N,H,helix,N,H,N,H
35,35,35,35,35,49.0,A,E,H,49.0,GLU,A,O60499,49.0,E,H,helix,E,H,E,H
36,36,36,36,36,50.0,A,L,H,50.0,LEU,A,O60499,50.0,L,H,helix,L,H,L,H
37,37,37,37,37,51.0,A,R,H,51.0,ARG,A,O60499,51.0,R,H,helix,R,H,R,H
38,38,38,38,38,52.0,A,N,H,52.0,ASN,A,O60499,52.0,N,H,helix,N,H,N,H
39,39,39,39,39,53.0,A,G,H,53.0,GLY,A,O60499,53.0,G,H,helix,G,H,G,H
40,40,40,40,40,54.0,A,L,H,54.0,LEU,A,O60499,54.0,L,H,helix,L,H,L,H
41,41,41,41,41,55.0,A,R,H,55.0,ARG,A,O60499,55.0,R,H,helix,R,H,R,H
42,42,42,42,42,56.0,A,S,H,56.0,SER,A,O60499,56.0,S,H,helix,S,H,S,H
43,43,43,43,43,57.0,A,I,H,57.0,ILE,A,O60499,57.0,I,H,helix,I,H,I,H
44,44,44,44,44,58.0,A,E,H,58.0,GLU,A,O60499,58.0,E,H,helix,E,H,E,H
45,45,45,45,45,59.0,A,W,H,59.0,TRP,A,O60499,59.0,W,H,helix,W,H,W,H
46,46,46,46,46,60.0,A,D,H,60.0,ASP,A,O60499,60.0,D,H,helix,D,H,D,H
47,47,47,47,47,61.0,A,L,H,61.0,LEU,A,O60499,61.0,L,H,helix,L,H,L,H
48,48,48,48,48,62.0,A,E,H,62.0,GLU,A,O60499,62.0,E,H,helix,E,H,E,H
49,49,49,49,49,63.0,A,D,H,63.0,ASP,A,O60499,63.0,D,H,helix,D,H,D,H
50,50,50,50,50,64.0,A,L,H,64.0,LEU,A,O60499,64.0,L,H,helix,L,H,L,H
51,51,51,51,51,65.0,A,E,H,65.0,GLU,A,O60499,65.0,E,H,helix,E,H,E,H
52,52,52,52,52,66.0,A,E,H,66.0,GLU,A,O60499,66.0,E,H,helix,E,H,E,H
53,53,53,53,53,67.0,A,T,H,67.0,THR,A,O60499,67.0,T,H,helix,T,H,T,H
54,54,54,54,54,68.0,A,I,H,68.0,ILE,A,O60499,68.0,I,H,helix,I,H,I,H
55,55,55,55,55,69.0,A,G,H,69.0,GLY,A,O60499,69.0,G,H,helix,G,H,G,H
56,56,56,56,56,70.0,A,I,H,70.0,ILE,A,O60499,70.0,I,H,helix,I,H,I,H
57,57,57,57,57,71.0,A,V,H,71.0,VAL,A,O60499,71.0,V,H,helix,V,H,V,H
58,58,58,58,58,72.0,A,E,H,72.0,GLU,A,O60499,72.0,E,H,helix,E,H,E,H
59,59,59,59,59,73.0,A,A,H,73.0,ALA,A,O60499,73.0,A,H,helix,A,H,A,H
60,60,60,60,60,74.0,A,N,C,74.0,ASN,A,O60499,74.0,N,H,helix,N,C,N,C
61,61,61,61,61,75.0,A,P,H,75.0,PRO,A,O60499,75.0,P,H,helix,P,H,P,H
62,62,62,62,62,76.0,A,G,H,76.0,GLY,A,O60499,76.0,G,H,helix,G,H,G,H
63,63,63,63,63,77.0,A,K,H,77.0,LYS,A,O60499,77.0,K,H,helix,K,H,K,H
64,64,64,64,64,78.0,A,F,H,78.0,PHE,A,O60499,78.0,F,H,helix,F,H,F,H
65,65,65,65,65,79.0,A,K,C,79.0,LYS,A,O60499,79.0,K,H,helix,K,C,K,C
66,66,66,66,66,80.0,A,L,C,80.0,LEU,A,O60499,80.0,L,T,loop,L,C,L,C
67,67,67,67,67,81.0,A,P,C,81.0,PRO,A,O60499,81.0,P,H,helix,P,C,P,C
68,68,68,68,68,82.0,A,A,H,82.0,ALA,A,O60499,82.0,A,H,helix,A,H,A,H
69,69,69,69,69,83.0,A,G,H,83.0,GLY,A,O60499,83.0,G,H,helix,G,H,G,H
70,70,70,70,70,84.0,A,D,H,84.0,ASP,A,O60499,84.0,D,H,helix,D,H,D,H
71,71,71,71,71,85.0,A,L,H,85.0,LEU,A,O60499,85.0,L,H,helix,L,H,L,H
72,72,72,72,72,86.0,A,Q,H,86.0,GLN,A,O60499,86.0,Q,H,helix,Q,H,Q,H
73,73,73,73,73,87.0,A,E,H,87.0,GLU,A,O60499,87.0,E,H,helix,E,H,E,H
74,74,74,74,74,88.0,A,R,H,88.0,ARG,A,O60499,88.0,R,H,helix,R,H,R,H
75,75,75,75,75,89.0,A,K,H,89.0,LYS,A,O60499,89.0,K,H,helix,K,H,K,H
76,76,76,76,76,90.0,A,V,H,90.0,VAL,A,O60499,90.0,V,H,helix,V,H,V,H
77,77,77,77,77,91.0,A,F,H,91.0,PHE,A,O60499,91.0,F,H,helix,F,H,F,H
78,78,78,78,78,92.0,A,V,H,92.0,VAL,A,O60499,92.0,V,H,helix,V,H,V,H
79,79,79,79,79,93.0,A,E,H,93.0,GLU,A,O60499,93.0,E,H,helix,E,H,E,H
80,80,80,80,80,94.0,A,R,H,94.0,ARG,A,O60499,94.0,R,H,helix,R,H,R,H
81,81,81,81,81,95.0,A,X,H,95.0,MSE,A,O60499,95.0,M,H,helix,M,H,M,H
82,82,82,82,82,96.0,A,R,H,96.0,ARG,A,O60499,96.0,R,H,helix,R,H,R,H
83,83,83,83,83,97.0,A,E,H,97.0,GLU,A,O60499,97.0,E,H,helix,E,H,E,H
84,84,84,84,84,98.0,A,A,H,98.0,ALA,A,O60499,98.0,A,H,helix,A,H,A,H
85,85,85,85,85,99.0,A,V,H,99.0,VAL,A,O60499,99.0,V,H,helix,V,H,V,H
86,86,86,86,86,100.0,A,Q,H,100.0,GLN,A,O60499,100.0,Q,H,helix,Q,H,Q,H
87,87,87,87,87,101.0,A,E,H,101.0,GLU,A,O60499,101.0,E,H,helix,E,H,E,H
88,88,88,88,88,102.0,A,X,H,102.0,MSE,A,O60499,102.0,M,H,helix,M,H,M,H
89,89,89,89,89,103.0,A,K,H,103.0,LYS,A,O60499,103.0,K,H,helix,K,H,K,H
90,90,90,90,90,104.0,A,D,H,104.0,ASP,A,O60499,104.0,D,H,helix,D,H,D,H
91,91,91,91,91,105.0,A,H,H,105.0,HIS,A,O60499,105.0,H,H,helix,H,H,H,H
92,92,92,92,92,106.0,A,X,H,106.0,MSE,A,O60499,106.0,M,H,helix,M,H,M,H
93,93,93,93,93,107.0,A,V,C,107.0,VAL,A,O60499,107.0,V,H,helix,V,C,V,C
94,94,94,94,94,108.0,A,S,C,108.0,SER,A,O60499,108.0,S,T,loop,S,C,S,C
