,Unnamed: 0,Unnamed: 0.2,Unnamed: 0.1,Unnamed: 0.1.1,RES,CHAIN,AA,SS_CLASS,PDB_dbResNum,PDB_dbResName,PDB_dbChainId,UniProt_dbAccessionId,UniProt_dbResNum,UniProt_dbResName,shifted Uni,AF_predictions,Jpred_seq,Jpred_SS_pred
0,0,0,0,0,1.0,A,M,C,1.0,MET,A,O87896,1.0,M,M,C,M,C
1,1,1,1,1,2.0,A,K,E,2.0,LYS,A,O87896,2.0,K,S,C,K,E
2,2,2,2,2,3.0,A,F,E,3.0,PHE,A,O87896,3.0,F,E,C,F,E
3,3,3,3,3,4.0,A,A,E,4.0,ALA,A,O87896,4.0,A,V,C,A,E
4,4,4,4,4,5.0,A,L,E,5.0,LEU,A,O87896,5.0,L,V,C,L,E
5,5,5,5,5,6.0,A,Q,E,6.0,GLN,A,O87896,6.0,Q,K,C,Q,E
6,6,6,6,6,7.0,A,I,E,7.0,ILE,A,O87896,7.0,I,K,E,I,E
7,7,7,7,7,8.0,A,N,C,8.0,ASN,A,O87896,8.0,N,F,E,N,C
8,8,8,8,8,9.0,A,E,C,9.0,GLU,A,O87896,9.0,E,M,E,E,C
9,9,9,9,9,10.0,A,G,C,10.0,GLY,A,O87896,10.0,G,Y,E,G,C
10,10,10,10,10,11.0,A,P,C,11.0,PRO,A,O87896,11.0,P,L,E,P,C
11,11,11,11,11,12.0,A,Y,C,12.0,TYR,A,O87896,12.0,Y,N,E,Y,C
12,12,12,12,12,13.0,A,Q,C,13.0,GLN,A,O87896,13.0,Q,R,C,Q,C
13,13,13,13,13,14.0,A,H,C,14.0,HIS,A,O87896,14.0,H,K,C,H,C
14,14,14,14,14,15.0,A,Q,C,15.0,GLN,A,O87896,15.0,Q,A,C,Q,C
15,15,15,15,15,16.0,A,A,H,16.0,ALA,A,O87896,16.0,A,P,C,A,H
16,16,16,16,16,17.0,A,S,H,17.0,SER,A,O87896,17.0,S,Y,C,S,H
17,17,17,17,17,18.0,A,D,H,18.0,ASP,A,O87896,18.0,D,G,C,D,H
18,18,18,18,18,19.0,A,S,H,19.0,SER,A,O87896,19.0,S,T,C,S,H
19,19,19,19,19,20.0,A,A,H,20.0,ALA,A,O87896,20.0,A,I,C,A,H
20,20,20,20,20,21.0,A,Y,H,21.0,TYR,A,O87896,21.0,Y,Y,H,Y,H
21,21,21,21,21,22.0,A,Q,H,22.0,GLN,A,O87896,22.0,Q,A,H,Q,H
22,22,22,22,22,23.0,A,F,H,23.0,PHE,A,O87896,23.0,F,W,H,F,H
23,23,23,23,23,24.0,A,A,H,24.0,ALA,A,O87896,24.0,A,E,H,A,H
24,24,24,24,24,25.0,A,K,H,25.0,LYS,A,O87896,25.0,K,A,H,K,H
25,25,25,25,25,26.0,A,A,H,26.0,ALA,A,O87896,26.0,A,L,H,A,H
26,26,26,26,26,27.0,A,A,H,27.0,ALA,A,O87896,27.0,A,E,H,A,H
27,27,27,27,27,28.0,A,L,H,28.0,LEU,A,O87896,28.0,L,V,H,L,H
28,28,28,28,28,29.0,A,E,H,29.0,GLU,A,O87896,29.0,E,V,H,E,H
29,29,29,29,29,30.0,A,K,C,30.0,LYS,A,O87896,30.0,K,L,H,K,C
30,30,30,30,30,31.0,A,G,C,31.0,GLY,A,O87896,31.0,G,I,H,G,C
31,31,31,31,31,32.0,A,H,C,32.0,HIS,A,O87896,32.0,H,G,H,H,C
32,32,32,32,32,33.0,A,E,E,33.0,GLU,A,O87896,33.0,E,A,H,E,E
33,33,33,33,33,34.0,A,I,E,34.0,ILE,A,O87896,34.0,I,A,C,I,E
34,34,34,34,34,35.0,A,F,E,35.0,PHE,A,O87896,35.0,F,F,C,F,E
35,35,35,35,35,36.0,A,R,E,36.0,ARG,A,O87896,36.0,R,D,C,R,E
36,36,36,36,36,37.0,A,V,E,37.0,VAL,A,O87896,37.0,V,Q,C,V,E
37,37,37,37,37,38.0,A,F,E,38.0,PHE,A,O87896,38.0,F,D,E,F,E
38,38,38,38,38,39.0,A,F,E,39.0,PHE,A,O87896,39.0,F,V,E,F,E
39,39,39,39,39,40.0,A,Y,C,40.0,TYR,A,O87896,40.0,Y,C,E,Y,C
40,40,40,40,40,41.0,A,H,C,41.0,HIS,A,O87896,41.0,H,V,E,H,C
41,41,41,41,41,42.0,A,D,C,42.0,ASP,A,O87896,42.0,D,L,E,D,C
42,42,42,42,42,43.0,A,G,C,43.0,GLY,A,O87896,43.0,G,F,E,G,C
43,43,43,43,43,44.0,A,V,C,44.0,VAL,A,O87896,44.0,V,L,C,V,C
44,44,44,44,44,45.0,A,N,C,45.0,ASN,A,O87896,45.0,N,D,C,N,C
45,45,45,45,45,46.0,A,N,C,46.0,ASN,A,O87896,46.0,N,D,C,N,C
46,46,46,46,46,47.0,A,S,C,47.0,SER,A,O87896,47.0,S,G,C,S,C
47,47,47,47,47,48.0,A,T,C,48.0,THR,A,O87896,48.0,T,V,C,T,E
48,48,48,48,48,49.0,A,R,C,49.0,ARG,A,O87896,49.0,R,Y,C,R,C
49,49,49,49,49,50.0,A,L,C,50.0,LEU,A,O87896,50.0,L,Q,C,L,C
50,50,50,50,50,51.0,A,T,C,51.0,THR,A,O87896,51.0,T,L,C,T,C
51,51,51,51,51,52.0,A,T,C,52.0,THR,A,O87896,52.0,T,T,C,T,C
52,52,52,52,52,53.0,A,P,C,53.0,PRO,A,O87896,53.0,P,R,C,P,C
53,53,53,53,53,54.0,A,P,C,54.0,PRO,A,O87896,54.0,P,G,C,P,C
54,54,54,54,54,55.0,A,Q,C,55.0,GLN,A,O87896,55.0,Q,Q,C,Q,C
55,55,55,55,55,56.0,A,D,C,56.0,ASP,A,O87896,56.0,D,D,C,D,C
56,56,56,56,56,57.0,A,D,C,57.0,ASP,A,O87896,57.0,D,T,C,D,C
57,57,57,57,57,58.0,A,R,C,58.0,ARG,A,O87896,58.0,R,K,C,R,C
58,58,58,58,58,59.0,A,H,C,59.0,HIS,A,O87896,59.0,H,G,C,H,C
59,59,59,59,59,60.0,A,I,H,60.0,ILE,A,O87896,60.0,I,I,C,I,H
60,60,60,60,60,61.0,A,V,H,61.0,VAL,A,O87896,61.0,V,G,C,V,H
61,61,61,61,61,62.0,A,N,H,62.0,ASN,A,O87896,62.0,N,M,C,N,H
62,62,62,62,62,63.0,A,R,H,63.0,ARG,A,O87896,63.0,R,K,C,R,H
63,63,63,63,63,64.0,A,W,H,64.0,TRP,A,O87896,64.0,W,N,C,W,H
64,64,64,64,64,65.0,A,A,H,65.0,ALA,A,O87896,65.0,A,F,C,A,H
65,65,65,65,65,66.0,A,E,H,66.0,GLU,A,O87896,66.0,E,S,C,E,H
66,66,66,66,66,67.0,A,L,H,67.0,LEU,A,O87896,67.0,L,P,C,L,H
67,67,67,67,67,68.0,A,A,H,68.0,ALA,A,O87896,68.0,A,T,C,A,H
68,68,68,68,68,69.0,A,E,H,69.0,GLU,A,O87896,69.0,E,Y,C,E,H
69,69,69,69,69,70.0,A,Q,H,70.0,GLN,A,O87896,70.0,Q,R,C,Q,H
70,70,70,70,70,71.0,A,Y,H,71.0,TYR,A,O87896,71.0,Y,T,C,Y,H
71,71,71,71,71,72.0,A,E,C,72.0,GLU,A,O87896,72.0,E,L,C,E,C
72,72,72,72,72,73.0,A,L,C,73.0,LEU,A,O87896,73.0,L,G,C,L,C
73,73,73,73,73,74.0,A,D,C,74.0,ASP,A,O87896,74.0,D,D,C,D,C
74,74,74,74,74,75.0,A,M,E,75.0,MET,A,O87896,75.0,M,Y,C,M,E
75,75,75,75,75,76.0,A,V,E,76.0,VAL,A,O87896,76.0,V,E,C,V,E
76,76,76,76,76,77.0,A,V,E,77.0,VAL,A,O87896,77.0,V,V,C,V,E
77,77,77,77,77,78.0,A,C,E,78.0,CYS,A,O87896,78.0,C,R,C,C,E
78,78,78,78,78,79.0,A,V,H,79.0,VAL,A,O87896,79.0,V,R,E,V,H
79,79,79,79,79,80.0,A,A,H,80.0,ALA,A,O87896,80.0,A,I,E,A,H
80,80,80,80,80,81.0,A,A,H,81.0,ALA,A,O87896,81.0,A,Y,E,A,H
81,81,81,81,81,82.0,A,A,H,82.0,ALA,A,O87896,82.0,A,V,E,A,H
82,82,82,82,82,83.0,A,Q,H,83.0,GLN,A,O87896,83.0,Q,D,E,Q,H
83,83,83,83,83,84.0,A,R,H,84.0,ARG,A,O87896,84.0,R,R,H,R,H
84,84,84,84,84,85.0,A,R,H,85.0,ARG,A,O87896,85.0,R,D,H,R,H
85,85,85,85,85,86.0,A,G,C,86.0,GLY,A,O87896,86.0,G,S,H,G,C
86,86,86,86,86,87.0,A,I,C,87.0,ILE,A,O87896,87.0,I,L,H,I,C
87,87,87,87,87,88.0,A,V,C,88.0,VAL,A,O87896,88.0,V,E,H,V,C
88,88,88,88,88,89.0,A,D,C,89.0,ASP,A,O87896,89.0,D,A,C,D,C
89,89,89,89,89,90.0,A,E,H,90.0,GLU,A,O87896,90.0,E,R,C,E,H
90,90,90,90,90,91.0,A,G,H,91.0,GLY,A,O87896,91.0,G,G,C,G,H
91,91,91,91,91,92.0,A,E,H,92.0,GLU,A,O87896,92.0,E,L,C,E,H
92,92,92,92,92,93.0,A,A,H,93.0,ALA,A,O87896,93.0,A,T,C,A,H
93,93,93,93,93,94.0,A,S,H,94.0,SER,A,O87896,94.0,S,Q,C,S,H
94,94,94,94,94,95.0,A,R,H,95.0,ARG,A,O87896,95.0,R,D,C,R,H
95,95,95,95,95,96.0,A,N,H,96.0,ASN,A,O87896,96.0,N,D,C,N,H
96,96,96,96,96,97.0,A,G,C,97.0,GLY,A,O87896,97.0,G,L,C,G,C
97,97,97,97,97,98.0,A,K,C,98.0,LYS,A,O87896,98.0,K,V,C,K,C
98,98,98,98,98,99.0,A,D,C,99.0,ASP,A,O87896,99.0,D,E,C,D,C
99,99,99,99,99,100.0,A,A,C,100.0,ALA,A,O87896,100.0,A,I,C,A,C
100,100,100,100,100,101.0,A,T,C,101.0,THR,A,O87896,101.0,T,A,C,T,C
101,101,101,101,101,102.0,A,N,C,102.0,ASN,A,O87896,102.0,N,F,E,N,C
102,102,102,102,102,103.0,A,I,C,103.0,ILE,A,O87896,103.0,I,E,E,I,E
103,103,103,103,103,104.0,A,H,C,104.0,HIS,A,O87896,104.0,H,D,E,H,C
104,104,104,104,104,105.0,A,P,C,105.0,PRO,A,O87896,105.0,P,M,C,P,C
105,105,105,105,105,106.0,A,K,C,106.0,LYS,A,O87896,106.0,K,E,C,K,C
106,106,106,106,106,107.0,A,F,C,107.0,PHE,A,O87896,107.0,F,T,C,F,C
107,107,107,107,107,108.0,A,R,E,108.0,ARG,A,O87896,108.0,R,E,C,R,E
108,108,108,108,108,109.0,A,I,E,109.0,ILE,A,O87896,109.0,I,E,E,I,E
109,109,109,109,109,110.0,A,S,E,110.0,SER,A,O87896,110.0,S,E,E,S,E
110,110,110,110,110,111.0,A,G,C,111.0,GLY,A,O87896,111.0,G,F,E,G,C
111,111,111,111,111,112.0,A,L,C,112.0,LEU,A,O87896,112.0,L,D,C,L,C
112,112,112,112,112,113.0,A,G,H,113.0,GLY,A,O87896,113.0,G,N,C,G,H
113,113,113,113,113,114.0,A,Q,H,114.0,GLN,A,O87896,114.0,Q,I,C,Q,H
114,114,114,114,114,115.0,A,L,H,115.0,LEU,A,O87896,115.0,L,V,E,L,H
115,115,115,115,115,116.0,A,V,H,116.0,VAL,A,O87896,116.0,V,E,E,V,H
116,116,116,116,116,117.0,A,E,H,117.0,GLU,A,O87896,117.0,E,V,E,E,H
117,117,117,117,117,118.0,A,A,H,118.0,ALA,A,O87896,118.0,A,I,E,A,H
118,118,118,118,118,119.0,A,A,H,119.0,ALA,A,O87896,119.0,A,D,C,A,H
119,119,119,119,119,120.0,A,I,H,120.0,ILE,A,O87896,120.0,I,S,H,I,H
120,120,120,120,120,121.0,A,Q,H,121.0,GLN,A,O87896,121.0,Q,A,H,Q,H
121,121,121,121,121,122.0,A,A,C,122.0,ALA,A,O87896,122.0,A,R,H,A,C
122,122,122,122,122,123.0,A,D,C,123.0,ASP,A,O87896,123.0,D,V,H,D,C
123,123,123,123,123,124.0,A,R,E,124.0,ARG,A,O87896,124.0,R,S,H,R,E
124,124,124,124,124,125.0,A,L,E,125.0,LEU,A,O87896,125.0,L,E,H,L,E
125,125,125,125,125,126.0,A,V,E,126.0,VAL,A,O87896,126.0,V,L,H,V,E
126,126,126,126,126,127.0,A,V,E,127.0,VAL,A,O87896,127.0,V,M,H,V,E
127,127,127,127,127,128.0,A,F,E,128.0,PHE,A,O87896,128.0,F,N,H,F,E
128,128,128,128,128,129.0,A,G,C,129.0,GLY,A,O87896,129.0,G,E,H,G,C
129,129,129,129,129,130.0,A,D,C,130.0,ASP,A,O87896,130.0,D,S,C,D,C
