,Unnamed: 0,Unnamed: 0.1,RES,CHAIN,AA,SS_CLASS,PDB_dbResNum,PDB_dbResName,PDB_dbChainId,UniProt_dbAccessionId,UniProt_dbResNum,UniProt_dbResName,shifted Uni,AF_predictions
0,0,0,488.0,A,L,C,488.0,LEU,A,P26039,488.0,L,L,C
1,1,1,489.0,A,T,C,489.0,THR,A,P26039,489.0,T,T,C
2,2,2,490.0,A,S,C,490.0,SER,A,P26039,490.0,S,S,H
3,3,3,491.0,A,A,C,491.0,ALA,A,P26039,491.0,A,A,H
4,4,4,492.0,A,Q,C,492.0,GLN,A,P26039,492.0,Q,Q,H
5,5,5,493.0,A,Q,H,493.0,GLN,A,P26039,493.0,Q,Q,H
6,6,6,494.0,A,A,H,494.0,ALA,A,P26039,494.0,A,A,H
7,7,7,495.0,A,L,H,495.0,LEU,A,P26039,495.0,L,L,H
8,8,8,496.0,A,T,H,496.0,THR,A,P26039,496.0,T,T,H
9,9,9,497.0,A,G,H,497.0,GLY,A,P26039,497.0,G,G,H
10,10,10,498.0,A,T,H,498.0,THR,A,P26039,498.0,T,T,H
11,11,11,499.0,A,I,H,499.0,ILE,A,P26039,499.0,I,I,H
12,12,12,500.0,A,N,H,500.0,ASN,A,P26039,500.0,N,N,H
13,13,13,501.0,A,S,H,501.0,SER,A,P26039,501.0,S,S,H
14,14,14,502.0,A,S,H,502.0,SER,A,P26039,502.0,S,S,H
15,15,15,503.0,A,M,H,503.0,MET,A,P26039,503.0,M,M,H
16,16,16,504.0,A,Q,H,504.0,GLN,A,P26039,504.0,Q,Q,H
17,17,17,505.0,A,A,H,505.0,ALA,A,P26039,505.0,A,A,H
18,18,18,506.0,A,V,H,506.0,VAL,A,P26039,506.0,V,V,H
19,19,19,507.0,A,Q,H,507.0,GLN,A,P26039,507.0,Q,Q,H
20,20,20,508.0,A,A,H,508.0,ALA,A,P26039,508.0,A,A,H
21,21,21,509.0,A,A,H,509.0,ALA,A,P26039,509.0,A,A,H
22,22,22,510.0,A,Q,H,510.0,GLN,A,P26039,510.0,Q,Q,H
23,23,23,511.0,A,A,H,511.0,ALA,A,P26039,511.0,A,A,H
24,24,24,512.0,A,T,H,512.0,THR,A,P26039,512.0,T,T,H
25,25,25,513.0,A,L,C,513.0,LEU,A,P26039,513.0,L,L,C
26,26,26,514.0,A,D,C,514.0,ASP,A,P26039,514.0,D,D,C
27,27,27,515.0,A,D,C,515.0,ASP,A,P26039,515.0,D,D,C
28,28,28,516.0,A,F,C,516.0,PHE,A,P26039,516.0,F,F,C
29,29,29,517.0,A,E,C,517.0,GLU,A,P26039,517.0,E,E,C
30,30,30,518.0,A,T,C,518.0,THR,A,P26039,518.0,T,T,C
31,31,31,519.0,A,L,C,519.0,LEU,A,P26039,519.0,L,L,C
32,32,32,520.0,A,P,C,520.0,PRO,A,P26039,520.0,P,P,C
33,33,33,521.0,A,P,C,521.0,PRO,A,P26039,521.0,P,P,C
34,34,34,522.0,A,L,C,522.0,LEU,A,P26039,522.0,L,L,C
35,35,35,523.0,A,G,C,523.0,GLY,A,P26039,523.0,G,G,C
36,36,36,524.0,A,Q,C,524.0,GLN,A,P26039,524.0,Q,Q,C
37,37,37,525.0,A,D,C,525.0,ASP,A,P26039,525.0,D,D,C
38,38,38,526.0,A,A,H,526.0,ALA,A,P26039,526.0,A,A,H
39,39,39,527.0,A,A,H,527.0,ALA,A,P26039,527.0,A,A,H
40,40,40,528.0,A,S,H,528.0,SER,A,P26039,528.0,S,S,H
41,41,41,529.0,A,K,H,529.0,LYS,A,P26039,529.0,K,K,H
42,42,42,530.0,A,A,H,530.0,ALA,A,P26039,530.0,A,A,H
43,43,43,531.0,A,W,H,531.0,TRP,A,P26039,531.0,W,W,H
44,44,44,532.0,A,R,H,532.0,ARG,A,P26039,532.0,R,R,H
45,45,45,533.0,A,K,H,533.0,LYS,A,P26039,533.0,K,K,H
46,46,46,534.0,A,N,H,534.0,ASN,A,P26039,534.0,N,N,H
47,47,47,535.0,A,K,H,535.0,LYS,A,P26039,535.0,K,K,H
48,48,48,536.0,A,M,H,536.0,MET,A,P26039,536.0,M,M,H
49,49,49,537.0,A,D,H,537.0,ASP,A,P26039,537.0,D,D,H
50,50,50,538.0,A,E,H,538.0,GLU,A,P26039,538.0,E,E,H
51,51,51,539.0,A,S,H,539.0,SER,A,P26039,539.0,S,S,H
52,52,52,540.0,A,K,H,540.0,LYS,A,P26039,540.0,K,K,H
53,53,53,541.0,A,H,H,541.0,HIS,A,P26039,541.0,H,H,H
54,54,54,542.0,A,E,H,542.0,GLU,A,P26039,542.0,E,E,H
55,55,55,543.0,A,I,H,543.0,ILE,A,P26039,543.0,I,I,H
56,56,56,544.0,A,H,H,544.0,HIS,A,P26039,544.0,H,H,H
57,57,57,545.0,A,S,H,545.0,SER,A,P26039,545.0,S,S,H
58,58,58,546.0,A,Q,H,546.0,GLN,A,P26039,546.0,Q,Q,H
59,59,59,547.0,A,V,H,547.0,VAL,A,P26039,547.0,V,V,H
60,60,60,548.0,A,D,H,548.0,ASP,A,P26039,548.0,D,D,H
61,61,61,549.0,A,A,H,549.0,ALA,A,P26039,549.0,A,A,H
62,62,62,550.0,A,I,H,550.0,ILE,A,P26039,550.0,I,I,H
63,63,63,551.0,A,T,H,551.0,THR,A,P26039,551.0,T,T,H
64,64,64,552.0,A,A,H,552.0,ALA,A,P26039,552.0,A,A,H
65,65,65,553.0,A,G,H,553.0,GLY,A,P26039,553.0,G,G,H
66,66,66,554.0,A,T,H,554.0,THR,A,P26039,554.0,T,T,H
67,67,67,555.0,A,A,H,555.0,ALA,A,P26039,555.0,A,A,H
68,68,68,556.0,A,S,H,556.0,SER,A,P26039,556.0,S,S,H
69,69,69,557.0,A,V,H,557.0,VAL,A,P26039,557.0,V,V,H
70,70,70,558.0,A,V,H,558.0,VAL,A,P26039,558.0,V,V,H
71,71,71,559.0,A,N,H,559.0,ASN,A,P26039,559.0,N,N,H
72,72,72,560.0,A,L,H,560.0,LEU,A,P26039,560.0,L,L,H
73,73,73,561.0,A,T,C,561.0,THR,A,P26039,561.0,T,T,C
74,74,74,562.0,A,A,C,562.0,ALA,A,P26039,562.0,A,A,C
75,75,75,563.0,A,G,C,563.0,GLY,A,P26039,563.0,G,G,C
76,76,76,564.0,A,D,C,564.0,ASP,A,P26039,564.0,D,D,C
77,77,77,565.0,A,P,C,565.0,PRO,A,P26039,565.0,P,P,C
78,78,78,566.0,A,A,C,566.0,ALA,A,P26039,566.0,A,A,C
79,79,79,567.0,A,E,C,567.0,GLU,A,P26039,567.0,E,E,C
80,80,80,568.0,A,T,C,568.0,THR,A,P26039,568.0,T,T,C
81,81,81,569.0,A,D,C,569.0,ASP,A,P26039,569.0,D,D,C
82,82,82,570.0,A,Y,H,570.0,TYR,A,P26039,570.0,Y,Y,H
83,83,83,571.0,A,T,H,571.0,THR,A,P26039,571.0,T,T,H
84,84,84,572.0,A,A,H,572.0,ALA,A,P26039,572.0,A,A,H
85,85,85,573.0,A,V,H,573.0,VAL,A,P26039,573.0,V,V,H
86,86,86,574.0,A,G,H,574.0,GLY,A,P26039,574.0,G,G,H
87,87,87,575.0,A,C,H,575.0,CYS,A,P26039,575.0,C,C,H
88,88,88,576.0,A,A,H,576.0,ALA,A,P26039,576.0,A,A,H
89,89,89,577.0,A,V,H,577.0,VAL,A,P26039,577.0,V,V,H
90,90,90,578.0,A,T,H,578.0,THR,A,P26039,578.0,T,T,H
91,91,91,579.0,A,T,H,579.0,THR,A,P26039,579.0,T,T,H
92,92,92,580.0,A,I,H,580.0,ILE,A,P26039,580.0,I,I,H
93,93,93,581.0,A,S,H,581.0,SER,A,P26039,581.0,S,S,H
94,94,94,582.0,A,S,H,582.0,SER,A,P26039,582.0,S,S,H
95,95,95,583.0,A,N,H,583.0,ASN,A,P26039,583.0,N,N,H
96,96,96,584.0,A,L,H,584.0,LEU,A,P26039,584.0,L,L,H
97,97,97,585.0,A,T,H,585.0,THR,A,P26039,585.0,T,T,H
98,98,98,586.0,A,E,H,586.0,GLU,A,P26039,586.0,E,E,H
99,99,99,587.0,A,M,H,587.0,MET,A,P26039,587.0,M,M,H
100,100,100,588.0,A,S,H,588.0,SER,A,P26039,588.0,S,S,H
101,101,101,589.0,A,R,H,589.0,ARG,A,P26039,589.0,R,R,H
102,102,102,590.0,A,G,H,590.0,GLY,A,P26039,590.0,G,G,H
103,103,103,591.0,A,V,H,591.0,VAL,A,P26039,591.0,V,V,H
104,104,104,592.0,A,K,H,592.0,LYS,A,P26039,592.0,K,K,H
105,105,105,593.0,A,L,H,593.0,LEU,A,P26039,593.0,L,L,H
106,106,106,594.0,A,L,H,594.0,LEU,A,P26039,594.0,L,L,H
107,107,107,595.0,A,A,H,595.0,ALA,A,P26039,595.0,A,A,H
108,108,108,596.0,A,A,H,596.0,ALA,A,P26039,596.0,A,A,H
109,109,109,597.0,A,L,H,597.0,LEU,A,P26039,597.0,L,L,H
110,110,110,598.0,A,L,H,598.0,LEU,A,P26039,598.0,L,L,H
111,111,111,599.0,A,E,H,599.0,GLU,A,P26039,599.0,E,E,H
112,112,112,600.0,A,D,H,600.0,ASP,A,P26039,600.0,D,D,H
113,113,113,601.0,A,E,C,601.0,GLU,A,P26039,601.0,E,E,H
114,114,114,602.0,A,G,C,602.0,GLY,A,P26039,602.0,G,G,H
115,115,115,603.0,A,G,C,603.0,GLY,A,P26039,603.0,G,G,C
116,116,116,604.0,A,N,C,604.0,ASN,A,P26039,604.0,N,N,C
117,117,117,605.0,A,G,C,605.0,GLY,A,P26039,605.0,G,G,H
118,118,118,606.0,A,R,H,606.0,ARG,A,P26039,606.0,R,R,H
119,119,119,607.0,A,P,H,607.0,PRO,A,P26039,607.0,P,P,H
120,120,120,608.0,A,L,H,608.0,LEU,A,P26039,608.0,L,L,H
121,121,121,609.0,A,L,H,609.0,LEU,A,P26039,609.0,L,L,H
122,122,122,610.0,A,Q,H,610.0,GLN,A,P26039,610.0,Q,Q,H
123,123,123,611.0,A,A,H,611.0,ALA,A,P26039,611.0,A,A,H
124,124,124,612.0,A,A,H,612.0,ALA,A,P26039,612.0,A,A,H
125,125,125,613.0,A,K,H,613.0,LYS,A,P26039,613.0,K,K,H
126,126,126,614.0,A,G,H,614.0,GLY,A,P26039,614.0,G,G,H
127,127,127,615.0,A,L,H,615.0,LEU,A,P26039,615.0,L,L,H
128,128,128,616.0,A,A,H,616.0,ALA,A,P26039,616.0,A,A,H
129,129,129,617.0,A,G,H,617.0,GLY,A,P26039,617.0,G,G,H
130,130,130,618.0,A,A,H,618.0,ALA,A,P26039,618.0,A,A,H
131,131,131,619.0,A,V,H,619.0,VAL,A,P26039,619.0,V,V,H
132,132,132,620.0,A,S,H,620.0,SER,A,P26039,620.0,S,S,H
133,133,133,621.0,A,E,H,621.0,GLU,A,P26039,621.0,E,E,H
134,134,134,622.0,A,L,H,622.0,LEU,A,P26039,622.0,L,L,H
135,135,135,623.0,A,L,H,623.0,LEU,A,P26039,623.0,L,L,H
136,136,136,624.0,A,R,H,624.0,ARG,A,P26039,624.0,R,R,H
137,137,137,625.0,A,S,H,625.0,SER,A,P26039,625.0,S,S,H
138,138,138,626.0,A,A,C,626.0,ALA,A,P26039,626.0,A,A,C
139,139,139,627.0,A,Q,C,627.0,GLN,A,P26039,627.0,Q,Q,C
140,140,140,628.0,A,P,C,628.0,PRO,A,P26039,628.0,P,P,C
141,141,141,629.0,A,A,C,629.0,ALA,A,P26039,629.0,A,A,C
142,142,142,630.0,A,S,C,630.0,SER,A,P26039,630.0,S,S,C
143,143,143,631.0,A,A,C,631.0,ALA,A,P26039,631.0,A,A,C
144,144,144,632.0,A,E,C,632.0,GLU,A,P26039,632.0,E,E,C
145,145,145,633.0,A,P,C,633.0,PRO,A,P26039,633.0,P,P,C
146,146,146,634.0,A,R,H,634.0,ARG,A,P26039,634.0,R,R,H
147,147,147,635.0,A,Q,H,635.0,GLN,A,P26039,635.0,Q,Q,H
148,148,148,636.0,A,N,H,636.0,ASN,A,P26039,636.0,N,N,H
149,149,149,637.0,A,L,H,637.0,LEU,A,P26039,637.0,L,L,H
150,150,150,638.0,A,L,H,638.0,LEU,A,P26039,638.0,L,L,H
151,151,151,639.0,A,Q,H,639.0,GLN,A,P26039,639.0,Q,Q,H
152,152,152,640.0,A,A,H,640.0,ALA,A,P26039,640.0,A,A,H
153,153,153,641.0,A,A,H,641.0,ALA,A,P26039,641.0,A,A,H
154,154,154,642.0,A,G,H,642.0,GLY,A,P26039,642.0,G,G,H
155,155,155,643.0,A,N,H,643.0,ASN,A,P26039,643.0,N,N,H
156,156,156,644.0,A,V,H,644.0,VAL,A,P26039,644.0,V,V,H
157,157,157,645.0,A,G,H,645.0,GLY,A,P26039,645.0,G,G,H
158,158,158,646.0,A,Q,H,646.0,GLN,A,P26039,646.0,Q,Q,H
159,159,159,647.0,A,A,H,647.0,ALA,A,P26039,647.0,A,A,H
160,160,160,648.0,A,S,H,648.0,SER,A,P26039,648.0,S,S,H
161,161,161,649.0,A,G,H,649.0,GLY,A,P26039,649.0,G,G,H
162,162,162,650.0,A,E,H,650.0,GLU,A,P26039,650.0,E,E,H
163,163,163,651.0,A,L,H,651.0,LEU,A,P26039,651.0,L,L,H
164,164,164,652.0,A,L,H,652.0,LEU,A,P26039,652.0,L,L,H
165,165,165,653.0,A,Q,C,653.0,GLN,A,P26039,653.0,Q,Q,H
166,166,166,654.0,A,Q,C,654.0,GLN,A,P26039,654.0,Q,Q,H
