,Unnamed: 0.3,Unnamed: 0.2,Unnamed: 0.1,Unnamed: 0,RES,CHAIN,AA,SS_CLASS,PDB_dbResNum,PDB_dbResName,PDB_dbChainId,UniProt_dbAccessionId,UniProt_dbResNum,UniProt_dbResName,shifted Uni,AF_predictions,Jpred_seq,Jpred_SS_pred
0,0,0,2513,2513,3.0,C,E,C,3.0,GLU,C,P16370,3.0,E,Q,H,E,H
1,1,1,2514,2514,4.0,C,E,C,4.0,GLU,C,P16370,4.0,E,E,H,S,H
2,2,2,2515,2515,5.0,C,G,C,5.0,GLY,C,P16370,5.0,G,N,H,Y,H
3,3,3,2516,2516,6.0,C,P,C,6.0,PRO,C,P16370,6.0,P,E,H,L,H
4,4,4,2517,2517,7.0,C,Q,C,7.0,GLN,C,P16370,7.0,Q,R,H,N,H
5,5,5,2518,2518,8.0,C,V,C,8.0,VAL,C,P16370,8.0,V,N,H,L,H
6,6,6,2519,2519,9.0,C,K,C,9.0,LYS,C,P16370,9.0,K,I,H,L,H
7,7,7,2520,2520,10.0,C,I,C,10.0,ILE,C,P16370,10.0,I,S,H,Q,H
8,8,8,2521,2521,11.0,C,R,C,11.0,ARG,C,P16370,11.0,R,R,H,E,C
9,9,9,2522,2522,12.0,C,E,C,12.0,GLU,C,P16370,12.0,E,L,H,D,C
10,10,10,2523,2523,13.0,C,A,C,13.0,ALA,C,P16370,13.0,A,W,H,E,C
11,11,11,2524,2524,14.0,C,S,C,14.0,SER,C,P16370,14.0,S,R,H,L,C
12,12,12,2525,2525,15.0,C,K,C,15.0,LYS,C,P16370,15.0,K,A,H,D,C
13,13,13,2526,2526,16.0,C,D,C,16.0,ASP,C,P16370,16.0,D,F,H,E,H
14,14,14,2527,2527,17.0,C,N,E,17.0,ASN,C,P16370,17.0,N,R,H,G,H
15,15,15,2528,2528,18.0,C,V,E,18.0,VAL,C,P16370,18.0,V,T,H,T,H
16,16,16,2529,2529,19.0,C,D,C,19.0,ASP,C,P16370,19.0,D,V,H,A,H
17,17,17,2530,2530,20.0,C,F,C,20.0,PHE,C,P16370,20.0,F,K,H,L,H
18,18,18,2531,2531,21.0,C,I,E,21.0,ILE,C,P16370,21.0,I,E,H,S,H
19,19,19,2532,2532,22.0,C,L,E,22.0,LEU,C,P16370,22.0,L,M,H,R,H
20,20,20,2533,2533,23.0,C,S,C,23.0,SER,C,P16370,23.0,S,V,H,L,C
21,21,21,2534,2534,24.0,C,N,C,24.0,ASN,C,P16370,24.0,N,K,H,G,C
22,22,22,2535,2535,25.0,C,V,C,25.0,VAL,C,P16370,25.0,V,D,H,L,C
23,23,23,2536,2536,26.0,C,D,C,26.0,ASP,C,P16370,26.0,D,R,C,K,C
24,24,24,2537,2537,27.0,C,L,H,27.0,LEU,C,P16370,27.0,L,G,C,R,C
25,25,25,2538,2538,28.0,C,A,H,28.0,ALA,C,P16370,28.0,A,Y,C,Y,H
26,26,26,2539,2539,29.0,C,M,H,29.0,MET,C,P16370,29.0,M,F,C,C,H
27,27,27,2540,2540,30.0,C,A,H,30.0,ALA,C,P16370,30.0,A,I,C,C,H
28,28,28,2541,2541,31.0,C,N,H,31.0,ASN,C,P16370,31.0,N,T,C,R,H
29,29,29,2542,2542,32.0,C,S,H,32.0,SER,C,P16370,32.0,S,Q,H,R,H
30,30,30,2543,2543,33.0,C,L,H,33.0,LEU,C,P16370,33.0,L,E,H,M,H
31,31,31,2544,2544,34.0,C,R,H,34.0,ARG,C,P16370,34.0,R,E,H,I,H
32,32,32,2545,2545,35.0,C,R,H,35.0,ARG,C,P16370,35.0,R,V,H,L,H
33,33,33,2546,2546,36.0,C,V,H,36.0,VAL,C,P16370,36.0,V,E,C,T,C
34,34,34,2547,2547,37.0,C,M,H,37.0,MET,C,P16370,37.0,M,L,C,H,E
35,35,35,2548,2548,38.0,C,I,H,38.0,ILE,C,P16370,38.0,I,P,C,V,C
36,36,36,2549,2549,39.0,C,A,H,39.0,ALA,C,P16370,39.0,A,L,H,D,C
37,37,37,2550,2550,40.0,C,E,C,40.0,GLU,C,P16370,40.0,E,E,H,L,C
38,38,38,2551,2551,41.0,C,I,C,41.0,ILE,C,P16370,41.0,I,D,H,I,H
39,39,39,2552,2552,42.0,C,P,C,42.0,PRO,C,P16370,42.0,P,F,H,E,H
40,40,40,2553,2553,43.0,C,T,E,43.0,THR,C,P16370,43.0,T,K,H,K,H
41,41,41,2554,2554,44.0,C,L,E,44.0,LEU,C,P16370,44.0,L,A,H,F,H
42,42,42,2555,2555,45.0,C,A,E,45.0,ALA,C,P16370,45.0,A,K,H,L,H
43,43,43,2556,2556,46.0,C,I,E,46.0,ILE,C,P16370,46.0,I,Y,H,R,C
44,44,44,2557,2557,47.0,C,D,E,47.0,ASP,C,P16370,47.0,D,C,C,Y,C
45,45,45,2558,2558,48.0,C,S,E,48.0,SER,C,P16370,48.0,S,D,C,N,C
46,46,46,2559,2559,49.0,C,V,E,49.0,VAL,C,P16370,49.0,V,S,C,P,C
