,Unnamed: 0,RES,CHAIN,AA,SS_CLASS,PDB_dbResNum,PDB_dbResName,PDB_dbChainId,UniProt_dbAccessionId,UniProt_dbResNum,UniProt_dbResName,shifted Uni,AF_predictions
0,0,26.0,A,P,C,26.0,PRO,A,P0ACB0,27.0,P,P,C
1,1,27.0,A,P,C,27.0,PRO,A,P0ACB0,28.0,P,P,C
2,2,28.0,A,H,C,28.0,HIS,A,P0ACB0,29.0,H,H,C
3,3,29.0,A,S,H,29.0,SER,A,P0ACB0,30.0,S,S,C
4,4,30.0,A,I,H,30.0,ILE,A,P0ACB0,31.0,I,I,H
5,5,31.0,A,E,H,31.0,GLU,A,P0ACB0,32.0,E,E,H
6,6,32.0,A,A,H,32.0,ALA,A,P0ACB0,33.0,A,A,H
7,7,33.0,A,E,H,33.0,GLU,A,P0ACB0,34.0,E,E,H
8,8,34.0,A,Q,H,34.0,GLN,A,P0ACB0,35.0,Q,Q,H
9,9,35.0,A,S,H,35.0,SER,A,P0ACB0,36.0,S,S,H
10,10,36.0,A,V,H,36.0,VAL,A,P0ACB0,37.0,V,V,H
11,11,37.0,A,L,H,37.0,LEU,A,P0ACB0,38.0,L,L,H
12,12,38.0,A,G,H,38.0,GLY,A,P0ACB0,39.0,G,G,H
13,13,39.0,A,G,H,39.0,GLY,A,P0ACB0,40.0,G,G,H
14,14,40.0,A,L,H,40.0,LEU,A,P0ACB0,41.0,L,L,H
15,15,41.0,A,M,H,41.0,MET,A,P0ACB0,42.0,M,M,H
16,16,42.0,A,L,H,42.0,LEU,A,P0ACB0,43.0,L,L,H
17,17,43.0,A,D,C,43.0,ASP,A,P0ACB0,44.0,D,D,C
18,18,44.0,A,N,C,44.0,ASN,A,P0ACB0,45.0,N,N,C
19,19,45.0,A,E,C,45.0,GLU,A,P0ACB0,46.0,E,E,C
20,20,46.0,A,R,C,46.0,ARG,A,P0ACB0,47.0,R,R,C
21,21,47.0,A,W,H,47.0,TRP,A,P0ACB0,48.0,W,W,H
22,22,48.0,A,D,H,48.0,ASP,A,P0ACB0,49.0,D,D,H
23,23,49.0,A,D,H,49.0,ASP,A,P0ACB0,50.0,D,D,H
24,24,50.0,A,V,H,50.0,VAL,A,P0ACB0,51.0,V,V,H
25,25,51.0,A,A,H,51.0,ALA,A,P0ACB0,52.0,A,A,H
26,26,52.0,A,E,C,52.0,GLU,A,P0ACB0,53.0,E,E,C
27,27,53.0,A,R,C,53.0,ARG,A,P0ACB0,54.0,R,R,C
28,28,54.0,A,V,C,54.0,VAL,A,P0ACB0,55.0,V,V,C
29,29,55.0,A,V,C,55.0,VAL,A,P0ACB0,56.0,V,V,C
30,30,56.0,A,A,C,56.0,ALA,A,P0ACB0,57.0,A,A,C
31,31,57.0,A,D,C,57.0,ASP,A,P0ACB0,58.0,D,D,C
32,32,58.0,A,D,C,58.0,ASP,A,P0ACB0,59.0,D,D,C
33,33,59.0,A,F,C,59.0,PHE,A,P0ACB0,60.0,F,F,C
34,34,60.0,A,Y,C,60.0,TYR,A,P0ACB0,61.0,Y,Y,C
35,35,61.0,A,T,C,61.0,THR,A,P0ACB0,62.0,T,T,C
36,36,62.0,A,R,H,62.0,ARG,A,P0ACB0,63.0,R,R,H
37,37,63.0,A,P,H,63.0,PRO,A,P0ACB0,64.0,P,P,H
38,38,64.0,A,H,H,64.0,HIS,A,P0ACB0,65.0,H,H,H
39,39,65.0,A,R,H,65.0,ARG,A,P0ACB0,66.0,R,R,H
40,40,66.0,A,H,H,66.0,HIS,A,P0ACB0,67.0,H,H,H
41,41,67.0,A,I,H,67.0,ILE,A,P0ACB0,68.0,I,I,H
42,42,68.0,A,F,H,68.0,PHE,A,P0ACB0,69.0,F,F,H
43,43,69.0,A,T,H,69.0,THR,A,P0ACB0,70.0,T,T,H
44,44,70.0,A,E,H,70.0,GLU,A,P0ACB0,71.0,E,E,H
45,45,71.0,A,M,H,71.0,MET,A,P0ACB0,72.0,M,M,H
46,46,72.0,A,A,H,72.0,ALA,A,P0ACB0,73.0,A,A,H
47,47,73.0,A,R,H,73.0,ARG,A,P0ACB0,74.0,R,R,H
48,48,74.0,A,L,H,74.0,LEU,A,P0ACB0,75.0,L,L,H
49,49,75.0,A,Q,H,75.0,GLN,A,P0ACB0,76.0,Q,Q,H
50,50,76.0,A,E,H,76.0,GLU,A,P0ACB0,77.0,E,E,H
51,51,77.0,A,S,C,77.0,SER,A,P0ACB0,78.0,S,S,C
52,52,78.0,A,G,C,78.0,GLY,A,P0ACB0,79.0,G,G,C
53,53,79.0,A,S,C,79.0,SER,A,P0ACB0,80.0,S,S,C
54,54,80.0,A,P,C,80.0,PRO,A,P0ACB0,81.0,P,P,C
55,55,81.0,A,I,C,81.0,ILE,A,P0ACB0,82.0,I,I,C
56,56,82.0,A,D,C,82.0,ASP,A,P0ACB0,83.0,D,D,C
57,57,83.0,A,L,H,83.0,LEU,A,P0ACB0,84.0,L,L,H
58,58,84.0,A,I,H,84.0,ILE,A,P0ACB0,85.0,I,I,H
59,59,85.0,A,T,H,85.0,THR,A,P0ACB0,86.0,T,T,H
60,60,86.0,A,L,H,86.0,LEU,A,P0ACB0,87.0,L,L,H
61,61,87.0,A,A,H,87.0,ALA,A,P0ACB0,88.0,A,A,H
62,62,88.0,A,E,H,88.0,GLU,A,P0ACB0,89.0,E,E,H
63,63,89.0,A,S,H,89.0,SER,A,P0ACB0,90.0,S,S,H
64,64,90.0,A,L,H,90.0,LEU,A,P0ACB0,91.0,L,L,H
65,65,91.0,A,E,H,91.0,GLU,A,P0ACB0,92.0,E,E,H
66,66,92.0,A,R,C,92.0,ARG,A,P0ACB0,93.0,R,R,H
67,67,93.0,A,Q,C,93.0,GLN,A,P0ACB0,94.0,Q,Q,C
68,68,94.0,A,G,C,94.0,GLY,A,P0ACB0,95.0,G,G,C
69,69,95.0,A,Q,C,95.0,GLN,A,P0ACB0,96.0,Q,Q,C
70,70,96.0,A,L,H,96.0,LEU,A,P0ACB0,97.0,L,L,C
71,71,97.0,A,D,H,97.0,ASP,A,P0ACB0,98.0,D,D,C
72,72,98.0,A,S,H,98.0,SER,A,P0ACB0,99.0,S,S,C
73,73,99.0,A,V,H,99.0,VAL,A,P0ACB0,100.0,V,V,C
74,74,100.0,A,G,C,100.0,GLY,A,P0ACB0,101.0,G,G,C
75,75,101.0,A,G,H,101.0,GLY,A,P0ACB0,102.0,G,G,H
76,76,102.0,A,F,H,102.0,PHE,A,P0ACB0,103.0,F,F,H
77,77,103.0,A,A,H,103.0,ALA,A,P0ACB0,104.0,A,A,H
78,78,104.0,A,Y,H,104.0,TYR,A,P0ACB0,105.0,Y,Y,H
79,79,105.0,A,L,H,105.0,LEU,A,P0ACB0,106.0,L,L,H
80,80,106.0,A,A,H,106.0,ALA,A,P0ACB0,107.0,A,A,H
81,81,107.0,A,E,H,107.0,GLU,A,P0ACB0,108.0,E,E,H
82,82,108.0,A,L,H,108.0,LEU,A,P0ACB0,109.0,L,L,H
83,83,109.0,A,S,H,109.0,SER,A,P0ACB0,110.0,S,S,H
84,84,110.0,A,K,H,110.0,LYS,A,P0ACB0,111.0,K,K,H
85,85,111.0,A,N,H,111.0,ASN,A,P0ACB0,112.0,N,N,H
86,86,112.0,A,T,C,112.0,THR,A,P0ACB0,113.0,T,T,C
87,87,113.0,A,P,C,113.0,PRO,A,P0ACB0,114.0,P,P,C
88,88,114.0,A,S,C,114.0,SER,A,P0ACB0,115.0,S,S,C
89,89,115.0,A,A,C,115.0,ALA,A,P0ACB0,116.0,A,A,C
90,90,116.0,A,A,C,116.0,ALA,A,P0ACB0,117.0,A,A,C
91,91,117.0,A,N,C,117.0,ASN,A,P0ACB0,118.0,N,N,C
92,92,118.0,A,I,H,118.0,ILE,A,P0ACB0,119.0,I,I,H
93,93,119.0,A,S,H,119.0,SER,A,P0ACB0,120.0,S,S,H
94,94,120.0,A,A,H,120.0,ALA,A,P0ACB0,121.0,A,A,H
95,95,121.0,A,Y,H,121.0,TYR,A,P0ACB0,122.0,Y,Y,H
96,96,122.0,A,A,H,122.0,ALA,A,P0ACB0,123.0,A,A,H
97,97,123.0,A,D,H,123.0,ASP,A,P0ACB0,124.0,D,D,H
98,98,124.0,A,I,H,124.0,ILE,A,P0ACB0,125.0,I,I,H
99,99,125.0,A,V,H,125.0,VAL,A,P0ACB0,126.0,V,V,H
100,100,126.0,A,R,H,126.0,ARG,A,P0ACB0,127.0,R,R,H
101,101,127.0,A,E,C,127.0,GLU,A,P0ACB0,128.0,E,E,H
102,102,26.0,B,P,C,26.0,PRO,B,P0ACB0,27.0,P,P,C
103,103,27.0,B,P,C,27.0,PRO,B,P0ACB0,28.0,P,P,C
104,104,28.0,B,H,C,28.0,HIS,B,P0ACB0,29.0,H,H,C
105,105,29.0,B,S,H,29.0,SER,B,P0ACB0,30.0,S,S,C
106,106,30.0,B,I,H,30.0,ILE,B,P0ACB0,31.0,I,I,H
107,107,31.0,B,E,H,31.0,GLU,B,P0ACB0,32.0,E,E,H
108,108,32.0,B,A,H,32.0,ALA,B,P0ACB0,33.0,A,A,H
109,109,33.0,B,E,H,33.0,GLU,B,P0ACB0,34.0,E,E,H
110,110,34.0,B,Q,H,34.0,GLN,B,P0ACB0,35.0,Q,Q,H
111,111,35.0,B,S,H,35.0,SER,B,P0ACB0,36.0,S,S,H
112,112,36.0,B,V,H,36.0,VAL,B,P0ACB0,37.0,V,V,H
113,113,37.0,B,L,H,37.0,LEU,B,P0ACB0,38.0,L,L,H
114,114,38.0,B,G,H,38.0,GLY,B,P0ACB0,39.0,G,G,H
115,115,39.0,B,G,H,39.0,GLY,B,P0ACB0,40.0,G,G,H
116,116,40.0,B,L,H,40.0,LEU,B,P0ACB0,41.0,L,L,H
117,117,41.0,B,M,H,41.0,MET,B,P0ACB0,42.0,M,M,H
118,118,42.0,B,L,H,42.0,LEU,B,P0ACB0,43.0,L,L,H
119,119,43.0,B,D,C,43.0,ASP,B,P0ACB0,44.0,D,D,C
120,120,44.0,B,N,C,44.0,ASN,B,P0ACB0,45.0,N,N,C
121,121,45.0,B,E,C,45.0,GLU,B,P0ACB0,46.0,E,E,C
122,122,46.0,B,R,C,46.0,ARG,B,P0ACB0,47.0,R,R,C
123,123,47.0,B,W,H,47.0,TRP,B,P0ACB0,48.0,W,W,H
124,124,48.0,B,D,H,48.0,ASP,B,P0ACB0,49.0,D,D,H
125,125,49.0,B,D,H,49.0,ASP,B,P0ACB0,50.0,D,D,H
126,126,50.0,B,V,H,50.0,VAL,B,P0ACB0,51.0,V,V,H
127,127,51.0,B,A,H,51.0,ALA,B,P0ACB0,52.0,A,A,H
128,128,52.0,B,E,C,52.0,GLU,B,P0ACB0,53.0,E,E,C
129,129,53.0,B,R,C,53.0,ARG,B,P0ACB0,54.0,R,R,C
130,130,54.0,B,V,C,54.0,VAL,B,P0ACB0,55.0,V,V,C
131,131,55.0,B,V,C,55.0,VAL,B,P0ACB0,56.0,V,V,C
132,132,56.0,B,A,C,56.0,ALA,B,P0ACB0,57.0,A,A,C
133,133,57.0,B,D,C,57.0,ASP,B,P0ACB0,58.0,D,D,C
134,134,58.0,B,D,C,58.0,ASP,B,P0ACB0,59.0,D,D,C
135,135,59.0,B,F,C,59.0,PHE,B,P0ACB0,60.0,F,F,C
136,136,60.0,B,Y,C,60.0,TYR,B,P0ACB0,61.0,Y,Y,C
137,137,61.0,B,T,C,61.0,THR,B,P0ACB0,62.0,T,T,C
138,138,62.0,B,R,H,62.0,ARG,B,P0ACB0,63.0,R,R,H
139,139,63.0,B,P,H,63.0,PRO,B,P0ACB0,64.0,P,P,H
140,140,64.0,B,H,H,64.0,HIS,B,P0ACB0,65.0,H,H,H
141,141,65.0,B,R,H,65.0,ARG,B,P0ACB0,66.0,R,R,H
142,142,66.0,B,H,H,66.0,HIS,B,P0ACB0,67.0,H,H,H
143,143,67.0,B,I,H,67.0,ILE,B,P0ACB0,68.0,I,I,H
144,144,68.0,B,F,H,68.0,PHE,B,P0ACB0,69.0,F,F,H
145,145,69.0,B,T,H,69.0,THR,B,P0ACB0,70.0,T,T,H
146,146,70.0,B,E,H,70.0,GLU,B,P0ACB0,71.0,E,E,H
147,147,71.0,B,M,H,71.0,MET,B,P0ACB0,72.0,M,M,H
148,148,72.0,B,A,H,72.0,ALA,B,P0ACB0,73.0,A,A,H
149,149,73.0,B,R,H,73.0,ARG,B,P0ACB0,74.0,R,R,H
150,150,74.0,B,L,H,74.0,LEU,B,P0ACB0,75.0,L,L,H
151,151,75.0,B,Q,H,75.0,GLN,B,P0ACB0,76.0,Q,Q,H
152,152,76.0,B,E,H,76.0,GLU,B,P0ACB0,77.0,E,E,H
153,153,77.0,B,S,C,77.0,SER,B,P0ACB0,78.0,S,S,C
154,154,78.0,B,G,C,78.0,GLY,B,P0ACB0,79.0,G,G,C
155,155,79.0,B,S,C,79.0,SER,B,P0ACB0,80.0,S,S,C
156,156,80.0,B,P,C,80.0,PRO,B,P0ACB0,81.0,P,P,C
157,157,81.0,B,I,C,81.0,ILE,B,P0ACB0,82.0,I,I,C
158,158,82.0,B,D,C,82.0,ASP,B,P0ACB0,83.0,D,D,C
159,159,83.0,B,L,H,83.0,LEU,B,P0ACB0,84.0,L,L,H
160,160,84.0,B,I,H,84.0,ILE,B,P0ACB0,85.0,I,I,H
161,161,85.0,B,T,H,85.0,THR,B,P0ACB0,86.0,T,T,H
162,162,86.0,B,L,H,86.0,LEU,B,P0ACB0,87.0,L,L,H
163,163,87.0,B,A,H,87.0,ALA,B,P0ACB0,88.0,A,A,H
164,164,88.0,B,E,H,88.0,GLU,B,P0ACB0,89.0,E,E,H
165,165,89.0,B,S,H,89.0,SER,B,P0ACB0,90.0,S,S,H
166,166,90.0,B,L,H,90.0,LEU,B,P0ACB0,91.0,L,L,H
167,167,91.0,B,E,H,91.0,GLU,B,P0ACB0,92.0,E,E,H
168,168,92.0,B,R,C,92.0,ARG,B,P0ACB0,93.0,R,R,H
169,169,93.0,B,Q,C,93.0,GLN,B,P0ACB0,94.0,Q,Q,C
170,170,94.0,B,G,C,94.0,GLY,B,P0ACB0,95.0,G,G,C
171,171,95.0,B,Q,C,95.0,GLN,B,P0ACB0,96.0,Q,Q,C
172,172,96.0,B,L,H,96.0,LEU,B,P0ACB0,97.0,L,L,C
173,173,97.0,B,D,H,97.0,ASP,B,P0ACB0,98.0,D,D,C
174,174,98.0,B,S,H,98.0,SER,B,P0ACB0,99.0,S,S,C
175,175,99.0,B,V,H,99.0,VAL,B,P0ACB0,100.0,V,V,C
176,176,100.0,B,G,C,100.0,GLY,B,P0ACB0,101.0,G,G,C
177,177,101.0,B,G,H,101.0,GLY,B,P0ACB0,102.0,G,G,H
178,178,102.0,B,F,H,102.0,PHE,B,P0ACB0,103.0,F,F,H
179,179,103.0,B,A,H,103.0,ALA,B,P0ACB0,104.0,A,A,H
180,180,104.0,B,Y,H,104.0,TYR,B,P0ACB0,105.0,Y,Y,H
181,181,105.0,B,L,H,105.0,LEU,B,P0ACB0,106.0,L,L,H
182,182,106.0,B,A,H,106.0,ALA,B,P0ACB0,107.0,A,A,H
183,183,107.0,B,E,H,107.0,GLU,B,P0ACB0,108.0,E,E,H
184,184,108.0,B,L,H,108.0,LEU,B,P0ACB0,109.0,L,L,H
185,185,109.0,B,S,H,109.0,SER,B,P0ACB0,110.0,S,S,H
186,186,110.0,B,K,H,110.0,LYS,B,P0ACB0,111.0,K,K,H
187,187,111.0,B,N,H,111.0,ASN,B,P0ACB0,112.0,N,N,H
188,188,112.0,B,T,C,112.0,THR,B,P0ACB0,113.0,T,T,C
189,189,113.0,B,P,C,113.0,PRO,B,P0ACB0,114.0,P,P,C
190,190,114.0,B,S,C,114.0,SER,B,P0ACB0,115.0,S,S,C
191,191,115.0,B,A,C,115.0,ALA,B,P0ACB0,116.0,A,A,C
192,192,116.0,B,A,C,116.0,ALA,B,P0ACB0,117.0,A,A,C
193,193,117.0,B,N,C,117.0,ASN,B,P0ACB0,118.0,N,N,C
194,194,118.0,B,I,H,118.0,ILE,B,P0ACB0,119.0,I,I,H
195,195,119.0,B,S,H,119.0,SER,B,P0ACB0,120.0,S,S,H
196,196,120.0,B,A,H,120.0,ALA,B,P0ACB0,121.0,A,A,H
197,197,121.0,B,Y,H,121.0,TYR,B,P0ACB0,122.0,Y,Y,H
198,198,122.0,B,A,H,122.0,ALA,B,P0ACB0,123.0,A,A,H
199,199,123.0,B,D,H,123.0,ASP,B,P0ACB0,124.0,D,D,H
200,200,124.0,B,I,H,124.0,ILE,B,P0ACB0,125.0,I,I,H
201,201,125.0,B,V,H,125.0,VAL,B,P0ACB0,126.0,V,V,H
202,202,126.0,B,R,H,126.0,ARG,B,P0ACB0,127.0,R,R,H
203,203,127.0,B,E,C,127.0,GLU,B,P0ACB0,128.0,E,E,H
204,204,128.0,B,R,C,128.0,ARG,B,P0ACB0,129.0,R,R,H
205,205,26.0,C,P,C,26.0,PRO,C,P0ACB0,27.0,P,P,C
206,206,27.0,C,P,C,27.0,PRO,C,P0ACB0,28.0,P,P,C
207,207,28.0,C,H,C,28.0,HIS,C,P0ACB0,29.0,H,H,C
208,208,29.0,C,S,H,29.0,SER,C,P0ACB0,30.0,S,S,C
209,209,30.0,C,I,H,30.0,ILE,C,P0ACB0,31.0,I,I,H
210,210,31.0,C,E,H,31.0,GLU,C,P0ACB0,32.0,E,E,H
211,211,32.0,C,A,H,32.0,ALA,C,P0ACB0,33.0,A,A,H
212,212,33.0,C,E,H,33.0,GLU,C,P0ACB0,34.0,E,E,H
213,213,34.0,C,Q,H,34.0,GLN,C,P0ACB0,35.0,Q,Q,H
214,214,35.0,C,S,H,35.0,SER,C,P0ACB0,36.0,S,S,H
215,215,36.0,C,V,H,36.0,VAL,C,P0ACB0,37.0,V,V,H
216,216,37.0,C,L,H,37.0,LEU,C,P0ACB0,38.0,L,L,H
217,217,38.0,C,G,H,38.0,GLY,C,P0ACB0,39.0,G,G,H
218,218,39.0,C,G,H,39.0,GLY,C,P0ACB0,40.0,G,G,H
219,219,40.0,C,L,H,40.0,LEU,C,P0ACB0,41.0,L,L,H
220,220,41.0,C,M,H,41.0,MET,C,P0ACB0,42.0,M,M,H
221,221,42.0,C,L,H,42.0,LEU,C,P0ACB0,43.0,L,L,H
222,222,43.0,C,D,C,43.0,ASP,C,P0ACB0,44.0,D,D,C
223,223,44.0,C,N,C,44.0,ASN,C,P0ACB0,45.0,N,N,C
224,224,45.0,C,E,C,45.0,GLU,C,P0ACB0,46.0,E,E,C
225,225,46.0,C,R,C,46.0,ARG,C,P0ACB0,47.0,R,R,C
226,226,47.0,C,W,H,47.0,TRP,C,P0ACB0,48.0,W,W,H
227,227,48.0,C,D,H,48.0,ASP,C,P0ACB0,49.0,D,D,H
228,228,49.0,C,D,H,49.0,ASP,C,P0ACB0,50.0,D,D,H
229,229,50.0,C,V,H,50.0,VAL,C,P0ACB0,51.0,V,V,H
230,230,51.0,C,A,H,51.0,ALA,C,P0ACB0,52.0,A,A,H
231,231,52.0,C,E,C,52.0,GLU,C,P0ACB0,53.0,E,E,C
232,232,53.0,C,R,C,53.0,ARG,C,P0ACB0,54.0,R,R,C
233,233,54.0,C,V,C,54.0,VAL,C,P0ACB0,55.0,V,V,C
234,234,55.0,C,V,C,55.0,VAL,C,P0ACB0,56.0,V,V,C
235,235,56.0,C,A,C,56.0,ALA,C,P0ACB0,57.0,A,A,C
236,236,57.0,C,D,C,57.0,ASP,C,P0ACB0,58.0,D,D,C
237,237,58.0,C,D,C,58.0,ASP,C,P0ACB0,59.0,D,D,C
238,238,59.0,C,F,C,59.0,PHE,C,P0ACB0,60.0,F,F,C
239,239,60.0,C,Y,C,60.0,TYR,C,P0ACB0,61.0,Y,Y,C
240,240,61.0,C,T,C,61.0,THR,C,P0ACB0,62.0,T,T,C
241,241,62.0,C,R,H,62.0,ARG,C,P0ACB0,63.0,R,R,H
242,242,63.0,C,P,H,63.0,PRO,C,P0ACB0,64.0,P,P,H
243,243,64.0,C,H,H,64.0,HIS,C,P0ACB0,65.0,H,H,H
244,244,65.0,C,R,H,65.0,ARG,C,P0ACB0,66.0,R,R,H
245,245,66.0,C,H,H,66.0,HIS,C,P0ACB0,67.0,H,H,H
246,246,67.0,C,I,H,67.0,ILE,C,P0ACB0,68.0,I,I,H
247,247,68.0,C,F,H,68.0,PHE,C,P0ACB0,69.0,F,F,H
248,248,69.0,C,T,H,69.0,THR,C,P0ACB0,70.0,T,T,H
249,249,70.0,C,E,H,70.0,GLU,C,P0ACB0,71.0,E,E,H
250,250,71.0,C,M,H,71.0,MET,C,P0ACB0,72.0,M,M,H
251,251,72.0,C,A,H,72.0,ALA,C,P0ACB0,73.0,A,A,H
252,252,73.0,C,R,H,73.0,ARG,C,P0ACB0,74.0,R,R,H
253,253,74.0,C,L,H,74.0,LEU,C,P0ACB0,75.0,L,L,H
254,254,75.0,C,Q,H,75.0,GLN,C,P0ACB0,76.0,Q,Q,H
255,255,76.0,C,E,H,76.0,GLU,C,P0ACB0,77.0,E,E,H
256,256,77.0,C,S,C,77.0,SER,C,P0ACB0,78.0,S,S,C
257,257,78.0,C,G,C,78.0,GLY,C,P0ACB0,79.0,G,G,C
258,258,79.0,C,S,C,79.0,SER,C,P0ACB0,80.0,S,S,C
259,259,80.0,C,P,C,80.0,PRO,C,P0ACB0,81.0,P,P,C
260,260,81.0,C,I,C,81.0,ILE,C,P0ACB0,82.0,I,I,C
261,261,82.0,C,D,C,82.0,ASP,C,P0ACB0,83.0,D,D,C
262,262,83.0,C,L,H,83.0,LEU,C,P0ACB0,84.0,L,L,H
263,263,84.0,C,I,H,84.0,ILE,C,P0ACB0,85.0,I,I,H
264,264,85.0,C,T,H,85.0,THR,C,P0ACB0,86.0,T,T,H
265,265,86.0,C,L,H,86.0,LEU,C,P0ACB0,87.0,L,L,H
266,266,87.0,C,A,H,87.0,ALA,C,P0ACB0,88.0,A,A,H
267,267,88.0,C,E,H,88.0,GLU,C,P0ACB0,89.0,E,E,H
268,268,89.0,C,S,H,89.0,SER,C,P0ACB0,90.0,S,S,H
269,269,90.0,C,L,H,90.0,LEU,C,P0ACB0,91.0,L,L,H
270,270,91.0,C,E,H,91.0,GLU,C,P0ACB0,92.0,E,E,H
271,271,92.0,C,R,C,92.0,ARG,C,P0ACB0,93.0,R,R,H
272,272,93.0,C,Q,C,93.0,GLN,C,P0ACB0,94.0,Q,Q,C
273,273,94.0,C,G,C,94.0,GLY,C,P0ACB0,95.0,G,G,C
274,274,95.0,C,Q,C,95.0,GLN,C,P0ACB0,96.0,Q,Q,C
275,275,96.0,C,L,H,96.0,LEU,C,P0ACB0,97.0,L,L,C
276,276,97.0,C,D,H,97.0,ASP,C,P0ACB0,98.0,D,D,C
277,277,98.0,C,S,H,98.0,SER,C,P0ACB0,99.0,S,S,C
278,278,99.0,C,V,H,99.0,VAL,C,P0ACB0,100.0,V,V,C
279,279,100.0,C,G,C,100.0,GLY,C,P0ACB0,101.0,G,G,C
280,280,101.0,C,G,H,101.0,GLY,C,P0ACB0,102.0,G,G,H
281,281,102.0,C,F,H,102.0,PHE,C,P0ACB0,103.0,F,F,H
282,282,103.0,C,A,H,103.0,ALA,C,P0ACB0,104.0,A,A,H
283,283,104.0,C,Y,H,104.0,TYR,C,P0ACB0,105.0,Y,Y,H
284,284,105.0,C,L,H,105.0,LEU,C,P0ACB0,106.0,L,L,H
285,285,106.0,C,A,H,106.0,ALA,C,P0ACB0,107.0,A,A,H
286,286,107.0,C,E,H,107.0,GLU,C,P0ACB0,108.0,E,E,H
287,287,108.0,C,L,H,108.0,LEU,C,P0ACB0,109.0,L,L,H
288,288,109.0,C,S,H,109.0,SER,C,P0ACB0,110.0,S,S,H
289,289,110.0,C,K,H,110.0,LYS,C,P0ACB0,111.0,K,K,H
290,290,111.0,C,N,H,111.0,ASN,C,P0ACB0,112.0,N,N,H
291,291,112.0,C,T,C,112.0,THR,C,P0ACB0,113.0,T,T,C
292,292,113.0,C,P,C,113.0,PRO,C,P0ACB0,114.0,P,P,C
293,293,114.0,C,S,C,114.0,SER,C,P0ACB0,115.0,S,S,C
294,294,115.0,C,A,C,115.0,ALA,C,P0ACB0,116.0,A,A,C
295,295,116.0,C,A,C,116.0,ALA,C,P0ACB0,117.0,A,A,C
296,296,117.0,C,N,C,117.0,ASN,C,P0ACB0,118.0,N,N,C
297,297,118.0,C,I,H,118.0,ILE,C,P0ACB0,119.0,I,I,H
298,298,119.0,C,S,H,119.0,SER,C,P0ACB0,120.0,S,S,H
299,299,120.0,C,A,H,120.0,ALA,C,P0ACB0,121.0,A,A,H
300,300,121.0,C,Y,H,121.0,TYR,C,P0ACB0,122.0,Y,Y,H
301,301,122.0,C,A,H,122.0,ALA,C,P0ACB0,123.0,A,A,H
302,302,123.0,C,D,H,123.0,ASP,C,P0ACB0,124.0,D,D,H
303,303,124.0,C,I,H,124.0,ILE,C,P0ACB0,125.0,I,I,H
304,304,125.0,C,V,H,125.0,VAL,C,P0ACB0,126.0,V,V,H
305,305,126.0,C,R,H,126.0,ARG,C,P0ACB0,127.0,R,R,H
306,306,127.0,C,E,C,127.0,GLU,C,P0ACB0,128.0,E,E,H
307,307,26.0,D,P,C,26.0,PRO,D,P0ACB0,27.0,P,P,C
308,308,27.0,D,P,C,27.0,PRO,D,P0ACB0,28.0,P,P,C
309,309,28.0,D,H,C,28.0,HIS,D,P0ACB0,29.0,H,H,C
310,310,29.0,D,S,H,29.0,SER,D,P0ACB0,30.0,S,S,C
311,311,30.0,D,I,H,30.0,ILE,D,P0ACB0,31.0,I,I,H
312,312,31.0,D,E,H,31.0,GLU,D,P0ACB0,32.0,E,E,H
313,313,32.0,D,A,H,32.0,ALA,D,P0ACB0,33.0,A,A,H
314,314,33.0,D,E,H,33.0,GLU,D,P0ACB0,34.0,E,E,H
315,315,34.0,D,Q,H,34.0,GLN,D,P0ACB0,35.0,Q,Q,H
316,316,35.0,D,S,H,35.0,SER,D,P0ACB0,36.0,S,S,H
317,317,36.0,D,V,H,36.0,VAL,D,P0ACB0,37.0,V,V,H
318,318,37.0,D,L,H,37.0,LEU,D,P0ACB0,38.0,L,L,H
319,319,38.0,D,G,H,38.0,GLY,D,P0ACB0,39.0,G,G,H
320,320,39.0,D,G,H,39.0,GLY,D,P0ACB0,40.0,G,G,H
321,321,40.0,D,L,H,40.0,LEU,D,P0ACB0,41.0,L,L,H
322,322,41.0,D,M,H,41.0,MET,D,P0ACB0,42.0,M,M,H
323,323,42.0,D,L,H,42.0,LEU,D,P0ACB0,43.0,L,L,H
324,324,43.0,D,D,C,43.0,ASP,D,P0ACB0,44.0,D,D,C
325,325,44.0,D,N,C,44.0,ASN,D,P0ACB0,45.0,N,N,C
326,326,45.0,D,E,C,45.0,GLU,D,P0ACB0,46.0,E,E,C
327,327,46.0,D,R,C,46.0,ARG,D,P0ACB0,47.0,R,R,C
328,328,47.0,D,W,H,47.0,TRP,D,P0ACB0,48.0,W,W,H
329,329,48.0,D,D,H,48.0,ASP,D,P0ACB0,49.0,D,D,H
330,330,49.0,D,D,H,49.0,ASP,D,P0ACB0,50.0,D,D,H
331,331,50.0,D,V,H,50.0,VAL,D,P0ACB0,51.0,V,V,H
332,332,51.0,D,A,H,51.0,ALA,D,P0ACB0,52.0,A,A,H
333,333,52.0,D,E,C,52.0,GLU,D,P0ACB0,53.0,E,E,C
334,334,53.0,D,R,C,53.0,ARG,D,P0ACB0,54.0,R,R,C
335,335,54.0,D,V,C,54.0,VAL,D,P0ACB0,55.0,V,V,C
336,336,55.0,D,V,C,55.0,VAL,D,P0ACB0,56.0,V,V,C
337,337,56.0,D,A,C,56.0,ALA,D,P0ACB0,57.0,A,A,C
338,338,57.0,D,D,C,57.0,ASP,D,P0ACB0,58.0,D,D,C
339,339,58.0,D,D,C,58.0,ASP,D,P0ACB0,59.0,D,D,C
340,340,59.0,D,F,C,59.0,PHE,D,P0ACB0,60.0,F,F,C
341,341,60.0,D,Y,C,60.0,TYR,D,P0ACB0,61.0,Y,Y,C
342,342,61.0,D,T,C,61.0,THR,D,P0ACB0,62.0,T,T,C
343,343,62.0,D,R,H,62.0,ARG,D,P0ACB0,63.0,R,R,H
344,344,63.0,D,P,H,63.0,PRO,D,P0ACB0,64.0,P,P,H
345,345,64.0,D,H,H,64.0,HIS,D,P0ACB0,65.0,H,H,H
346,346,65.0,D,R,H,65.0,ARG,D,P0ACB0,66.0,R,R,H
347,347,66.0,D,H,H,66.0,HIS,D,P0ACB0,67.0,H,H,H
348,348,67.0,D,I,H,67.0,ILE,D,P0ACB0,68.0,I,I,H
349,349,68.0,D,F,H,68.0,PHE,D,P0ACB0,69.0,F,F,H
350,350,69.0,D,T,H,69.0,THR,D,P0ACB0,70.0,T,T,H
351,351,70.0,D,E,H,70.0,GLU,D,P0ACB0,71.0,E,E,H
352,352,71.0,D,M,H,71.0,MET,D,P0ACB0,72.0,M,M,H
353,353,72.0,D,A,H,72.0,ALA,D,P0ACB0,73.0,A,A,H
354,354,73.0,D,R,H,73.0,ARG,D,P0ACB0,74.0,R,R,H
355,355,74.0,D,L,H,74.0,LEU,D,P0ACB0,75.0,L,L,H
356,356,75.0,D,Q,H,75.0,GLN,D,P0ACB0,76.0,Q,Q,H
357,357,76.0,D,E,H,76.0,GLU,D,P0ACB0,77.0,E,E,H
358,358,77.0,D,S,C,77.0,SER,D,P0ACB0,78.0,S,S,C
359,359,78.0,D,G,C,78.0,GLY,D,P0ACB0,79.0,G,G,C
360,360,79.0,D,S,C,79.0,SER,D,P0ACB0,80.0,S,S,C
361,361,80.0,D,P,C,80.0,PRO,D,P0ACB0,81.0,P,P,C
362,362,81.0,D,I,C,81.0,ILE,D,P0ACB0,82.0,I,I,C
363,363,82.0,D,D,C,82.0,ASP,D,P0ACB0,83.0,D,D,C
364,364,83.0,D,L,H,83.0,LEU,D,P0ACB0,84.0,L,L,H
365,365,84.0,D,I,H,84.0,ILE,D,P0ACB0,85.0,I,I,H
366,366,85.0,D,T,H,85.0,THR,D,P0ACB0,86.0,T,T,H
367,367,86.0,D,L,H,86.0,LEU,D,P0ACB0,87.0,L,L,H
368,368,87.0,D,A,H,87.0,ALA,D,P0ACB0,88.0,A,A,H
369,369,88.0,D,E,H,88.0,GLU,D,P0ACB0,89.0,E,E,H
370,370,89.0,D,S,H,89.0,SER,D,P0ACB0,90.0,S,S,H
371,371,90.0,D,L,H,90.0,LEU,D,P0ACB0,91.0,L,L,H
372,372,91.0,D,E,H,91.0,GLU,D,P0ACB0,92.0,E,E,H
373,373,92.0,D,R,C,92.0,ARG,D,P0ACB0,93.0,R,R,H
374,374,93.0,D,Q,C,93.0,GLN,D,P0ACB0,94.0,Q,Q,C
375,375,94.0,D,G,C,94.0,GLY,D,P0ACB0,95.0,G,G,C
376,376,95.0,D,Q,C,95.0,GLN,D,P0ACB0,96.0,Q,Q,C
377,377,96.0,D,L,H,96.0,LEU,D,P0ACB0,97.0,L,L,C
378,378,97.0,D,D,H,97.0,ASP,D,P0ACB0,98.0,D,D,C
379,379,98.0,D,S,H,98.0,SER,D,P0ACB0,99.0,S,S,C
380,380,99.0,D,V,H,99.0,VAL,D,P0ACB0,100.0,V,V,C
381,381,100.0,D,G,C,100.0,GLY,D,P0ACB0,101.0,G,G,C
382,382,101.0,D,G,H,101.0,GLY,D,P0ACB0,102.0,G,G,H
383,383,102.0,D,F,H,102.0,PHE,D,P0ACB0,103.0,F,F,H
384,384,103.0,D,A,H,103.0,ALA,D,P0ACB0,104.0,A,A,H
385,385,104.0,D,Y,H,104.0,TYR,D,P0ACB0,105.0,Y,Y,H
386,386,105.0,D,L,H,105.0,LEU,D,P0ACB0,106.0,L,L,H
387,387,106.0,D,A,H,106.0,ALA,D,P0ACB0,107.0,A,A,H
388,388,107.0,D,E,H,107.0,GLU,D,P0ACB0,108.0,E,E,H
389,389,108.0,D,L,H,108.0,LEU,D,P0ACB0,109.0,L,L,H
390,390,109.0,D,S,H,109.0,SER,D,P0ACB0,110.0,S,S,H
391,391,110.0,D,K,H,110.0,LYS,D,P0ACB0,111.0,K,K,H
392,392,111.0,D,N,H,111.0,ASN,D,P0ACB0,112.0,N,N,H
393,393,112.0,D,T,C,112.0,THR,D,P0ACB0,113.0,T,T,C
394,394,113.0,D,P,C,113.0,PRO,D,P0ACB0,114.0,P,P,C
395,395,114.0,D,S,C,114.0,SER,D,P0ACB0,115.0,S,S,C
396,396,115.0,D,A,C,115.0,ALA,D,P0ACB0,116.0,A,A,C
397,397,116.0,D,A,C,116.0,ALA,D,P0ACB0,117.0,A,A,C
398,398,117.0,D,N,C,117.0,ASN,D,P0ACB0,118.0,N,N,C
399,399,118.0,D,I,H,118.0,ILE,D,P0ACB0,119.0,I,I,H
400,400,119.0,D,S,H,119.0,SER,D,P0ACB0,120.0,S,S,H
401,401,120.0,D,A,H,120.0,ALA,D,P0ACB0,121.0,A,A,H
402,402,121.0,D,Y,H,121.0,TYR,D,P0ACB0,122.0,Y,Y,H
403,403,122.0,D,A,H,122.0,ALA,D,P0ACB0,123.0,A,A,H
404,404,123.0,D,D,H,123.0,ASP,D,P0ACB0,124.0,D,D,H
405,405,124.0,D,I,H,124.0,ILE,D,P0ACB0,125.0,I,I,H
406,406,125.0,D,V,H,125.0,VAL,D,P0ACB0,126.0,V,V,H
407,407,126.0,D,R,H,126.0,ARG,D,P0ACB0,127.0,R,R,H
408,408,127.0,D,E,C,127.0,GLU,D,P0ACB0,128.0,E,E,H
409,409,128.0,D,R,C,128.0,ARG,D,P0ACB0,129.0,R,R,H
