,Unnamed: 0.1,Unnamed: 0,RES,CHAIN,AA,SS_CLASS,PDB_dbResNum,PDB_dbResName,PDB_dbChainId,UniProt_dbAccessionId,UniProt_dbResNum,UniProt_dbResName,PDB_codeSecondaryStructure,PDB_nameSecondaryStructure,shifted Uni,AF_predictions
0,1,1,8.0,A,T,C,8.0,THR,A,P11741,8.0,T,T,loop,T,C
1,2,2,9.0,A,T,C,9.0,THR,A,P11741,9.0,T,T,loop,T,C
2,3,3,10.0,A,T,E,10.0,THR,A,P11741,10.0,T,E,strand,T,E
3,4,4,11.0,A,A,E,11.0,ALA,A,P11741,11.0,A,E,strand,A,E
4,5,5,12.0,A,H,E,12.0,HIS,A,P11741,12.0,H,E,strand,H,E
5,6,6,13.0,A,S,E,13.0,SER,A,P11741,13.0,S,E,strand,S,E
6,7,7,14.0,A,D,E,14.0,ASP,A,P11741,14.0,D,E,strand,D,E
7,8,8,15.0,A,Y,E,15.0,TYR,A,P11741,15.0,Y,E,strand,Y,E
8,9,9,16.0,A,E,E,16.0,GLU,A,P11741,16.0,E,E,strand,E,E
9,10,10,17.0,A,I,E,17.0,ILE,A,P11741,17.0,I,E,strand,I,E
10,11,11,18.0,A,I,E,18.0,ILE,A,P11741,18.0,I,E,strand,I,E
11,12,12,19.0,A,L,E,19.0,LEU,A,P11741,19.0,L,E,strand,L,E
12,13,13,20.0,A,E,C,20.0,GLU,A,P11741,20.0,E,T,loop,E,C
13,14,14,21.0,A,G,C,21.0,GLY,A,P11741,21.0,G,T,loop,G,C
14,15,15,22.0,A,G,C,22.0,GLY,A,P11741,22.0,G,T,loop,G,C
15,16,16,23.0,A,S,C,23.0,SER,A,P11741,23.0,S,T,loop,S,C
16,17,17,24.0,A,S,C,24.0,SER,A,P11741,24.0,S,T,loop,S,C
17,18,18,25.0,A,S,C,25.0,SER,A,P11741,25.0,S,T,loop,S,C
18,19,19,26.0,A,W,C,26.0,TRP,A,P11741,26.0,W,T,loop,W,C
19,20,20,27.0,A,G,E,27.0,GLY,A,P11741,27.0,G,E,strand,G,E
20,21,21,28.0,A,Q,E,28.0,GLN,A,P11741,28.0,Q,E,strand,Q,E
21,22,22,29.0,A,V,E,29.0,VAL,A,P11741,29.0,V,E,strand,V,E
22,23,23,30.0,A,K,E,30.0,LYS,A,P11741,30.0,K,E,strand,K,E
23,24,24,31.0,A,G,E,31.0,GLY,A,P11741,31.0,G,E,strand,G,E
24,25,25,32.0,A,R,E,32.0,ARG,A,P11741,32.0,R,E,strand,R,E
25,26,26,33.0,A,A,E,33.0,ALA,A,P11741,33.0,A,E,strand,A,E
26,27,27,34.0,A,K,E,34.0,LYS,A,P11741,34.0,K,E,strand,K,E
27,28,28,35.0,A,V,E,35.0,VAL,A,P11741,35.0,V,E,strand,V,E
28,29,29,36.0,A,N,C,36.0,ASN,A,P11741,36.0,N,T,loop,N,C
29,30,30,37.0,A,V,C,37.0,VAL,A,P11741,37.0,V,T,loop,V,C
30,31,31,38.0,A,P,C,38.0,PRO,A,P11741,38.0,P,T,loop,P,C
31,32,32,39.0,A,A,C,39.0,ALA,A,P11741,39.0,A,T,loop,A,C
32,33,33,40.0,A,A,C,40.0,ALA,A,P11741,40.0,A,T,loop,A,C
33,34,34,41.0,A,I,C,41.0,ILE,A,P11741,41.0,I,T,loop,I,C
34,35,35,42.0,A,P,C,42.0,PRO,A,P11741,42.0,P,T,loop,P,C
35,36,36,43.0,A,L,C,43.0,LEU,A,P11741,43.0,L,T,loop,L,C
36,37,37,44.0,A,L,C,44.0,LEU,A,P11741,44.0,L,T,loop,L,C
37,38,38,45.0,A,P,C,45.0,PRO,A,P11741,45.0,P,T,loop,P,C
38,39,39,46.0,A,T,E,46.0,THR,A,P11741,46.0,T,E,strand,T,E
39,40,40,47.0,A,D,E,47.0,ASP,A,P11741,47.0,D,E,strand,D,E
40,41,41,48.0,A,C,E,48.0,CYS,A,P11741,48.0,C,E,strand,C,E
41,42,42,49.0,A,N,E,49.0,ASN,A,P11741,49.0,N,E,strand,N,E
42,43,43,50.0,A,I,E,50.0,ILE,A,P11741,50.0,I,E,strand,I,E
43,44,44,51.0,A,R,E,51.0,ARG,A,P11741,51.0,R,E,strand,R,E
44,45,45,52.0,A,I,E,52.0,ILE,A,P11741,52.0,I,E,strand,I,E
45,46,46,53.0,A,D,E,53.0,ASP,A,P11741,53.0,D,E,strand,D,E
46,47,47,54.0,A,A,E,54.0,ALA,A,P11741,54.0,A,E,strand,A,E
47,48,48,55.0,A,K,E,55.0,LYS,A,P11741,55.0,K,E,strand,K,E
48,49,49,56.0,A,P,E,56.0,PRO,A,P11741,56.0,P,E,strand,P,E
49,50,50,57.0,A,L,C,57.0,LEU,A,P11741,57.0,L,T,loop,L,E
50,51,51,58.0,A,D,C,58.0,ASP,A,P11741,58.0,D,T,loop,D,E
51,52,52,59.0,A,A,C,59.0,ALA,A,P11741,59.0,A,T,loop,A,C
52,53,53,60.0,A,Q,C,60.0,GLN,A,P11741,60.0,Q,T,loop,Q,C
53,54,54,61.0,A,K,C,61.0,LYS,A,P11741,61.0,K,T,loop,K,C
54,55,55,62.0,A,G,C,62.0,GLY,A,P11741,62.0,G,T,loop,G,C
55,56,56,63.0,A,V,C,63.0,VAL,A,P11741,63.0,V,T,loop,V,E
56,57,57,64.0,A,V,E,64.0,VAL,A,P11741,64.0,V,E,strand,V,E
57,58,58,65.0,A,R,E,65.0,ARG,A,P11741,65.0,R,E,strand,R,E
58,59,59,66.0,A,F,E,66.0,PHE,A,P11741,66.0,F,E,strand,F,E
59,60,60,67.0,A,T,E,67.0,THR,A,P11741,67.0,T,E,strand,T,E
60,61,61,68.0,A,T,E,68.0,THR,A,P11741,68.0,T,E,strand,T,E
61,62,62,69.0,A,K,E,69.0,LYS,A,P11741,69.0,K,E,strand,K,E
62,63,63,70.0,A,I,E,70.0,ILE,A,P11741,70.0,I,E,strand,I,E
63,64,64,71.0,A,E,E,71.0,GLU,A,P11741,71.0,E,E,strand,E,E
64,65,65,72.0,A,S,E,72.0,SER,A,P11741,72.0,S,E,strand,S,E
65,66,66,73.0,A,V,E,73.0,VAL,A,P11741,73.0,V,E,strand,V,E
66,67,67,74.0,A,V,E,74.0,VAL,A,P11741,74.0,V,E,strand,V,E
67,68,68,75.0,A,D,C,75.0,ASP,A,P11741,75.0,D,T,loop,D,C
68,69,69,76.0,A,S,C,76.0,SER,A,P11741,76.0,S,T,loop,S,C
69,70,70,77.0,A,V,E,77.0,VAL,A,P11741,77.0,V,E,strand,V,E
70,71,71,78.0,A,K,E,78.0,LYS,A,P11741,78.0,K,E,strand,K,E
71,72,72,79.0,A,N,E,79.0,ASN,A,P11741,79.0,N,E,strand,N,E
72,73,73,80.0,A,T,E,80.0,THR,A,P11741,80.0,T,E,strand,T,E
73,74,74,81.0,A,L,E,81.0,LEU,A,P11741,81.0,L,E,strand,L,E
74,75,75,82.0,A,N,E,82.0,ASN,A,P11741,82.0,N,E,strand,N,E
75,76,76,83.0,A,V,E,83.0,VAL,A,P11741,83.0,V,E,strand,V,E
76,77,77,84.0,A,E,E,84.0,GLU,A,P11741,84.0,E,E,strand,E,E
77,78,78,85.0,A,V,E,85.0,VAL,A,P11741,85.0,V,E,strand,V,E
78,79,79,86.0,A,D,E,86.0,ASP,A,P11741,86.0,D,E,strand,D,E
79,80,80,87.0,A,I,E,87.0,ILE,A,P11741,87.0,I,E,strand,I,E
80,81,81,88.0,A,A,E,88.0,ALA,A,P11741,88.0,A,E,strand,A,E
81,82,82,89.0,A,N,E,89.0,ASN,A,P11741,89.0,N,E,strand,N,E
82,83,83,90.0,A,E,C,90.0,GLU,A,P11741,90.0,E,T,loop,E,C
83,84,84,91.0,A,T,C,91.0,THR,A,P11741,91.0,T,T,loop,T,C
84,85,85,92.0,A,K,C,92.0,LYS,A,P11741,92.0,K,T,loop,K,C
85,86,86,93.0,A,D,C,93.0,ASP,A,P11741,93.0,D,T,loop,D,C
86,87,87,94.0,A,R,E,94.0,ARG,A,P11741,94.0,R,E,strand,R,E
87,88,88,95.0,A,R,E,95.0,ARG,A,P11741,95.0,R,E,strand,R,E
88,89,89,96.0,A,I,E,96.0,ILE,A,P11741,96.0,I,E,strand,I,E
89,90,90,97.0,A,A,E,97.0,ALA,A,P11741,97.0,A,E,strand,A,E
90,91,91,98.0,A,V,E,98.0,VAL,A,P11741,98.0,V,E,strand,V,E
91,92,92,99.0,A,G,E,99.0,GLY,A,P11741,99.0,G,E,strand,G,E
92,93,93,100.0,A,E,E,100.0,GLU,A,P11741,100.0,E,E,strand,E,E
93,94,94,101.0,A,G,E,101.0,GLY,A,P11741,101.0,G,E,strand,G,E
94,95,95,102.0,A,S,E,102.0,SER,A,P11741,102.0,S,E,strand,S,E
95,96,96,103.0,A,L,E,103.0,LEU,A,P11741,103.0,L,E,strand,L,E
96,97,97,104.0,A,S,E,104.0,SER,A,P11741,104.0,S,E,strand,S,E
97,98,98,105.0,A,V,E,105.0,VAL,A,P11741,105.0,V,E,strand,V,E
98,99,99,106.0,A,G,C,106.0,GLY,A,P11741,106.0,G,T,loop,G,C
99,100,100,107.0,A,D,C,107.0,ASP,A,P11741,107.0,D,T,loop,D,C
100,101,101,108.0,A,F,E,108.0,PHE,A,P11741,108.0,F,E,strand,F,E
101,102,102,109.0,A,S,E,109.0,SER,A,P11741,109.0,S,E,strand,S,E
102,103,103,110.0,A,H,E,110.0,HIS,A,P11741,110.0,H,E,strand,H,E
103,104,104,111.0,A,S,E,111.0,SER,A,P11741,111.0,S,E,strand,S,E
104,105,105,112.0,A,F,E,112.0,PHE,A,P11741,112.0,F,E,strand,F,E
105,106,106,113.0,A,S,E,113.0,SER,A,P11741,113.0,S,E,strand,S,E
106,107,107,114.0,A,F,E,114.0,PHE,A,P11741,114.0,F,E,strand,F,E
107,108,108,115.0,A,E,E,115.0,GLU,A,P11741,115.0,E,E,strand,E,E
108,109,109,116.0,A,G,E,116.0,GLY,A,P11741,116.0,G,E,strand,G,E
109,110,110,117.0,A,S,E,117.0,SER,A,P11741,117.0,Q,E,strand,Q,E
110,111,111,118.0,A,V,E,118.0,VAL,A,P11741,118.0,V,E,strand,V,E
111,112,112,119.0,A,V,E,119.0,VAL,A,P11741,119.0,V,E,strand,V,E
112,113,113,120.0,A,N,E,120.0,ASN,A,P11741,120.0,N,E,strand,N,E
113,114,114,121.0,A,M,E,121.0,MET,A,P11741,121.0,M,E,strand,M,E
114,115,115,122.0,A,Y,E,122.0,TYR,A,P11741,122.0,Y,E,strand,Y,E
115,116,116,123.0,A,Y,C,123.0,TYR,A,P11741,123.0,Y,T,loop,Y,C
116,117,117,124.0,A,Y,C,124.0,TYR,A,P11741,124.0,Y,T,loop,Y,C
117,118,118,125.0,A,R,C,125.0,ARG,A,P11741,125.0,R,T,loop,R,C
118,119,119,126.0,A,S,C,126.0,SER,A,P11741,126.0,S,H,helix,S,C
119,120,120,127.0,A,D,H,127.0,ASP,A,P11741,127.0,D,H,helix,D,H
120,121,121,128.0,A,A,H,128.0,ALA,A,P11741,128.0,A,H,helix,A,H
121,122,122,129.0,A,V,H,129.0,VAL,A,P11741,129.0,V,H,helix,V,H
122,123,123,130.0,A,R,H,130.0,ARG,A,P11741,130.0,R,H,helix,R,H
123,124,124,131.0,A,R,C,131.0,ARG,A,P11741,131.0,R,H,helix,R,H
124,125,125,132.0,A,N,C,132.0,ASN,A,P11741,132.0,N,T,loop,N,H
125,126,126,133.0,A,I,C,133.0,ILE,A,P11741,133.0,I,T,loop,I,C
126,127,127,134.0,A,P,C,134.0,PRO,A,P11741,134.0,P,T,loop,P,C
127,128,128,135.0,A,N,C,135.0,ASN,A,P11741,135.0,N,T,loop,N,C
128,129,129,136.0,A,P,C,136.0,PRO,A,P11741,136.0,P,T,loop,P,C
129,130,130,137.0,A,I,C,137.0,ILE,A,P11741,137.0,I,T,loop,I,C
130,131,131,138.0,A,Y,C,138.0,TYR,A,P11741,138.0,Y,T,loop,Y,C
131,132,132,139.0,A,M,C,139.0,MET,A,P11741,139.0,M,T,loop,M,C
132,133,133,140.0,A,Q,C,140.0,GLN,A,P11741,140.0,Q,T,loop,Q,C
133,134,134,141.0,A,G,E,141.0,GLY,A,P11741,141.0,G,E,strand,G,E
134,135,135,142.0,A,R,E,142.0,ARG,A,P11741,142.0,R,E,strand,R,E
135,136,136,143.0,A,Q,E,143.0,GLN,A,P11741,143.0,Q,E,strand,Q,E
136,137,137,144.0,A,F,E,144.0,PHE,A,P11741,144.0,F,E,strand,F,E
137,138,138,145.0,A,H,E,145.0,HIS,A,P11741,145.0,H,E,strand,H,E
138,139,139,146.0,A,D,E,146.0,ASP,A,P11741,146.0,D,E,strand,D,E
139,140,140,147.0,A,I,E,147.0,ILE,A,P11741,147.0,I,E,strand,I,E
140,141,141,148.0,A,L,E,148.0,LEU,A,P11741,148.0,L,E,strand,L,E
141,142,142,149.0,A,M,E,149.0,MET,A,P11741,149.0,M,E,strand,M,E
142,143,143,150.0,A,K,E,150.0,LYS,A,P11741,150.0,K,E,strand,K,E
143,144,144,151.0,A,V,E,151.0,VAL,A,P11741,151.0,V,E,strand,V,E
144,145,145,152.0,A,P,E,152.0,PRO,A,P11741,152.0,P,E,strand,P,E
145,146,146,153.0,A,L,C,153.0,LEU,A,P11741,153.0,L,T,loop,L,C
146,147,147,154.0,A,D,C,154.0,ASP,A,P11741,154.0,D,T,loop,D,C
147,148,148,155.0,A,N,C,155.0,ASN,A,P11741,155.0,N,H,helix,N,C
148,149,149,156.0,A,N,H,156.0,ASN,A,P11741,156.0,N,H,helix,N,H
149,150,150,157.0,A,D,H,157.0,ASP,A,P11741,157.0,D,H,helix,D,H
150,151,151,158.0,A,L,H,158.0,LEU,A,P11741,158.0,L,H,helix,L,H
151,152,152,159.0,A,V,H,159.0,VAL,A,P11741,159.0,V,H,helix,V,H
152,153,153,160.0,A,D,H,160.0,ASP,A,P11741,160.0,D,H,helix,D,H
153,154,154,161.0,A,T,H,161.0,THR,A,P11741,161.0,T,H,helix,T,H
154,155,155,162.0,A,W,H,162.0,TRP,A,P11741,162.0,W,H,helix,W,H
155,156,156,163.0,A,E,H,163.0,GLU,A,P11741,163.0,E,H,helix,E,H
156,157,157,164.0,A,G,H,164.0,GLY,A,P11741,164.0,G,H,helix,G,H
157,158,158,165.0,A,F,H,165.0,PHE,A,P11741,165.0,F,H,helix,F,H
158,159,159,166.0,A,Q,H,166.0,GLN,A,P11741,166.0,Q,H,helix,Q,H
159,160,160,167.0,A,Q,H,167.0,GLN,A,P11741,167.0,Q,H,helix,Q,H
160,161,161,168.0,A,S,H,168.0,SER,A,P11741,168.0,S,H,helix,S,H
161,162,162,169.0,A,I,H,169.0,ILE,A,P11741,169.0,I,H,helix,I,H
162,163,163,170.0,A,S,H,170.0,SER,A,P11741,170.0,S,H,helix,S,H
163,164,164,171.0,A,G,H,171.0,GLY,A,P11741,171.0,G,H,helix,G,H
164,165,165,172.0,A,G,C,172.0,GLY,A,P11741,172.0,G,H,helix,G,H
165,166,166,173.0,A,G,H,173.0,GLY,A,P11741,173.0,G,H,helix,G,C
166,167,167,174.0,A,A,H,174.0,ALA,A,P11741,174.0,A,H,helix,A,H
167,168,168,175.0,A,N,H,175.0,ASN,A,P11741,175.0,N,H,helix,N,H
168,169,169,176.0,A,F,H,176.0,PHE,A,P11741,176.0,F,H,helix,F,H
169,170,170,177.0,A,G,H,177.0,GLY,A,P11741,177.0,G,H,helix,G,H
170,171,171,178.0,A,D,H,178.0,ASP,A,P11741,178.0,D,H,helix,D,H
171,172,172,179.0,A,W,H,179.0,TRP,A,P11741,179.0,W,H,helix,W,H
172,173,173,180.0,A,I,H,180.0,ILE,A,P11741,180.0,I,H,helix,I,H
173,174,174,181.0,A,R,H,181.0,ARG,A,P11741,181.0,R,H,helix,R,H
174,175,175,182.0,A,E,H,182.0,GLU,A,P11741,182.0,E,H,helix,E,H
175,176,176,183.0,A,F,H,183.0,PHE,A,P11741,183.0,F,H,helix,F,H
176,177,177,184.0,A,W,H,184.0,TRP,A,P11741,184.0,W,H,helix,W,H
177,178,178,185.0,A,F,C,185.0,PHE,A,P11741,185.0,F,H,helix,F,C
178,179,179,186.0,A,I,C,186.0,ILE,A,P11741,186.0,I,T,loop,I,C
179,180,180,187.0,A,G,C,187.0,GLY,A,P11741,187.0,G,T,loop,G,C
180,181,181,188.0,A,P,C,188.0,PRO,A,P11741,188.0,P,H,helix,P,C
181,182,182,189.0,A,A,H,189.0,ALA,A,P11741,189.0,A,H,helix,A,H
182,183,183,190.0,A,F,H,190.0,PHE,A,P11741,190.0,F,H,helix,F,H
183,184,184,191.0,A,A,H,191.0,ALA,A,P11741,191.0,A,H,helix,A,H
184,185,185,192.0,A,A,H,192.0,ALA,A,P11741,192.0,A,H,helix,A,H
185,186,186,193.0,A,I,H,193.0,ILE,A,P11741,193.0,I,H,helix,I,H
186,187,187,194.0,A,N,H,194.0,ASN,A,P11741,194.0,N,H,helix,N,H
187,188,188,195.0,A,E,H,195.0,GLU,A,P11741,195.0,E,H,helix,E,H
188,189,189,196.0,A,G,C,196.0,GLY,A,P11741,196.0,G,H,helix,G,C
189,190,190,197.0,A,G,C,197.0,GLY,A,P11741,197.0,G,T,loop,G,C
190,191,191,198.0,A,Q,E,198.0,GLN,A,P11741,198.0,Q,E,strand,Q,E
191,192,192,199.0,A,R,E,199.0,ARG,A,P11741,199.0,R,E,strand,R,E
192,193,193,200.0,A,I,E,200.0,ILE,A,P11741,200.0,I,E,strand,I,E
193,194,194,201.0,A,S,C,201.0,SER,A,P11741,201.0,S,T,loop,S,C
194,195,195,202.0,A,P,C,202.0,PRO,A,P11741,202.0,P,T,loop,P,C
195,196,196,203.0,A,I,C,203.0,ILE,A,P11741,203.0,I,T,loop,I,C
196,197,197,204.0,A,V,E,204.0,VAL,A,P11741,204.0,V,E,strand,V,E
197,198,198,205.0,A,V,E,205.0,VAL,A,P11741,205.0,V,E,strand,V,E
198,199,199,206.0,A,N,E,206.0,ASN,A,P11741,206.0,N,E,strand,N,E
199,200,200,207.0,A,S,E,207.0,SER,A,P11741,207.0,S,E,strand,S,E
200,201,201,208.0,A,S,E,208.0,SER,A,P11741,208.0,S,E,strand,S,E
201,202,202,209.0,A,N,E,209.0,ASN,A,P11741,209.0,N,E,strand,N,E
202,203,203,210.0,A,V,E,210.0,VAL,A,P11741,210.0,V,E,strand,V,E
203,204,204,211.0,A,E,E,211.0,GLU,A,P11741,211.0,E,E,strand,E,E
204,205,205,212.0,A,G,C,212.0,GLY,A,P11741,212.0,G,T,loop,G,E
205,207,207,215.0,A,K,C,215.0,LYS,A,P11741,215.0,K,T,loop,K,C
206,208,208,216.0,A,G,C,216.0,GLY,A,P11741,216.0,G,T,loop,G,E
207,209,209,217.0,A,P,C,217.0,PRO,A,P11741,217.0,P,T,loop,P,E
208,210,210,218.0,A,V,E,218.0,VAL,A,P11741,218.0,V,E,strand,V,E
209,211,211,219.0,A,G,E,219.0,GLY,A,P11741,219.0,G,E,strand,G,E
210,212,212,220.0,A,V,E,220.0,VAL,A,P11741,220.0,V,E,strand,V,E
211,213,213,221.0,A,T,E,221.0,THR,A,P11741,221.0,T,E,strand,T,E
212,214,214,222.0,A,R,E,222.0,ARG,A,P11741,222.0,R,E,strand,R,E
213,215,215,223.0,A,W,E,223.0,TRP,A,P11741,223.0,W,E,strand,W,E
214,216,216,224.0,A,K,E,224.0,LYS,A,P11741,224.0,K,E,strand,K,E
215,217,217,225.0,A,F,E,225.0,PHE,A,P11741,225.0,F,E,strand,F,E
216,218,218,226.0,A,S,E,226.0,SER,A,P11741,226.0,S,E,strand,S,E
217,219,219,227.0,A,H,E,227.0,HIS,A,P11741,227.0,H,E,strand,H,E
218,220,220,228.0,A,A,E,228.0,ALA,A,P11741,228.0,A,E,strand,A,E
219,221,221,229.0,A,G,E,229.0,GLY,A,P11741,229.0,G,E,strand,G,E
220,222,222,230.0,A,S,C,230.0,SER,A,P11741,230.0,S,T,loop,S,C
221,223,223,231.0,A,G,C,231.0,GLY,A,P11741,231.0,G,T,loop,G,C
222,224,224,232.0,A,V,C,232.0,VAL,A,P11741,232.0,V,T,loop,V,C
223,225,225,233.0,A,V,C,233.0,VAL,A,P11741,233.0,V,H,helix,V,C
224,226,226,234.0,A,D,H,234.0,ASP,A,P11741,234.0,D,H,helix,D,H
225,227,227,235.0,A,S,H,235.0,SER,A,P11741,235.0,S,H,helix,S,H
226,228,228,236.0,A,I,H,236.0,ILE,A,P11741,236.0,I,H,helix,I,H
227,229,229,237.0,A,S,H,237.0,SER,A,P11741,237.0,S,H,helix,S,H
228,230,230,238.0,A,R,C,238.0,ARG,A,P11741,238.0,R,H,helix,R,C
229,231,231,239.0,A,W,C,239.0,TRP,A,P11741,239.0,W,T,loop,W,C
230,232,232,240.0,A,T,C,240.0,THR,A,P11741,240.0,T,T,loop,T,C
231,233,233,241.0,A,E,C,241.0,GLU,A,P11741,241.0,E,T,loop,E,C
232,234,234,242.0,A,L,C,242.0,LEU,A,P11741,242.0,L,T,loop,L,C
233,235,235,243.0,A,F,C,243.0,PHE,A,P11741,243.0,F,T,loop,F,C
234,236,236,244.0,A,P,C,244.0,PRO,A,P11741,244.0,P,H,helix,P,C
235,237,237,245.0,A,V,C,245.0,VAL,A,P11741,245.0,V,H,helix,V,C
236,238,238,246.0,A,E,C,246.0,GLU,A,P11741,246.0,E,H,helix,E,C
237,239,239,247.0,A,Q,C,247.0,GLN,A,P11741,247.0,Q,H,helix,Q,C
238,240,240,248.0,A,L,C,248.0,LEU,A,P11741,248.0,L,H,helix,L,C
239,241,241,249.0,A,N,C,249.0,ASN,A,P11741,249.0,N,T,loop,N,C
240,242,242,250.0,A,K,C,250.0,LYS,A,P11741,250.0,K,T,loop,K,C
241,243,243,251.0,A,P,C,251.0,PRO,A,P11741,251.0,P,T,loop,P,C
242,244,244,252.0,A,A,E,252.0,ALA,A,P11741,252.0,A,E,strand,A,E
243,245,245,253.0,A,S,E,253.0,SER,A,P11741,253.0,S,E,strand,S,E
244,246,246,254.0,A,I,E,254.0,ILE,A,P11741,254.0,I,E,strand,I,E
245,247,247,255.0,A,E,E,255.0,GLU,A,P11741,255.0,E,E,strand,E,E
246,248,248,256.0,A,G,E,256.0,GLY,A,P11741,256.0,G,E,strand,G,E
247,249,249,257.0,A,G,E,257.0,GLY,A,P11741,257.0,G,E,strand,G,E
248,250,250,258.0,A,F,E,258.0,PHE,A,P11741,258.0,F,E,strand,F,E
249,251,251,259.0,A,R,E,259.0,ARG,A,P11741,259.0,R,E,strand,R,E
250,252,252,260.0,A,S,E,260.0,SER,A,P11741,260.0,S,E,strand,S,E
251,253,253,261.0,A,D,C,261.0,ASP,A,P11741,261.0,D,T,loop,D,C
252,254,254,262.0,A,S,C,262.0,SER,A,P11741,262.0,S,T,loop,S,C
253,255,255,263.0,A,Q,C,263.0,GLN,A,P11741,263.0,Q,T,loop,Q,C
254,256,256,264.0,A,G,C,264.0,GLY,A,P11741,264.0,G,T,loop,G,C
255,257,257,265.0,A,I,E,265.0,ILE,A,P11741,265.0,I,E,strand,I,E
256,258,258,266.0,A,E,E,266.0,GLU,A,P11741,266.0,E,E,strand,E,E
257,259,259,267.0,A,V,E,267.0,VAL,A,P11741,267.0,V,E,strand,V,E
258,260,260,268.0,A,K,E,268.0,LYS,A,P11741,268.0,K,E,strand,K,E
259,261,261,269.0,A,V,E,269.0,VAL,A,P11741,269.0,V,E,strand,V,E
260,262,262,270.0,A,D,E,270.0,ASP,A,P11741,270.0,D,E,strand,D,E
261,263,263,271.0,A,G,E,271.0,GLY,A,P11741,271.0,G,E,strand,G,E
262,264,264,272.0,A,N,E,272.0,ASN,A,P11741,272.0,N,E,strand,N,E
263,265,265,273.0,A,L,E,273.0,LEU,A,P11741,273.0,L,E,strand,L,E
264,266,266,274.0,A,P,C,274.0,PRO,A,P11741,274.0,P,T,loop,P,C
265,267,267,275.0,A,G,C,275.0,GLY,A,P11741,275.0,G,T,loop,G,C
266,268,268,276.0,A,V,C,276.0,VAL,A,P11741,276.0,V,T,loop,V,C
267,269,269,277.0,A,S,E,277.0,SER,A,P11741,277.0,S,E,strand,S,E
268,270,270,278.0,A,R,E,278.0,ARG,A,P11741,278.0,R,E,strand,R,E
269,271,271,279.0,A,D,E,279.0,ASP,A,P11741,279.0,D,E,strand,D,E
270,272,272,280.0,A,A,E,280.0,ALA,A,P11741,280.0,A,E,strand,A,E
271,273,273,281.0,A,G,E,281.0,GLY,A,P11741,281.0,G,E,strand,G,E
272,274,274,282.0,A,G,C,282.0,GLY,A,P11741,282.0,G,T,loop,G,C
273,275,275,283.0,A,G,C,283.0,GLY,A,P11741,283.0,G,T,loop,G,C
274,276,276,284.0,A,L,E,284.0,LEU,A,P11741,284.0,L,E,strand,L,E
275,277,277,285.0,A,R,E,285.0,ARG,A,P11741,285.0,R,E,strand,R,E
276,278,278,286.0,A,R,E,286.0,ARG,A,P11741,286.0,R,E,strand,R,E
277,279,279,287.0,A,I,E,287.0,ILE,A,P11741,287.0,I,E,strand,I,E
278,280,280,288.0,A,L,C,288.0,LEU,A,P11741,288.0,L,T,loop,L,C
279,281,281,289.0,A,N,C,289.0,ASN,A,P11741,289.0,N,T,loop,N,C
280,282,282,290.0,A,H,C,290.0,HIS,A,P11741,290.0,H,T,loop,H,C
281,283,283,291.0,A,P,C,291.0,PRO,A,P11741,291.0,P,H,helix,P,C
282,284,284,292.0,A,L,H,292.0,LEU,A,P11741,292.0,L,H,helix,L,H
283,285,285,293.0,A,I,H,293.0,ILE,A,P11741,293.0,I,H,helix,I,H
284,286,286,294.0,A,P,H,294.0,PRO,A,P11741,294.0,P,H,helix,P,H
285,287,287,295.0,A,L,H,295.0,LEU,A,P11741,295.0,L,H,helix,L,H
286,288,288,296.0,A,V,H,296.0,VAL,A,P11741,296.0,V,H,helix,V,H
287,289,289,297.0,A,H,H,297.0,HIS,A,P11741,297.0,H,H,helix,H,H
288,290,290,298.0,A,H,H,298.0,HIS,A,P11741,298.0,H,H,helix,H,H
289,291,291,299.0,A,G,H,299.0,GLY,A,P11741,299.0,G,H,helix,G,H
290,292,292,300.0,A,M,C,300.0,MET,A,P11741,300.0,M,H,helix,M,C
291,293,293,301.0,A,V,C,301.0,VAL,A,P11741,301.0,V,T,loop,V,C
292,294,294,302.0,A,G,C,302.0,GLY,A,P11741,302.0,G,T,loop,G,C
293,295,295,303.0,A,K,C,303.0,LYS,A,P11741,303.0,K,T,loop,K,C
294,296,296,304.0,A,F,C,304.0,PHE,A,P11741,304.0,F,T,loop,F,C
295,297,297,305.0,A,N,C,305.0,ASN,A,P11741,305.0,N,T,loop,N,C
296,298,298,306.0,A,D,C,306.0,ASP,A,P11741,306.0,D,T,loop,D,C
297,299,299,307.0,A,F,C,307.0,PHE,A,P11741,307.0,F,T,loop,F,C
298,300,300,308.0,A,T,E,308.0,THR,A,P11741,308.0,T,E,strand,T,E
299,301,301,309.0,A,V,E,309.0,VAL,A,P11741,309.0,V,E,strand,V,E
300,302,302,310.0,A,D,E,310.0,ASP,A,P11741,310.0,D,E,strand,D,E
301,303,303,311.0,A,T,E,311.0,THR,A,P11741,311.0,T,E,strand,T,E
302,304,304,312.0,A,Q,E,312.0,GLN,A,P11741,312.0,Q,E,strand,Q,E
303,305,305,313.0,A,L,E,313.0,LEU,A,P11741,313.0,L,E,strand,L,E
304,306,306,314.0,A,K,E,314.0,LYS,A,P11741,314.0,K,E,strand,K,E
305,307,307,315.0,A,I,E,315.0,ILE,A,P11741,315.0,I,E,strand,I,E
306,308,308,316.0,A,V,E,316.0,VAL,A,P11741,316.0,V,E,strand,V,E
307,309,309,317.0,A,L,C,317.0,LEU,A,P11741,317.0,L,T,loop,L,C
308,310,310,318.0,A,P,C,318.0,PRO,A,P11741,318.0,P,T,loop,P,C
309,311,311,319.0,A,K,C,319.0,LYS,A,P11741,319.0,K,T,loop,K,C
310,312,312,320.0,A,G,C,320.0,GLY,A,P11741,320.0,G,T,loop,G,C
311,313,313,321.0,A,Y,C,321.0,TYR,A,P11741,321.0,Y,T,loop,Y,C
312,314,314,322.0,A,K,E,322.0,LYS,A,P11741,322.0,K,E,strand,K,E
313,315,315,323.0,A,I,E,323.0,ILE,A,P11741,323.0,I,E,strand,I,E
314,316,316,324.0,A,R,E,324.0,ARG,A,P11741,324.0,R,E,strand,R,E
315,317,317,325.0,A,Y,E,325.0,TYR,A,P11741,325.0,Y,E,strand,Y,E
316,318,318,326.0,A,A,E,326.0,ALA,A,P11741,326.0,A,E,strand,A,E
317,319,319,327.0,A,A,E,327.0,ALA,A,P11741,327.0,A,E,strand,A,E
318,320,320,328.0,A,P,C,328.0,PRO,A,P11741,328.0,P,T,loop,P,C
319,321,321,329.0,A,Q,C,329.0,GLN,A,P11741,329.0,Q,T,loop,Q,C
320,322,322,330.0,A,F,C,330.0,PHE,A,P11741,330.0,F,T,loop,F,C
321,323,323,331.0,A,R,C,331.0,ARG,A,P11741,331.0,R,T,loop,R,C
322,324,324,332.0,A,S,E,332.0,SER,A,P11741,332.0,S,E,strand,S,E
323,325,325,333.0,A,Q,E,333.0,GLN,A,P11741,333.0,Q,E,strand,Q,E
324,326,326,334.0,A,N,E,334.0,ASN,A,P11741,334.0,N,E,strand,N,E
325,327,327,335.0,A,L,C,335.0,LEU,A,P11741,335.0,L,T,loop,L,C
326,328,328,336.0,A,E,C,336.0,GLU,A,P11741,336.0,E,T,loop,E,C
327,329,329,337.0,A,E,E,337.0,GLU,A,P11741,337.0,E,E,strand,E,E
328,330,330,338.0,A,Y,E,338.0,TYR,A,P11741,338.0,Y,E,strand,Y,E
329,331,331,339.0,A,R,E,339.0,ARG,A,P11741,339.0,R,E,strand,R,E
330,332,332,340.0,A,W,E,340.0,TRP,A,P11741,340.0,W,E,strand,W,E
331,333,333,341.0,A,S,E,341.0,SER,A,P11741,341.0,S,E,strand,S,E
332,334,334,342.0,A,G,C,342.0,GLY,A,P11741,342.0,G,H,helix,G,C
333,335,335,343.0,A,G,H,343.0,GLY,A,P11741,343.0,G,H,helix,G,H
334,336,336,344.0,A,A,H,344.0,ALA,A,P11741,344.0,A,H,helix,A,H
335,337,337,345.0,A,Y,H,345.0,TYR,A,P11741,345.0,Y,H,helix,Y,H
336,338,338,346.0,A,A,H,346.0,ALA,A,P11741,346.0,A,H,helix,A,H
337,339,339,347.0,A,R,H,347.0,ARG,A,P11741,347.0,R,H,helix,R,H
338,340,340,348.0,A,W,H,348.0,TRP,A,P11741,348.0,W,H,helix,W,H
339,341,341,349.0,A,V,H,349.0,VAL,A,P11741,349.0,V,H,helix,V,H
340,342,342,350.0,A,E,H,350.0,GLU,A,P11741,350.0,E,H,helix,E,H
341,343,343,351.0,A,H,H,351.0,HIS,A,P11741,351.0,H,H,helix,H,H
342,344,344,352.0,A,V,H,352.0,VAL,A,P11741,352.0,V,H,helix,V,H
343,345,345,353.0,A,C,H,353.0,CYS,A,P11741,353.0,C,H,helix,C,H
344,346,346,354.0,A,K,C,354.0,LYS,A,P11741,354.0,K,H,helix,K,C
345,347,347,355.0,A,G,C,355.0,GLY,A,P11741,355.0,G,T,loop,G,C
346,348,348,356.0,A,G,C,356.0,GLY,A,P11741,356.0,G,T,loop,G,C
347,349,349,357.0,A,T,C,357.0,THR,A,P11741,357.0,T,T,loop,T,C
348,350,350,358.0,A,G,C,358.0,GLY,A,P11741,358.0,G,T,loop,G,C
349,351,351,359.0,A,Q,C,359.0,GLN,A,P11741,359.0,Q,T,loop,Q,C
350,352,352,360.0,A,F,C,360.0,PHE,A,P11741,360.0,F,T,loop,F,C
351,353,353,361.0,A,E,E,361.0,GLU,A,P11741,361.0,E,E,strand,E,E
352,354,354,362.0,A,V,E,362.0,VAL,A,P11741,362.0,V,E,strand,V,E
353,355,355,363.0,A,L,E,363.0,LEU,A,P11741,363.0,L,E,strand,L,E
354,356,356,364.0,A,Y,E,364.0,TYR,A,P11741,364.0,Y,E,strand,Y,E
355,357,357,365.0,A,A,E,365.0,ALA,A,P11741,365.0,A,E,strand,A,E
356,358,358,366.0,A,Q,C,366.0,GLN,A,P11741,366.0,Q,T,loop,,
