,Unnamed: 0,Unnamed: 0.1,Unnamed: 0.1.1,RES,CHAIN,AA,SS_CLASS,PDB_dbResNum,PDB_dbResName,PDB_dbChainId,UniProt_dbAccessionId,UniProt_dbResNum,UniProt_dbResName,shifted Uni,AF_predictions,Jpred_seq,Jpred_SS_pred,Confidence
0,0,0,0,150.0,A,A,C,150.0,ALA,A,P02929,150.0,A,A,C,A,C,9.0
1,1,1,1,151.0,A,S,C,151.0,SER,A,P02929,151.0,S,S,C,S,C,9.0
2,2,2,2,152.0,A,G,C,152.0,GLY,A,P02929,152.0,G,G,C,G,C,8.0
3,3,3,3,153.0,A,P,C,153.0,PRO,A,P02929,153.0,P,P,C,P,C,5.0
4,4,4,4,154.0,A,R,C,154.0,ARG,A,P02929,154.0,R,R,C,R,E,5.0
5,5,5,5,155.0,A,A,E,155.0,ALA,A,P02929,155.0,A,A,E,A,E,7.0
6,6,6,6,156.0,A,L,E,156.0,LEU,A,P02929,156.0,L,L,E,L,E,7.0
7,7,7,7,157.0,A,S,E,157.0,SER,A,P02929,157.0,S,S,E,S,E,2.0
8,8,8,8,158.0,A,R,C,158.0,ARG,A,P02929,158.0,R,R,C,R,C,4.0
9,9,9,9,159.0,A,N,C,159.0,ASN,A,P02929,159.0,N,N,C,N,C,7.0
10,10,10,10,160.0,A,Q,C,160.0,GLN,A,P02929,160.0,Q,Q,C,Q,C,8.0
11,11,11,11,161.0,A,P,C,161.0,PRO,A,P02929,161.0,P,P,C,P,C,7.0
12,12,12,12,162.0,A,Q,C,162.0,GLN,A,P02929,162.0,Q,Q,C,Q,C,6.0
13,13,13,13,163.0,A,Y,C,163.0,TYR,A,P02929,163.0,Y,Y,C,Y,H,2.0
14,14,14,14,164.0,A,P,C,164.0,PRO,A,P02929,164.0,P,P,C,P,H,6.0
15,15,15,15,165.0,A,A,H,165.0,ALA,A,P02929,165.0,A,A,H,A,H,7.0
16,16,16,16,166.0,A,R,H,166.0,ARG,A,P02929,166.0,R,R,H,R,H,7.0
17,17,17,17,167.0,A,A,H,167.0,ALA,A,P02929,167.0,A,A,H,A,H,7.0
18,18,18,18,168.0,A,Q,H,168.0,GLN,A,P02929,168.0,Q,Q,H,Q,H,7.0
19,19,19,19,169.0,A,A,H,169.0,ALA,A,P02929,169.0,A,A,H,A,H,5.0
20,20,20,20,170.0,A,L,H,170.0,LEU,A,P02929,170.0,L,L,H,L,H,2.0
21,21,21,21,171.0,A,R,C,171.0,ARG,A,P02929,171.0,R,R,C,R,C,7.0
22,22,22,22,172.0,A,I,C,172.0,ILE,A,P02929,172.0,I,I,C,I,C,8.0
23,23,23,23,173.0,A,E,C,173.0,GLU,A,P02929,173.0,E,E,C,E,C,6.0
24,24,24,24,174.0,A,G,E,174.0,GLY,A,P02929,174.0,G,G,E,G,C,0.0
25,25,25,25,175.0,A,Q,E,175.0,GLN,A,P02929,175.0,Q,Q,E,Q,E,8.0
26,26,26,26,176.0,A,V,E,176.0,VAL,A,P02929,176.0,V,V,E,V,E,9.0
27,27,27,27,177.0,A,K,E,177.0,LYS,A,P02929,177.0,K,K,E,K,E,9.0
28,28,28,28,178.0,A,V,E,178.0,VAL,A,P02929,178.0,V,V,E,V,E,9.0
29,29,29,29,179.0,A,K,E,179.0,LYS,A,P02929,179.0,K,K,E,K,E,9.0
30,30,30,30,180.0,A,F,E,180.0,PHE,A,P02929,180.0,F,F,E,F,E,9.0
31,31,31,31,181.0,A,D,E,181.0,ASP,A,P02929,181.0,D,D,E,D,E,9.0
32,32,32,32,182.0,A,V,E,182.0,VAL,A,P02929,182.0,V,V,E,V,E,6.0
33,33,33,33,183.0,A,T,C,183.0,THR,A,P02929,183.0,T,T,C,T,C,4.0
34,34,34,34,184.0,A,P,C,184.0,PRO,A,P02929,184.0,P,P,C,P,C,8.0
35,35,35,35,185.0,A,D,C,185.0,ASP,A,P02929,185.0,D,D,C,D,C,8.0
36,36,36,36,186.0,A,G,C,186.0,GLY,A,P02929,186.0,G,G,C,G,C,6.0
37,37,37,37,187.0,A,R,C,187.0,ARG,A,P02929,187.0,R,R,C,R,C,0.0
38,38,38,38,188.0,A,V,E,188.0,VAL,A,P02929,188.0,V,V,E,V,E,7.0
39,39,39,39,189.0,A,D,E,189.0,ASP,A,P02929,189.0,D,D,E,D,E,8.0
40,40,40,40,190.0,A,N,E,190.0,ASN,A,P02929,190.0,N,N,E,N,E,9.0
41,41,41,41,191.0,A,V,E,191.0,VAL,A,P02929,191.0,V,V,E,V,E,9.0
42,42,42,42,192.0,A,Q,E,192.0,GLN,A,P02929,192.0,Q,Q,E,Q,E,8.0
43,43,43,43,193.0,A,I,E,193.0,ILE,A,P02929,193.0,I,I,E,I,E,8.0
44,44,44,44,194.0,A,L,E,194.0,LEU,A,P02929,194.0,L,L,E,L,E,5.0
45,45,45,45,195.0,A,S,E,195.0,SER,A,P02929,195.0,S,S,E,S,E,1.0
46,46,46,46,196.0,A,A,E,196.0,ALA,A,P02929,196.0,A,A,E,A,C,7.0
47,47,47,47,197.0,A,K,E,197.0,LYS,A,P02929,197.0,K,K,E,K,C,8.0
48,48,48,48,198.0,A,P,C,198.0,PRO,A,P02929,198.0,P,P,C,P,C,8.0
49,49,49,49,199.0,A,A,C,199.0,ALA,A,P02929,199.0,A,A,C,A,C,8.0
50,50,50,50,200.0,A,N,C,200.0,ASN,A,P02929,200.0,N,N,C,N,C,6.0
51,51,51,51,201.0,A,M,C,201.0,MET,A,P02929,201.0,M,M,C,M,C,4.0
52,52,52,52,202.0,A,F,C,202.0,PHE,A,P02929,202.0,F,F,C,F,H,2.0
53,53,53,53,203.0,A,E,H,203.0,GLU,A,P02929,203.0,E,E,H,E,H,7.0
54,54,54,54,204.0,A,R,H,204.0,ARG,A,P02929,204.0,R,R,H,R,H,9.0
55,55,55,55,205.0,A,E,H,205.0,GLU,A,P02929,205.0,E,E,H,E,H,9.0
56,56,56,56,206.0,A,V,H,206.0,VAL,A,P02929,206.0,V,V,H,V,H,9.0
57,57,57,57,207.0,A,K,H,207.0,LYS,A,P02929,207.0,K,K,H,K,H,9.0
58,58,58,58,208.0,A,N,H,208.0,ASN,A,P02929,208.0,N,N,H,N,H,9.0
59,59,59,59,209.0,A,A,H,209.0,ALA,A,P02929,209.0,A,A,H,A,H,9.0
60,60,60,60,210.0,A,M,H,210.0,MET,A,P02929,210.0,M,M,H,M,H,8.0
61,61,61,61,211.0,A,R,C,211.0,ARG,A,P02929,211.0,R,R,C,R,H,7.0
62,62,62,62,212.0,A,R,C,212.0,ARG,A,P02929,212.0,R,R,C,R,H,2.0
63,63,63,63,213.0,A,W,C,213.0,TRP,A,P02929,213.0,W,W,C,W,C,3.0
64,64,64,64,214.0,A,R,E,214.0,ARG,A,P02929,214.0,R,R,E,R,C,6.0
65,65,65,65,215.0,A,Y,E,215.0,TYR,A,P02929,215.0,Y,Y,E,Y,C,7.0
66,66,66,66,216.0,A,E,C,216.0,GLU,A,P02929,216.0,E,E,C,E,C,8.0
67,67,67,67,217.0,A,P,C,217.0,PRO,A,P02929,217.0,P,P,C,P,C,7.0
68,68,68,68,218.0,A,G,C,218.0,GLY,A,P02929,218.0,G,G,C,G,C,7.0
69,69,69,69,219.0,A,K,C,219.0,LYS,A,P02929,219.0,K,K,C,K,C,7.0
70,70,70,70,220.0,A,P,C,220.0,PRO,A,P02929,220.0,P,P,C,P,C,7.0
71,71,71,71,221.0,A,G,E,221.0,GLY,A,P02929,221.0,G,G,E,G,C,7.0
72,72,72,72,222.0,A,S,E,222.0,SER,A,P02929,222.0,S,S,E,S,C,3.0
73,73,73,73,223.0,A,G,E,223.0,GLY,A,P02929,223.0,G,G,E,G,E,5.0
74,74,74,74,224.0,A,I,E,224.0,ILE,A,P02929,224.0,I,I,E,I,E,8.0
75,75,75,75,225.0,A,V,E,225.0,VAL,A,P02929,225.0,V,V,E,V,E,8.0
76,76,76,76,226.0,A,V,E,226.0,VAL,A,P02929,226.0,V,V,E,V,E,9.0
77,77,77,77,227.0,A,N,E,227.0,ASN,A,P02929,227.0,N,N,E,N,E,9.0
78,78,78,78,228.0,A,I,E,228.0,ILE,A,P02929,228.0,I,I,E,I,E,9.0
79,79,79,79,229.0,A,L,E,229.0,LEU,A,P02929,229.0,L,L,E,L,E,8.0
80,80,80,80,230.0,A,F,E,230.0,PHE,A,P02929,230.0,F,F,E,F,E,8.0
81,81,81,81,231.0,A,K,E,231.0,LYS,A,P02929,231.0,K,K,C,K,E,8.0
82,82,82,82,232.0,A,I,E,232.0,ILE,A,P02929,232.0,I,I,C,I,E,8.0
83,83,83,83,233.0,A,N,E,233.0,ASN,A,P02929,233.0,N,N,C,N,E,0.0
84,84,84,84,234.0,A,G,E,234.0,GLY,A,P02929,234.0,G,G,C,G,C,1.0
85,85,85,85,235.0,A,T,E,235.0,THR,A,P02929,235.0,T,T,C,T,E,7.0
86,86,86,86,236.0,A,T,E,236.0,THR,A,P02929,236.0,T,T,E,T,E,8.0
87,87,87,87,237.0,A,E,E,237.0,GLU,A,P02929,237.0,E,E,E,E,E,4.0
88,88,88,88,238.0,A,I,E,238.0,ILE,A,P02929,238.0,I,I,E,I,C,3.0
89,89,89,89,239.0,A,Q,C,239.0,GLN,A,P02929,239.0,Q,,,Q,C,9.0
