,Unnamed: 0.1,Unnamed: 0,RES,CHAIN,AA,SS_CLASS,PDB_dbResNum,PDB_dbResName,PDB_dbChainId,UniProt_dbAccessionId,UniProt_dbResNum,UniProt_dbResName,shifted Uni,AF_predictions,AF_confidence
0,334,334,2.0,B,G,C,2.0,GLY,B,D0VWR1,1.0,G,A,C,50.27
1,335,335,3.0,B,L,C,3.0,LEU,B,D0VWR1,2.0,L,T,C,50.27
2,336,336,4.0,B,P,C,4.0,PRO,B,D0VWR1,3.0,P,A,C,50.27
3,337,337,5.0,B,W,C,5.0,TRP,B,D0VWR1,4.0,W,S,C,50.27
4,338,338,6.0,B,Y,C,6.0,TYR,B,D0VWR1,5.0,Y,T,C,50.27
5,339,339,7.0,B,R,C,7.0,ARG,B,D0VWR1,6.0,R,E,C,49.82
6,340,340,8.0,B,V,C,8.0,VAL,B,D0VWR1,7.0,V,E,C,49.82
7,341,341,9.0,B,H,C,9.0,HIS,B,D0VWR1,8.0,H,E,C,49.82
8,342,342,10.0,B,T,C,10.0,THR,B,D0VWR1,9.0,T,L,C,49.82
9,343,343,11.0,B,V,C,11.0,VAL,B,D0VWR1,10.0,V,V,C,49.82
10,344,344,12.0,B,L,C,12.0,LEU,B,D0VWR1,11.0,L,N,C,49.82
11,345,345,13.0,B,I,C,13.0,ILE,B,D0VWR1,12.0,I,V,H,49.82
12,346,346,14.0,B,N,C,14.0,ASN,B,D0VWR1,13.0,N,V,H,53.26
13,347,347,15.0,B,D,C,15.0,ASP,B,D0VWR1,14.0,D,D,H,53.26
14,348,348,16.0,B,P,H,16.0,PRO,B,D0VWR1,15.0,P,E,H,53.26
15,349,349,17.0,B,G,H,17.0,GLY,B,D0VWR1,16.0,G,K,H,53.26
16,350,350,18.0,B,R,H,18.0,ARG,B,D0VWR1,17.0,R,L,H,53.26
17,351,351,19.0,B,L,H,19.0,LEU,B,D0VWR1,18.0,L,G,C,57.5
18,352,352,20.0,B,I,H,20.0,ILE,B,D0VWR1,19.0,I,T,C,57.5
19,353,353,21.0,B,A,H,21.0,ALA,B,D0VWR1,20.0,A,A,C,57.5
20,354,354,22.0,B,A,H,22.0,ALA,B,D0VWR1,21.0,A,Y,C,57.5
21,355,355,23.0,B,H,H,23.0,HIS,B,D0VWR1,22.0,H,G,C,57.5
22,356,356,24.0,B,L,H,24.0,LEU,B,D0VWR1,23.0,L,E,C,57.5
23,357,357,25.0,B,M,H,25.0,MET,B,D0VWR1,24.0,M,K,C,61.11
24,358,358,26.0,B,H,H,26.0,HIS,B,D0VWR1,25.0,H,I,E,61.11
25,359,359,27.0,B,T,H,27.0,THR,B,D0VWR1,26.0,T,D,E,61.11
26,360,360,28.0,B,A,H,28.0,ALA,B,D0VWR1,27.0,A,L,C,61.11
27,361,361,29.0,B,L,H,29.0,LEU,B,D0VWR1,28.0,L,N,C,61.11
28,362,362,30.0,B,V,H,30.0,VAL,B,D0VWR1,29.0,V,N,C,61.11
29,363,363,31.0,B,A,H,31.0,ALA,B,D0VWR1,30.0,A,T,C,61.11
30,364,364,32.0,B,G,H,32.0,GLY,B,D0VWR1,31.0,G,N,C,63.91
31,365,365,33.0,B,W,H,33.0,TRP,B,D0VWR1,32.0,W,I,C,63.91
32,366,366,34.0,B,A,H,34.0,ALA,B,D0VWR1,33.0,A,A,C,63.91
33,367,367,35.0,B,G,H,35.0,GLY,B,D0VWR1,34.0,G,A,C,63.91
34,368,368,36.0,B,S,H,36.0,SER,B,D0VWR1,35.0,S,F,C,63.91
35,369,369,37.0,B,M,H,37.0,MET,B,D0VWR1,36.0,M,I,C,63.91
36,370,370,38.0,B,A,H,38.0,ALA,B,D0VWR1,37.0,A,Q,C,63.91
37,371,371,39.0,B,L,H,39.0,LEU,B,D0VWR1,38.0,L,Y,C,63.91
38,372,372,40.0,B,Y,H,40.0,TYR,B,D0VWR1,39.0,Y,R,C,63.91
39,373,373,41.0,B,E,H,41.0,GLU,B,D0VWR1,40.0,E,G,C,75.78
40,374,374,42.0,B,L,H,42.0,LEU,B,D0VWR1,41.0,L,L,C,75.78
41,375,375,43.0,B,A,H,43.0,ALA,B,D0VWR1,42.0,A,Y,C,75.78
42,376,376,44.0,B,T,H,44.0,THR,B,D0VWR1,43.0,T,P,C,75.78
43,377,377,45.0,B,F,C,45.0,PHE,B,D0VWR1,44.0,F,T,H,75.78
44,378,378,46.0,B,D,C,46.0,ASP,B,D0VWR1,45.0,D,L,H,75.78
45,379,379,47.0,B,P,C,47.0,PRO,B,D0VWR1,46.0,P,A,H,75.78
46,380,380,48.0,B,S,C,48.0,SER,B,D0VWR1,47.0,S,K,H,75.78
47,381,381,49.0,B,D,C,49.0,ASP,B,D0VWR1,48.0,D,L,H,75.78
48,382,382,50.0,B,P,C,50.0,PRO,B,D0VWR1,49.0,P,I,H,87.87
49,383,383,51.0,B,V,C,51.0,VAL,B,D0VWR1,50.0,V,V,H,87.87
50,384,384,52.0,B,L,C,52.0,LEU,B,D0VWR1,51.0,L,K,H,87.87
51,385,385,53.0,B,N,C,53.0,ASN,B,D0VWR1,52.0,N,N,H,87.87
52,386,386,54.0,B,P,C,54.0,PRO,B,D0VWR1,53.0,P,A,C,87.87
53,387,387,55.0,B,M,C,55.0,MET,B,D0VWR1,54.0,M,P,C,87.87
54,388,388,56.0,B,W,C,56.0,TRP,B,D0VWR1,55.0,W,Y,C,87.87
55,389,389,57.0,B,R,C,57.0,ARG,B,D0VWR1,56.0,R,E,C,87.87
56,390,390,58.0,B,Q,C,58.0,GLN,B,D0VWR1,57.0,Q,S,C,87.87
57,391,391,59.0,B,G,C,59.0,GLY,B,D0VWR1,58.0,G,V,C,92.31
58,392,392,60.0,B,M,C,60.0,MET,B,D0VWR1,59.0,M,E,C,92.31
59,393,393,61.0,B,F,C,61.0,PHE,B,D0VWR1,60.0,F,D,C,92.31
60,394,394,62.0,B,V,C,62.0,VAL,B,D0VWR1,61.0,V,V,C,92.31
61,395,395,63.0,B,L,H,63.0,LEU,B,D0VWR1,62.0,L,L,C,92.31
62,396,396,64.0,B,P,H,64.0,PRO,B,D0VWR1,63.0,P,N,C,92.31
63,397,397,65.0,B,F,H,65.0,PHE,B,D0VWR1,64.0,F,I,C,92.31
64,398,398,66.0,B,M,H,66.0,MET,B,D0VWR1,65.0,M,P,C,92.31
65,399,399,67.0,B,A,H,67.0,ALA,B,D0VWR1,66.0,A,G,C,94.82
66,400,400,68.0,B,R,H,68.0,ARG,B,D0VWR1,67.0,R,L,C,94.82
67,401,401,69.0,B,L,C,69.0,LEU,B,D0VWR1,68.0,L,T,C,94.82
68,402,402,70.0,B,G,C,70.0,GLY,B,D0VWR1,69.0,G,E,H,94.82
69,403,403,71.0,B,V,C,71.0,VAL,B,D0VWR1,70.0,V,R,H,94.82
70,404,404,72.0,B,T,C,72.0,THR,B,D0VWR1,71.0,T,Q,H,94.82
71,405,405,73.0,B,G,C,73.0,GLY,B,D0VWR1,72.0,G,K,H,94.82
72,406,406,74.0,B,S,C,74.0,SER,B,D0VWR1,73.0,S,Q,H,96.92
73,407,407,75.0,B,W,C,75.0,TRP,B,D0VWR1,74.0,W,I,H,96.92
74,408,408,76.0,B,S,C,76.0,SER,B,D0VWR1,75.0,S,L,H,96.92
75,409,409,77.0,B,G,C,77.0,GLY,B,D0VWR1,76.0,G,R,H,96.92
76,410,410,78.0,B,W,C,78.0,TRP,B,D0VWR1,77.0,W,E,H,96.92
77,411,411,79.0,B,S,C,79.0,SER,B,D0VWR1,78.0,S,N,H,96.92
78,412,412,80.0,B,I,C,80.0,ILE,B,D0VWR1,79.0,I,L,C,96.92
79,413,413,81.0,B,T,C,81.0,THR,B,D0VWR1,80.0,T,E,C,96.92
80,414,414,82.0,B,G,C,82.0,GLY,B,D0VWR1,81.0,G,H,C,97.14
81,415,415,83.0,B,E,C,83.0,GLU,B,D0VWR1,82.0,E,F,E,97.14
82,416,416,84.0,B,T,C,84.0,THR,B,D0VWR1,83.0,T,T,E,97.14
83,417,417,85.0,B,G,C,85.0,GLY,B,D0VWR1,84.0,G,V,C,97.14
84,418,418,86.0,B,I,C,86.0,ILE,B,D0VWR1,85.0,I,T,C,97.14
85,419,419,87.0,B,D,C,87.0,ASP,B,D0VWR1,86.0,D,E,C,97.14
86,420,420,88.0,B,P,C,88.0,PRO,B,D0VWR1,87.0,P,V,C,97.14
87,421,421,89.0,B,G,C,89.0,GLY,B,D0VWR1,88.0,G,E,C,97.21
88,422,422,90.0,B,F,C,90.0,PHE,B,D0VWR1,89.0,F,T,H,97.21
89,423,423,91.0,B,W,C,91.0,TRP,B,D0VWR1,90.0,W,A,H,97.21
90,424,424,92.0,B,S,C,92.0,SER,B,D0VWR1,91.0,S,L,H,97.21
91,425,425,93.0,B,F,H,93.0,PHE,B,D0VWR1,92.0,F,V,H,97.21
92,426,426,94.0,B,E,H,94.0,GLU,B,D0VWR1,93.0,E,E,C,97.21
93,427,427,95.0,B,G,H,95.0,GLY,B,D0VWR1,94.0,G,G,C,97.21
94,428,428,96.0,B,V,H,96.0,VAL,B,D0VWR1,95.0,V,G,C,97.65
95,429,429,97.0,B,A,H,97.0,ALA,B,D0VWR1,96.0,A,D,C,97.65
96,430,430,98.0,B,L,H,98.0,LEU,B,D0VWR1,97.0,L,R,C,97.65
97,431,431,99.0,B,A,H,99.0,ALA,B,D0VWR1,98.0,A,Y,C,97.65
98,432,432,100.0,B,H,H,100.0,HIS,B,D0VWR1,99.0,H,N,C,97.65
99,433,433,101.0,B,I,H,101.0,ILE,B,D0VWR1,100.0,I,N,C,97.65
100,434,434,102.0,B,V,H,102.0,VAL,B,D0VWR1,101.0,V,G,C,97.65
101,435,435,103.0,B,L,H,103.0,LEU,B,D0VWR1,102.0,L,L,C,97.65
102,436,436,104.0,B,S,H,104.0,SER,B,D0VWR1,103.0,S,Y,C,97.49
103,437,437,105.0,B,G,H,105.0,GLY,B,D0VWR1,104.0,G,,,
104,438,438,106.0,B,L,H,106.0,LEU,B,D0VWR1,105.0,L,,,
105,439,439,107.0,B,L,H,107.0,LEU,B,D0VWR1,106.0,L,,,
106,440,440,108.0,B,F,H,108.0,PHE,B,D0VWR1,107.0,F,,,
107,441,441,109.0,B,L,H,109.0,LEU,B,D0VWR1,108.0,L,,,
108,442,442,110.0,B,A,H,110.0,ALA,B,D0VWR1,109.0,A,,,
109,443,443,111.0,B,A,H,111.0,ALA,B,D0VWR1,110.0,A,,,
110,444,444,112.0,B,C,H,112.0,CYS,B,D0VWR1,111.0,C,,,
111,445,445,113.0,B,W,H,113.0,TRP,B,D0VWR1,112.0,W,,,
112,446,446,114.0,B,H,H,114.0,HIS,B,D0VWR1,113.0,H,,,
113,447,447,115.0,B,W,H,115.0,TRP,B,D0VWR1,114.0,W,,,
114,448,448,116.0,B,V,H,116.0,VAL,B,D0VWR1,115.0,V,,,
115,449,449,117.0,B,Y,C,117.0,TYR,B,D0VWR1,116.0,Y,,,
116,450,450,118.0,B,W,C,118.0,TRP,B,D0VWR1,117.0,W,,,
117,451,451,119.0,B,D,C,119.0,ASP,B,D0VWR1,118.0,D,,,
118,452,452,120.0,B,L,C,120.0,LEU,B,D0VWR1,119.0,L,,,
119,453,453,121.0,B,E,C,121.0,GLU,B,D0VWR1,120.0,E,,,
120,454,454,122.0,B,L,C,122.0,LEU,B,D0VWR1,121.0,L,,,
121,455,455,123.0,B,F,C,123.0,PHE,B,D0VWR1,122.0,F,,,
122,456,456,124.0,B,R,C,124.0,ARG,B,D0VWR1,123.0,R,,,
123,457,457,125.0,B,D,C,125.0,ASP,B,D0VWR1,124.0,D,,,
124,458,458,126.0,B,P,C,126.0,PRO,B,D0VWR1,125.0,P,,,
125,459,459,127.0,B,R,C,127.0,ARG,B,D0VWR1,126.0,R,,,
126,460,460,128.0,B,T,C,128.0,THR,B,D0VWR1,127.0,T,,,
127,461,461,129.0,B,G,C,129.0,GLY,B,D0VWR1,128.0,G,,,
128,462,462,130.0,B,E,C,130.0,GLU,B,D0VWR1,129.0,E,,,
129,463,463,131.0,B,P,C,131.0,PRO,B,D0VWR1,130.0,P,,,
130,464,464,132.0,B,A,C,132.0,ALA,B,D0VWR1,131.0,A,,,
131,465,465,133.0,B,L,C,133.0,LEU,B,D0VWR1,132.0,L,,,
132,466,466,134.0,B,D,C,134.0,ASP,B,D0VWR1,133.0,D,,,
133,467,467,135.0,B,L,H,135.0,LEU,B,D0VWR1,134.0,L,,,
134,468,468,136.0,B,P,H,136.0,PRO,B,D0VWR1,135.0,P,,,
135,469,469,137.0,B,K,H,137.0,LYS,B,D0VWR1,136.0,K,,,
136,470,470,138.0,B,M,H,138.0,MET,B,D0VWR1,137.0,M,,,
137,471,471,139.0,B,F,H,139.0,PHE,B,D0VWR1,138.0,F,,,
138,472,472,140.0,B,G,H,140.0,GLY,B,D0VWR1,139.0,G,,,
139,473,473,141.0,B,I,H,141.0,ILE,B,D0VWR1,140.0,I,,,
140,474,474,142.0,B,H,H,142.0,HIS,B,D0VWR1,141.0,H,,,
141,475,475,143.0,B,L,H,143.0,LEU,B,D0VWR1,142.0,L,,,
142,476,476,144.0,B,F,H,144.0,PHE,B,D0VWR1,143.0,F,,,
143,477,477,145.0,B,L,H,145.0,LEU,B,D0VWR1,144.0,L,,,
144,478,478,146.0,B,A,H,146.0,ALA,B,D0VWR1,145.0,A,,,
145,479,479,147.0,B,G,H,147.0,GLY,B,D0VWR1,146.0,G,,,
146,480,480,148.0,B,L,H,148.0,LEU,B,D0VWR1,147.0,L,,,
147,481,481,149.0,B,L,H,149.0,LEU,B,D0VWR1,148.0,L,,,
148,482,482,150.0,B,C,H,150.0,CYS,B,D0VWR1,149.0,C,,,
149,483,483,151.0,B,F,H,151.0,PHE,B,D0VWR1,150.0,F,,,
150,484,484,152.0,B,G,H,152.0,GLY,B,D0VWR1,151.0,G,,,
151,485,485,153.0,B,F,C,153.0,PHE,B,D0VWR1,152.0,F,,,
152,486,486,154.0,B,G,C,154.0,GLY,B,D0VWR1,153.0,G,,,
153,487,487,155.0,B,A,C,155.0,ALA,B,D0VWR1,154.0,A,,,
154,488,488,156.0,B,F,C,156.0,PHE,B,D0VWR1,155.0,F,,,
155,489,489,157.0,B,H,C,157.0,HIS,B,D0VWR1,156.0,H,,,
156,490,490,158.0,B,L,C,158.0,LEU,B,D0VWR1,157.0,L,,,
157,491,491,159.0,B,T,C,159.0,THR,B,D0VWR1,158.0,T,,,
158,492,492,160.0,B,G,C,160.0,GLY,B,D0VWR1,159.0,G,,,
159,493,493,161.0,B,L,C,161.0,LEU,B,D0VWR1,160.0,L,,,
160,494,494,162.0,B,F,C,162.0,PHE,B,D0VWR1,161.0,F,,,
161,495,495,163.0,B,G,C,163.0,GLY,B,D0VWR1,162.0,G,,,
162,496,496,164.0,B,P,C,164.0,PRO,B,D0VWR1,163.0,P,,,
163,497,497,165.0,B,G,C,165.0,GLY,B,D0VWR1,164.0,G,,,
164,498,498,166.0,B,M,E,166.0,MET,B,D0VWR1,165.0,M,,,
165,499,499,167.0,B,W,E,167.0,TRP,B,D0VWR1,166.0,W,,,
166,500,500,168.0,B,V,E,168.0,VAL,B,D0VWR1,167.0,V,,,
167,501,501,169.0,B,S,C,169.0,SER,B,D0VWR1,168.0,S,,,
168,502,502,170.0,B,D,C,170.0,ASP,B,D0VWR1,169.0,D,,,
169,503,503,171.0,B,P,C,171.0,PRO,B,D0VWR1,170.0,P,,,
170,504,504,172.0,B,Y,C,172.0,TYR,B,D0VWR1,171.0,Y,,,
171,505,505,173.0,B,G,C,173.0,GLY,B,D0VWR1,172.0,G,,,
172,506,506,174.0,B,L,C,174.0,LEU,B,D0VWR1,173.0,L,,,
173,507,507,175.0,B,T,C,175.0,THR,B,D0VWR1,174.0,T,,,
174,508,508,176.0,B,G,C,176.0,GLY,B,D0VWR1,175.0,G,,,
175,509,509,177.0,B,S,E,177.0,SER,B,D0VWR1,176.0,S,,,
176,510,510,178.0,B,V,E,178.0,VAL,B,D0VWR1,177.0,V,,,
177,511,511,179.0,B,Q,E,179.0,GLN,B,D0VWR1,178.0,Q,,,
178,512,512,180.0,B,P,C,180.0,PRO,B,D0VWR1,179.0,P,,,
179,513,513,181.0,B,V,C,181.0,VAL,B,D0VWR1,180.0,V,,,
180,514,514,182.0,B,A,C,182.0,ALA,B,D0VWR1,181.0,A,,,
181,515,515,183.0,B,P,C,183.0,PRO,B,D0VWR1,182.0,P,,,
182,516,516,184.0,B,E,C,184.0,GLU,B,D0VWR1,183.0,E,,,
183,517,517,185.0,B,W,C,185.0,TRP,B,D0VWR1,184.0,W,,,
184,518,518,186.0,B,G,C,186.0,GLY,B,D0VWR1,185.0,G,,,
185,519,519,187.0,B,P,C,187.0,PRO,B,D0VWR1,186.0,P,,,
186,520,520,188.0,B,D,C,188.0,ASP,B,D0VWR1,187.0,D,,,
187,521,521,189.0,B,G,C,189.0,GLY,B,D0VWR1,188.0,G,,,
188,522,522,190.0,B,F,C,190.0,PHE,B,D0VWR1,189.0,F,,,
189,523,523,191.0,B,N,C,191.0,ASN,B,D0VWR1,190.0,N,,,
190,524,524,192.0,B,P,C,192.0,PRO,B,D0VWR1,191.0,P,,,
191,525,525,193.0,B,Y,C,193.0,TYR,B,D0VWR1,192.0,Y,,,
192,526,526,194.0,B,N,C,194.0,ASN,B,D0VWR1,193.0,N,,,
193,527,527,195.0,B,P,H,195.0,PRO,B,D0VWR1,194.0,P,,,
194,528,528,196.0,B,G,H,196.0,GLY,B,D0VWR1,195.0,G,,,
195,529,529,197.0,B,G,H,197.0,GLY,B,D0VWR1,196.0,G,,,
196,530,530,198.0,B,V,H,198.0,VAL,B,D0VWR1,197.0,V,,,
197,531,531,199.0,B,V,H,199.0,VAL,B,D0VWR1,198.0,V,,,
198,532,532,200.0,B,A,H,200.0,ALA,B,D0VWR1,199.0,A,,,
199,533,533,201.0,B,H,H,201.0,HIS,B,D0VWR1,200.0,H,,,
200,534,534,202.0,B,H,H,202.0,HIS,B,D0VWR1,201.0,H,,,
201,535,535,203.0,B,I,H,203.0,ILE,B,D0VWR1,202.0,I,,,
202,536,536,204.0,B,A,H,204.0,ALA,B,D0VWR1,203.0,A,,,
203,537,537,205.0,B,A,H,205.0,ALA,B,D0VWR1,204.0,A,,,
204,538,538,206.0,B,G,H,206.0,GLY,B,D0VWR1,205.0,G,,,
205,539,539,207.0,B,I,H,207.0,ILE,B,D0VWR1,206.0,I,,,
206,540,540,208.0,B,V,H,208.0,VAL,B,D0VWR1,207.0,V,,,
207,541,541,209.0,B,G,H,209.0,GLY,B,D0VWR1,208.0,G,,,
208,542,542,210.0,B,I,H,210.0,ILE,B,D0VWR1,209.0,I,,,
209,543,543,211.0,B,I,H,211.0,ILE,B,D0VWR1,210.0,I,,,
210,544,544,212.0,B,A,H,212.0,ALA,B,D0VWR1,211.0,A,,,
211,545,545,213.0,B,G,H,213.0,GLY,B,D0VWR1,212.0,G,,,
212,546,546,214.0,B,L,H,214.0,LEU,B,D0VWR1,213.0,L,,,
213,547,547,215.0,B,F,H,215.0,PHE,B,D0VWR1,214.0,F,,,
214,548,548,216.0,B,H,H,216.0,HIS,B,D0VWR1,215.0,H,,,
215,549,549,217.0,B,I,H,217.0,ILE,B,D0VWR1,216.0,I,,,
216,550,550,218.0,B,L,H,218.0,LEU,B,D0VWR1,217.0,L,,,
217,551,551,219.0,B,V,C,219.0,VAL,B,D0VWR1,218.0,V,,,
218,552,552,220.0,B,R,C,220.0,ARG,B,D0VWR1,219.0,R,,,
219,553,553,221.0,B,P,C,221.0,PRO,B,D0VWR1,220.0,P,,,
220,554,554,222.0,B,P,C,222.0,PRO,B,D0VWR1,221.0,P,,,
221,555,555,223.0,B,Q,H,223.0,GLN,B,D0VWR1,222.0,Q,,,
222,556,556,224.0,B,R,H,224.0,ARG,B,D0VWR1,223.0,R,,,
223,557,557,225.0,B,L,H,225.0,LEU,B,D0VWR1,224.0,L,,,
224,558,558,226.0,B,Y,H,226.0,TYR,B,D0VWR1,225.0,Y,,,
225,559,559,227.0,B,K,H,227.0,LYS,B,D0VWR1,226.0,K,,,
226,560,560,228.0,B,A,H,228.0,ALA,B,D0VWR1,227.0,A,,,
227,561,561,229.0,B,L,C,229.0,LEU,B,D0VWR1,228.0,L,,,
228,562,562,230.0,B,R,C,230.0,ARG,B,D0VWR1,229.0,R,,,
229,563,563,231.0,B,M,C,231.0,MET,B,D0VWR1,230.0,M,,,
230,564,564,232.0,B,G,C,232.0,GLY,B,D0VWR1,231.0,G,,,
231,565,565,233.0,B,N,C,233.0,ASN,B,D0VWR1,232.0,N,,,
232,566,566,234.0,B,I,H,234.0,ILE,B,D0VWR1,233.0,I,,,
233,567,567,235.0,B,E,H,235.0,GLU,B,D0VWR1,234.0,E,,,
234,568,568,236.0,B,T,H,236.0,THR,B,D0VWR1,235.0,T,,,
235,569,569,237.0,B,V,H,237.0,VAL,B,D0VWR1,236.0,V,,,
236,570,570,238.0,B,L,H,238.0,LEU,B,D0VWR1,237.0,L,,,
237,571,571,239.0,B,S,H,239.0,SER,B,D0VWR1,238.0,S,,,
238,572,572,240.0,B,S,H,240.0,SER,B,D0VWR1,239.0,S,,,
239,573,573,241.0,B,S,H,241.0,SER,B,D0VWR1,240.0,S,,,
240,574,574,242.0,B,I,H,242.0,ILE,B,D0VWR1,241.0,I,,,
241,575,575,243.0,B,A,H,243.0,ALA,B,D0VWR1,242.0,A,,,
242,576,576,244.0,B,A,H,244.0,ALA,B,D0VWR1,243.0,A,,,
243,577,577,245.0,B,V,H,245.0,VAL,B,D0VWR1,244.0,V,,,
244,578,578,246.0,B,F,H,246.0,PHE,B,D0VWR1,245.0,F,,,
245,579,579,247.0,B,F,H,247.0,PHE,B,D0VWR1,246.0,F,,,
246,580,580,248.0,B,A,H,248.0,ALA,B,D0VWR1,247.0,A,,,
247,581,581,249.0,B,A,H,249.0,ALA,B,D0VWR1,248.0,A,,,
248,582,582,250.0,B,F,H,250.0,PHE,B,D0VWR1,249.0,F,,,
249,583,583,251.0,B,V,H,251.0,VAL,B,D0VWR1,250.0,V,,,
250,584,584,252.0,B,V,H,252.0,VAL,B,D0VWR1,251.0,V,,,
251,585,585,253.0,B,A,H,253.0,ALA,B,D0VWR1,252.0,A,,,
252,586,586,254.0,B,G,H,254.0,GLY,B,D0VWR1,253.0,G,,,
253,587,587,255.0,B,T,H,255.0,THR,B,D0VWR1,254.0,T,,,
254,588,588,256.0,B,M,H,256.0,MET,B,D0VWR1,255.0,M,,,
255,589,589,257.0,B,W,H,257.0,TRP,B,D0VWR1,256.0,W,,,
256,590,590,258.0,B,Y,H,258.0,TYR,B,D0VWR1,257.0,Y,,,
257,591,591,259.0,B,G,C,259.0,GLY,B,D0VWR1,258.0,G,,,
258,592,592,260.0,B,S,C,260.0,SER,B,D0VWR1,259.0,S,,,
259,593,593,261.0,B,A,C,261.0,ALA,B,D0VWR1,260.0,A,,,
260,594,594,262.0,B,T,C,262.0,THR,B,D0VWR1,261.0,T,,,
261,595,595,263.0,B,T,C,263.0,THR,B,D0VWR1,262.0,T,,,
262,596,596,264.0,B,P,C,264.0,PRO,B,D0VWR1,263.0,P,,,
263,597,597,265.0,B,I,H,265.0,ILE,B,D0VWR1,264.0,I,,,
264,598,598,266.0,B,E,H,266.0,GLU,B,D0VWR1,265.0,E,,,
265,599,599,267.0,B,L,H,267.0,LEU,B,D0VWR1,266.0,L,,,
266,600,600,268.0,B,F,H,268.0,PHE,B,D0VWR1,267.0,F,,,
267,601,601,269.0,B,G,C,269.0,GLY,B,D0VWR1,268.0,G,,,
268,602,602,270.0,B,P,C,270.0,PRO,B,D0VWR1,269.0,P,,,
269,603,603,271.0,B,T,C,271.0,THR,B,D0VWR1,270.0,T,,,
270,604,604,272.0,B,R,H,272.0,ARG,B,D0VWR1,271.0,R,,,
271,605,605,273.0,B,Y,H,273.0,TYR,B,D0VWR1,272.0,Y,,,
272,606,606,274.0,B,Q,H,274.0,GLN,B,D0VWR1,273.0,Q,,,
273,607,607,275.0,B,W,H,275.0,TRP,B,D0VWR1,274.0,W,,,
274,608,608,276.0,B,D,H,276.0,ASP,B,D0VWR1,275.0,D,,,
275,609,609,277.0,B,S,C,277.0,SER,B,D0VWR1,276.0,S,,,
276,610,610,278.0,B,S,C,278.0,SER,B,D0VWR1,277.0,S,,,
277,611,611,279.0,B,Y,H,279.0,TYR,B,D0VWR1,278.0,Y,,,
278,612,612,280.0,B,F,H,280.0,PHE,B,D0VWR1,279.0,F,,,
279,613,613,281.0,B,Q,H,281.0,GLN,B,D0VWR1,280.0,Q,,,
280,614,614,282.0,B,Q,H,282.0,GLN,B,D0VWR1,281.0,Q,,,
281,615,615,283.0,B,E,H,283.0,GLU,B,D0VWR1,282.0,E,,,
282,616,616,284.0,B,I,H,284.0,ILE,B,D0VWR1,283.0,I,,,
283,617,617,285.0,B,N,H,285.0,ASN,B,D0VWR1,284.0,N,,,
284,618,618,286.0,B,R,H,286.0,ARG,B,D0VWR1,285.0,R,,,
285,619,619,287.0,B,R,H,287.0,ARG,B,D0VWR1,286.0,R,,,
286,620,620,288.0,B,V,H,288.0,VAL,B,D0VWR1,287.0,V,,,
287,621,621,289.0,B,Q,H,289.0,GLN,B,D0VWR1,288.0,Q,,,
288,622,622,290.0,B,A,H,290.0,ALA,B,D0VWR1,289.0,A,,,
289,623,623,291.0,B,S,H,291.0,SER,B,D0VWR1,290.0,S,,,
290,624,624,292.0,B,L,H,292.0,LEU,B,D0VWR1,291.0,L,,,
291,625,625,293.0,B,A,H,293.0,ALA,B,D0VWR1,292.0,A,,,
292,626,626,294.0,B,S,C,294.0,SER,B,D0VWR1,293.0,S,,,
293,627,627,295.0,B,G,C,295.0,GLY,B,D0VWR1,294.0,G,,,
294,628,628,296.0,B,A,C,296.0,ALA,B,D0VWR1,295.0,A,,,
295,629,629,297.0,B,T,C,297.0,THR,B,D0VWR1,296.0,T,,,
296,630,630,298.0,B,L,H,298.0,LEU,B,D0VWR1,297.0,L,,,
297,631,631,299.0,B,E,H,299.0,GLU,B,D0VWR1,298.0,E,,,
298,632,632,300.0,B,E,H,300.0,GLU,B,D0VWR1,299.0,E,,,
299,633,633,301.0,B,A,H,301.0,ALA,B,D0VWR1,300.0,A,,,
300,634,634,302.0,B,W,H,302.0,TRP,B,D0VWR1,301.0,W,,,
301,635,635,303.0,B,S,H,303.0,SER,B,D0VWR1,302.0,S,,,
302,636,636,304.0,B,A,C,304.0,ALA,B,D0VWR1,303.0,A,,,
303,637,637,305.0,B,I,C,305.0,ILE,B,D0VWR1,304.0,I,,,
304,638,638,306.0,B,P,C,306.0,PRO,B,D0VWR1,305.0,P,,,
305,639,639,307.0,B,E,H,307.0,GLU,B,D0VWR1,306.0,E,,,
306,640,640,308.0,B,K,H,308.0,LYS,B,D0VWR1,307.0,K,,,
307,641,641,309.0,B,L,H,309.0,LEU,B,D0VWR1,308.0,L,,,
308,642,642,310.0,B,A,H,310.0,ALA,B,D0VWR1,309.0,A,,,
309,643,643,311.0,B,F,H,311.0,PHE,B,D0VWR1,310.0,F,,,
310,644,644,312.0,B,Y,H,312.0,TYR,B,D0VWR1,311.0,Y,,,
311,645,645,313.0,B,D,C,313.0,ASP,B,D0VWR1,312.0,D,,,
312,646,646,314.0,B,Y,C,314.0,TYR,B,D0VWR1,313.0,Y,,,
313,647,647,315.0,B,I,C,315.0,ILE,B,D0VWR1,314.0,I,,,
314,648,648,316.0,B,G,C,316.0,GLY,B,D0VWR1,315.0,G,,,
315,649,649,317.0,B,N,C,317.0,ASN,B,D0VWR1,316.0,N,,,
316,650,650,318.0,B,N,C,318.0,ASN,B,D0VWR1,317.0,N,,,
317,651,651,319.0,B,P,C,319.0,PRO,B,D0VWR1,318.0,P,,,
318,652,652,320.0,B,A,C,320.0,ALA,B,D0VWR1,319.0,A,,,
319,653,653,321.0,B,K,C,321.0,LYS,B,D0VWR1,320.0,K,,,
320,654,654,322.0,B,G,C,322.0,GLY,B,D0VWR1,321.0,G,,,
321,655,655,323.0,B,G,C,323.0,GLY,B,D0VWR1,322.0,G,,,
322,656,656,324.0,B,L,C,324.0,LEU,B,D0VWR1,323.0,L,,,
323,657,657,325.0,B,F,C,325.0,PHE,B,D0VWR1,324.0,F,,,
324,658,658,326.0,B,R,C,326.0,ARG,B,D0VWR1,325.0,R,,,
325,659,659,327.0,B,T,C,327.0,THR,B,D0VWR1,326.0,T,,,
326,660,660,328.0,B,G,C,328.0,GLY,B,D0VWR1,327.0,G,,,
327,661,661,329.0,B,P,C,329.0,PRO,B,D0VWR1,328.0,P,,,
328,662,662,330.0,B,M,C,330.0,MET,B,D0VWR1,329.0,M,,,
329,663,663,331.0,B,N,C,331.0,ASN,B,D0VWR1,330.0,N,,,
330,664,664,332.0,B,K,C,332.0,LYS,B,D0VWR1,331.0,K,,,
331,665,665,333.0,B,G,C,333.0,GLY,B,D0VWR1,332.0,G,,,
332,666,666,334.0,B,D,C,334.0,ASP,B,D0VWR1,333.0,D,,,
333,667,667,335.0,B,G,C,335.0,GLY,B,D0VWR1,334.0,G,,,
334,668,668,336.0,B,I,E,336.0,ILE,B,D0VWR1,335.0,I,,,
335,669,669,337.0,B,A,E,337.0,ALA,B,D0VWR1,336.0,A,,,
336,670,670,338.0,B,Q,E,338.0,GLN,B,D0VWR1,337.0,Q,,,
337,671,671,339.0,B,A,E,339.0,ALA,B,D0VWR1,338.0,A,,,
338,672,672,340.0,B,W,E,340.0,TRP,B,D0VWR1,339.0,W,,,
339,673,673,341.0,B,K,E,341.0,LYS,B,D0VWR1,340.0,K,,,
340,674,674,342.0,B,G,E,342.0,GLY,B,D0VWR1,341.0,G,,,
341,675,675,343.0,B,H,E,343.0,HIS,B,D0VWR1,342.0,H,,,
342,676,676,344.0,B,A,E,344.0,ALA,B,D0VWR1,343.0,A,,,
343,677,677,345.0,B,V,E,345.0,VAL,B,D0VWR1,344.0,V,,,
344,678,678,346.0,B,F,E,346.0,PHE,B,D0VWR1,345.0,F,,,
345,679,679,347.0,B,R,E,347.0,ARG,B,D0VWR1,346.0,R,,,
346,680,680,348.0,B,N,C,348.0,ASN,B,D0VWR1,347.0,N,,,
347,681,681,349.0,B,K,C,349.0,LYS,B,D0VWR1,348.0,K,,,
348,682,682,350.0,B,E,C,350.0,GLU,B,D0VWR1,349.0,E,,,
349,683,683,351.0,B,G,C,351.0,GLY,B,D0VWR1,350.0,G,,,
350,684,684,352.0,B,E,C,352.0,GLU,B,D0VWR1,351.0,E,,,
351,685,685,353.0,B,E,E,353.0,GLU,B,D0VWR1,352.0,E,,,
352,686,686,354.0,B,L,E,354.0,LEU,B,D0VWR1,353.0,L,,,
353,687,687,355.0,B,F,E,355.0,PHE,B,D0VWR1,354.0,F,,,
354,688,688,356.0,B,V,E,356.0,VAL,B,D0VWR1,355.0,V,,,
355,689,689,357.0,B,R,C,357.0,ARG,B,D0VWR1,356.0,R,,,
356,690,690,358.0,B,R,C,358.0,ARG,B,D0VWR1,357.0,R,,,
357,691,691,359.0,B,M,C,359.0,MET,B,D0VWR1,358.0,M,,,
358,692,692,360.0,B,P,C,360.0,PRO,B,D0VWR1,359.0,P,,,
359,693,693,361.0,B,A,C,361.0,ALA,B,D0VWR1,360.0,A,,,
360,694,694,362.0,B,F,C,362.0,PHE,B,D0VWR1,361.0,F,,,
361,695,695,363.0,B,F,C,363.0,PHE,B,D0VWR1,362.0,F,,,
362,696,696,364.0,B,E,C,364.0,GLU,B,D0VWR1,363.0,E,,,
363,697,697,365.0,B,S,C,365.0,SER,B,D0VWR1,364.0,S,,,
364,698,698,366.0,B,F,C,366.0,PHE,B,D0VWR1,365.0,F,,,
365,699,699,367.0,B,P,C,367.0,PRO,B,D0VWR1,366.0,P,,,
366,700,700,368.0,B,V,C,368.0,VAL,B,D0VWR1,367.0,V,,,
367,701,701,369.0,B,I,E,369.0,ILE,B,D0VWR1,368.0,I,,,
368,702,702,370.0,B,L,E,370.0,LEU,B,D0VWR1,369.0,L,,,
369,703,703,371.0,B,T,E,371.0,THR,B,D0VWR1,370.0,T,,,
370,704,704,372.0,B,D,C,372.0,ASP,B,D0VWR1,371.0,D,,,
371,705,705,373.0,B,K,C,373.0,LYS,B,D0VWR1,372.0,K,,,
372,706,706,374.0,B,N,C,374.0,ASN,B,D0VWR1,373.0,N,,,
373,707,707,375.0,B,G,C,375.0,GLY,B,D0VWR1,374.0,G,,,
374,708,708,376.0,B,V,C,376.0,VAL,B,D0VWR1,375.0,V,,,
375,709,709,377.0,B,V,E,377.0,VAL,B,D0VWR1,376.0,V,,,
376,710,710,378.0,B,K,E,378.0,LYS,B,D0VWR1,377.0,K,,,
377,711,711,379.0,B,A,E,379.0,ALA,B,D0VWR1,378.0,A,,,
378,712,712,380.0,B,D,E,380.0,ASP,B,D0VWR1,379.0,D,,,
379,713,713,381.0,B,I,C,381.0,ILE,B,D0VWR1,380.0,I,,,
380,714,714,382.0,B,P,C,382.0,PRO,B,D0VWR1,381.0,P,,,
381,715,715,383.0,B,F,C,383.0,PHE,B,D0VWR1,382.0,F,,,
382,716,716,384.0,B,R,C,384.0,ARG,B,D0VWR1,383.0,R,,,
383,717,717,385.0,B,R,C,385.0,ARG,B,D0VWR1,384.0,R,,,
384,718,718,386.0,B,A,C,386.0,ALA,B,D0VWR1,385.0,A,,,
385,719,719,387.0,B,E,C,387.0,GLU,B,D0VWR1,386.0,E,,,
386,720,720,388.0,B,S,C,388.0,SER,B,D0VWR1,387.0,S,,,
387,721,721,389.0,B,K,C,389.0,LYS,B,D0VWR1,388.0,K,,,
388,722,722,390.0,B,Y,C,390.0,TYR,B,D0VWR1,389.0,Y,,,
389,723,723,391.0,B,S,C,391.0,SER,B,D0VWR1,390.0,S,,,
390,724,724,392.0,B,F,H,392.0,PHE,B,D0VWR1,391.0,F,,,
391,725,725,393.0,B,E,H,393.0,GLU,B,D0VWR1,392.0,E,,,
392,726,726,394.0,B,Q,H,394.0,GLN,B,D0VWR1,393.0,Q,,,
393,727,727,395.0,B,Q,H,395.0,GLN,B,D0VWR1,394.0,Q,,,
394,728,728,396.0,B,G,C,396.0,GLY,B,D0VWR1,395.0,G,,,
395,729,729,397.0,B,V,C,397.0,VAL,B,D0VWR1,396.0,V,,,
396,730,730,398.0,B,T,E,398.0,THR,B,D0VWR1,397.0,T,,,
397,731,731,399.0,B,V,E,399.0,VAL,B,D0VWR1,398.0,V,,,
398,732,732,400.0,B,S,E,400.0,SER,B,D0VWR1,399.0,S,,,
399,733,733,401.0,B,F,E,401.0,PHE,B,D0VWR1,400.0,F,,,
400,734,734,402.0,B,Y,E,402.0,TYR,B,D0VWR1,401.0,Y,,,
401,735,735,403.0,B,G,C,403.0,GLY,B,D0VWR1,402.0,G,,,
402,736,736,404.0,B,G,C,404.0,GLY,B,D0VWR1,403.0,G,,,
403,737,737,405.0,B,E,C,405.0,GLU,B,D0VWR1,404.0,E,,,
404,738,738,406.0,B,L,C,406.0,LEU,B,D0VWR1,405.0,L,,,
405,739,739,407.0,B,N,C,407.0,ASN,B,D0VWR1,406.0,N,,,
406,740,740,408.0,B,G,C,408.0,GLY,B,D0VWR1,407.0,G,,,
407,741,741,409.0,B,Q,C,409.0,GLN,B,D0VWR1,408.0,Q,,,
408,742,742,410.0,B,T,E,410.0,THR,B,D0VWR1,409.0,T,,,
409,743,743,411.0,B,F,E,411.0,PHE,B,D0VWR1,410.0,F,,,
410,744,744,412.0,B,T,C,412.0,THR,B,D0VWR1,411.0,T,,,
411,745,745,413.0,B,D,C,413.0,ASP,B,D0VWR1,412.0,D,,,
412,746,746,414.0,B,P,H,414.0,PRO,B,D0VWR1,413.0,P,,,
413,747,747,415.0,B,P,H,415.0,PRO,B,D0VWR1,414.0,P,,,
414,748,748,416.0,B,T,H,416.0,THR,B,D0VWR1,415.0,T,,,
415,749,749,417.0,B,V,H,417.0,VAL,B,D0VWR1,416.0,V,,,
416,750,750,418.0,B,K,H,418.0,LYS,B,D0VWR1,417.0,K,,,
417,751,751,419.0,B,S,H,419.0,SER,B,D0VWR1,418.0,S,,,
418,752,752,420.0,B,Y,H,420.0,TYR,B,D0VWR1,419.0,Y,,,
419,753,753,421.0,B,A,H,421.0,ALA,B,D0VWR1,420.0,A,,,
420,754,754,422.0,B,R,H,422.0,ARG,B,D0VWR1,421.0,R,,,
421,755,755,423.0,B,K,H,423.0,LYS,B,D0VWR1,422.0,K,,,
422,756,756,424.0,B,A,H,424.0,ALA,B,D0VWR1,423.0,A,,,
423,757,757,425.0,B,I,C,425.0,ILE,B,D0VWR1,424.0,I,,,
424,758,758,426.0,B,F,C,426.0,PHE,B,D0VWR1,425.0,F,,,
425,759,759,427.0,B,G,C,427.0,GLY,B,D0VWR1,426.0,G,,,
426,760,760,428.0,B,E,C,428.0,GLU,B,D0VWR1,427.0,E,,,
427,761,761,429.0,B,I,E,429.0,ILE,B,D0VWR1,428.0,I,,,
428,762,762,430.0,B,F,E,430.0,PHE,B,D0VWR1,429.0,F,,,
429,763,763,431.0,B,E,E,431.0,GLU,B,D0VWR1,430.0,E,,,
430,764,764,432.0,B,F,E,432.0,PHE,B,D0VWR1,431.0,F,,,
431,765,765,433.0,B,D,E,433.0,ASP,B,D0VWR1,432.0,D,,,
432,766,766,434.0,B,T,C,434.0,THR,B,D0VWR1,433.0,T,,,
433,767,767,435.0,B,E,C,435.0,GLU,B,D0VWR1,434.0,E,,,
434,768,768,436.0,B,T,C,436.0,THR,B,D0VWR1,435.0,T,,,
435,769,769,437.0,B,L,C,437.0,LEU,B,D0VWR1,436.0,L,,,
436,770,770,438.0,B,N,C,438.0,ASN,B,D0VWR1,437.0,N,,,
437,771,771,439.0,B,S,C,439.0,SER,B,D0VWR1,438.0,S,,,
438,772,772,440.0,B,D,C,440.0,ASP,B,D0VWR1,439.0,D,,,
439,773,773,441.0,B,G,C,441.0,GLY,B,D0VWR1,440.0,G,,,
440,774,774,442.0,B,I,C,442.0,ILE,B,D0VWR1,441.0,I,,,
441,775,775,443.0,B,F,C,443.0,PHE,B,D0VWR1,442.0,F,,,
442,776,776,444.0,B,R,C,444.0,ARG,B,D0VWR1,443.0,R,,,
443,777,777,445.0,B,T,C,445.0,THR,B,D0VWR1,444.0,T,,,
444,778,778,446.0,B,S,C,446.0,SER,B,D0VWR1,445.0,S,,,
445,779,779,447.0,B,P,H,447.0,PRO,B,D0VWR1,446.0,P,,,
446,780,780,448.0,B,R,H,448.0,ARG,B,D0VWR1,447.0,R,,,
447,781,781,449.0,B,G,H,449.0,GLY,B,D0VWR1,448.0,G,,,
448,782,782,450.0,B,W,H,450.0,TRP,B,D0VWR1,449.0,W,,,
449,783,783,451.0,B,F,H,451.0,PHE,B,D0VWR1,450.0,F,,,
450,784,784,452.0,B,T,H,452.0,THR,B,D0VWR1,451.0,T,,,
451,785,785,453.0,B,F,H,453.0,PHE,B,D0VWR1,452.0,F,,,
452,786,786,454.0,B,A,H,454.0,ALA,B,D0VWR1,453.0,A,,,
453,787,787,455.0,B,H,H,455.0,HIS,B,D0VWR1,454.0,H,,,
454,788,788,456.0,B,A,H,456.0,ALA,B,D0VWR1,455.0,A,,,
455,789,789,457.0,B,V,H,457.0,VAL,B,D0VWR1,456.0,V,,,
456,790,790,458.0,B,F,H,458.0,PHE,B,D0VWR1,457.0,F,,,
457,791,791,459.0,B,A,H,459.0,ALA,B,D0VWR1,458.0,A,,,
458,792,792,460.0,B,L,H,460.0,LEU,B,D0VWR1,459.0,L,,,
459,793,793,461.0,B,L,H,461.0,LEU,B,D0VWR1,460.0,L,,,
460,794,794,462.0,B,F,H,462.0,PHE,B,D0VWR1,461.0,F,,,
461,795,795,463.0,B,F,H,463.0,PHE,B,D0VWR1,462.0,F,,,
462,796,796,464.0,B,F,H,464.0,PHE,B,D0VWR1,463.0,F,,,
463,797,797,465.0,B,G,H,465.0,GLY,B,D0VWR1,464.0,G,,,
464,798,798,466.0,B,H,H,466.0,HIS,B,D0VWR1,465.0,H,,,
465,799,799,467.0,B,I,H,467.0,ILE,B,D0VWR1,466.0,I,,,
466,800,800,468.0,B,W,H,468.0,TRP,B,D0VWR1,467.0,W,,,
467,801,801,469.0,B,H,H,469.0,HIS,B,D0VWR1,468.0,H,,,
468,802,802,470.0,B,G,H,470.0,GLY,B,D0VWR1,469.0,G,,,
469,803,803,471.0,B,A,H,471.0,ALA,B,D0VWR1,470.0,A,,,
470,804,804,472.0,B,R,H,472.0,ARG,B,D0VWR1,471.0,R,,,
471,805,805,473.0,B,T,H,473.0,THR,B,D0VWR1,472.0,T,,,
472,806,806,474.0,B,L,H,474.0,LEU,B,D0VWR1,473.0,L,,,
473,807,807,475.0,B,F,C,475.0,PHE,B,D0VWR1,474.0,F,,,
474,808,808,476.0,B,R,C,476.0,ARG,B,D0VWR1,475.0,R,,,
475,809,809,477.0,B,D,C,477.0,ASP,B,D0VWR1,476.0,D,,,
476,810,810,478.0,B,V,C,478.0,VAL,B,D0VWR1,477.0,V,,,
477,811,811,479.0,B,F,C,479.0,PHE,B,D0VWR1,478.0,F,,,
478,812,812,480.0,B,S,C,480.0,SER,B,D0VWR1,479.0,S,,,
479,813,813,481.0,B,G,C,481.0,GLY,B,D0VWR1,480.0,G,,,
480,814,814,482.0,B,I,C,482.0,ILE,B,D0VWR1,481.0,I,,,
481,815,815,483.0,B,D,C,483.0,ASP,B,D0VWR1,482.0,D,,,
482,816,816,484.0,B,P,C,484.0,PRO,B,D0VWR1,483.0,P,,,
483,817,817,485.0,B,E,C,485.0,GLU,B,D0VWR1,484.0,E,,,
484,818,818,486.0,B,L,C,486.0,LEU,B,D0VWR1,485.0,L,,,
485,819,819,487.0,B,S,C,487.0,SER,B,D0VWR1,486.0,S,,,
486,820,820,488.0,B,P,C,488.0,PRO,B,D0VWR1,487.0,P,,,
487,821,821,489.0,B,E,C,489.0,GLU,B,D0VWR1,488.0,E,,,
488,822,822,490.0,B,Q,C,490.0,GLN,B,D0VWR1,489.0,Q,,,
489,823,823,491.0,B,V,C,491.0,VAL,B,D0VWR1,490.0,V,,,
490,824,824,492.0,B,E,C,492.0,GLU,B,D0VWR1,491.0,E,,,
491,825,825,493.0,B,W,C,493.0,TRP,B,D0VWR1,492.0,W,,,
492,826,826,494.0,B,G,C,494.0,GLY,B,D0VWR1,493.0,G,,,
493,827,827,495.0,B,F,C,495.0,PHE,B,D0VWR1,494.0,F,,,
494,828,828,496.0,B,Y,C,496.0,TYR,B,D0VWR1,495.0,Y,,,
495,829,829,497.0,B,Q,C,497.0,GLN,B,D0VWR1,496.0,Q,,,
496,830,830,498.0,B,K,C,498.0,LYS,B,D0VWR1,497.0,K,,,
497,831,831,499.0,B,V,C,499.0,VAL,B,D0VWR1,498.0,V,,,
498,832,832,500.0,B,G,C,500.0,GLY,B,D0VWR1,499.0,G,,,
499,833,833,501.0,B,D,C,501.0,ASP,B,D0VWR1,500.0,D,,,
500,834,834,502.0,B,V,C,502.0,VAL,B,D0VWR1,501.0,V,,,
501,835,835,503.0,B,T,C,503.0,THR,B,D0VWR1,502.0,T,,,
502,836,836,504.0,B,T,C,504.0,THR,B,D0VWR1,503.0,T,,,
503,837,837,505.0,B,R,C,505.0,ARG,B,D0VWR1,504.0,R,,,
