,Unnamed: 0.4,Unnamed: 0.3,Unnamed: 0.2,Unnamed: 0.1,Unnamed: 0,RES,CHAIN,AA,SS_CLASS,PDB_dbResNum,PDB_dbResName,PDB_dbChainId,UniProt_dbAccessionId,UniProt_dbResNum,UniProt_dbResName,shifted Uni,AF_predictions,AF_confidence,Jpred_seq,Jpred_SS_pred,JP_Confidence
0,0,0,0,1,1,1.0,A,X,C,1.0,MSE,A,Q8ZME0,1.0,M,M,C,94.28,M,C,9.0
1,1,1,1,2,2,2.0,A,K,E,2.0,LYS,A,Q8ZME0,2.0,K,K,E,94.28,K,E,8.0
2,2,2,2,3,3,3.0,A,I,E,3.0,ILE,A,Q8ZME0,3.0,I,I,E,94.28,I,E,3.0
3,3,3,3,4,4,4.0,A,V,E,4.0,VAL,A,Q8ZME0,4.0,V,V,E,94.28,V,E,8.0
4,4,4,4,5,5,5.0,A,I,E,5.0,ILE,A,Q8ZME0,5.0,I,I,E,94.28,I,E,8.0
5,5,5,5,6,6,6.0,A,A,C,6.0,ALA,A,Q8ZME0,6.0,A,A,C,94.28,A,E,8.0
6,6,6,6,7,7,7.0,A,P,C,7.0,PRO,A,Q8ZME0,7.0,P,P,C,94.28,P,C,5.0
7,7,7,7,8,8,8.0,A,D,C,8.0,ASP,A,Q8ZME0,8.0,D,D,C,94.28,D,C,1.0
8,8,8,8,9,9,9.0,A,S,C,9.0,SER,A,Q8ZME0,9.0,S,S,C,98.23,S,C,5.0
9,9,9,9,10,10,10.0,A,Y,C,10.0,TYR,A,Q8ZME0,10.0,Y,Y,C,98.23,Y,C,7.0
10,10,10,10,11,11,11.0,A,K,C,11.0,LYS,A,Q8ZME0,11.0,K,K,C,98.23,K,C,7.0
11,11,11,11,12,12,12.0,A,E,C,12.0,GLU,A,Q8ZME0,12.0,E,E,C,98.23,E,C,7.0
12,12,12,12,13,13,13.0,A,S,C,13.0,SER,A,Q8ZME0,13.0,S,S,C,98.23,S,C,7.0
13,13,13,13,14,14,14.0,A,L,C,14.0,LEU,A,Q8ZME0,14.0,L,L,C,98.23,L,C,5.0
14,14,14,14,15,15,15.0,A,S,C,15.0,SER,A,Q8ZME0,15.0,S,S,C,98.23,S,C,4.0
15,15,15,15,16,16,16.0,A,A,H,16.0,ALA,A,Q8ZME0,16.0,A,A,H,98.23,A,H,2.0
16,16,16,16,17,17,17.0,A,L,H,17.0,LEU,A,Q8ZME0,17.0,L,L,H,98.23,L,H,7.0
17,17,17,17,18,18,18.0,A,E,H,18.0,GLU,A,Q8ZME0,18.0,E,E,H,98.68,E,H,8.0
18,18,18,18,19,19,19.0,A,V,H,19.0,VAL,A,Q8ZME0,19.0,V,V,H,98.68,V,H,9.0
19,19,19,19,20,20,20.0,A,A,H,20.0,ALA,A,Q8ZME0,20.0,A,A,H,98.68,A,H,9.0
20,20,20,20,21,21,21.0,A,T,H,21.0,THR,A,Q8ZME0,21.0,T,T,H,98.68,T,H,9.0
21,21,21,21,22,22,22.0,A,A,H,22.0,ALA,A,Q8ZME0,22.0,A,A,H,98.68,A,H,9.0
22,22,22,22,23,23,23.0,A,I,H,23.0,ILE,A,Q8ZME0,23.0,I,I,H,98.68,I,H,9.0
23,23,23,23,24,24,24.0,A,E,H,24.0,GLU,A,Q8ZME0,24.0,E,E,H,98.68,E,H,9.0
24,24,24,24,25,25,25.0,A,Q,H,25.0,GLN,A,Q8ZME0,25.0,Q,Q,H,98.68,Q,H,9.0
25,25,25,25,26,26,26.0,A,G,H,26.0,GLY,A,Q8ZME0,26.0,G,G,H,98.69,G,H,9.0
26,26,26,26,27,27,27.0,A,F,H,27.0,PHE,A,Q8ZME0,27.0,F,F,H,98.69,F,H,9.0
27,27,27,27,28,28,28.0,A,R,H,28.0,ARG,A,Q8ZME0,28.0,R,R,H,98.69,R,H,9.0
28,28,28,28,29,29,29.0,A,E,C,29.0,GLU,A,Q8ZME0,29.0,E,E,C,98.69,E,H,8.0
29,29,29,29,30,30,30.0,A,I,C,30.0,ILE,A,Q8ZME0,30.0,I,I,C,98.69,I,H,6.0
30,30,30,30,31,31,31.0,A,W,C,31.0,TRP,A,Q8ZME0,31.0,W,W,C,98.69,W,C,2.0
31,31,31,31,32,32,32.0,A,P,C,32.0,PRO,A,Q8ZME0,32.0,P,P,C,98.69,P,C,5.0
32,32,32,32,33,33,33.0,A,D,C,33.0,ASP,A,Q8ZME0,33.0,D,D,C,98.72,D,C,8.0
33,33,33,33,34,34,34.0,A,A,C,34.0,ALA,A,Q8ZME0,34.0,A,A,C,98.72,A,C,8.0
34,34,34,34,35,35,35.0,A,D,E,35.0,ASP,A,Q8ZME0,35.0,D,D,E,98.72,D,E,5.0
35,35,35,35,36,36,36.0,A,Y,E,36.0,TYR,A,Q8ZME0,36.0,Y,Y,E,98.72,Y,E,0.0
36,36,36,36,37,37,37.0,A,L,E,37.0,LEU,A,Q8ZME0,37.0,L,L,E,98.72,L,E,7.0
37,37,37,37,38,38,38.0,A,K,E,38.0,LYS,A,Q8ZME0,38.0,K,K,E,98.72,K,E,7.0
38,38,38,38,39,39,39.0,A,L,C,39.0,LEU,A,Q8ZME0,39.0,L,L,C,98.72,L,E,6.0
39,39,39,39,40,40,40.0,A,P,C,40.0,PRO,A,Q8ZME0,40.0,P,P,C,98.72,P,E,2.0
40,40,40,40,41,41,41.0,A,L,C,41.0,LEU,A,Q8ZME0,41.0,L,L,C,98.04,L,C,2.0
41,41,41,41,42,42,42.0,A,A,C,42.0,ALA,A,Q8ZME0,42.0,A,A,C,98.04,A,C,6.0
42,42,42,42,43,43,43.0,A,D,C,43.0,ASP,A,Q8ZME0,43.0,D,D,C,98.04,D,C,7.0
43,43,43,43,44,44,44.0,A,G,C,44.0,GLY,A,Q8ZME0,44.0,G,G,C,98.04,G,C,8.0
44,44,44,44,45,45,45.0,A,G,C,45.0,GLY,A,Q8ZME0,45.0,G,G,C,98.04,G,C,7.0
45,45,45,45,46,46,46.0,A,E,C,46.0,GLU,A,Q8ZME0,46.0,E,E,C,97.56,E,C,7.0
46,46,46,46,47,47,47.0,A,G,C,47.0,GLY,A,Q8ZME0,47.0,G,G,C,97.56,G,C,5.0
47,47,47,47,48,48,48.0,A,T,H,48.0,THR,A,Q8ZME0,48.0,T,T,H,97.56,T,H,1.0
48,48,48,48,49,49,49.0,A,V,H,49.0,VAL,A,Q8ZME0,49.0,V,V,H,97.56,V,H,2.0
49,49,49,49,50,50,50.0,A,E,H,50.0,GLU,A,Q8ZME0,50.0,E,E,H,97.56,E,H,7.0
50,50,50,50,51,51,51.0,A,A,H,51.0,ALA,A,Q8ZME0,51.0,A,A,H,97.56,A,H,8.0
51,51,51,51,52,52,52.0,A,X,H,52.0,MSE,A,Q8ZME0,52.0,M,M,H,97.56,M,H,7.0
52,52,52,52,53,53,53.0,A,V,H,53.0,VAL,A,Q8ZME0,53.0,V,V,H,95.61,V,H,7.0
53,53,53,53,54,54,54.0,A,E,H,54.0,GLU,A,Q8ZME0,54.0,E,E,H,95.61,E,H,7.0
54,54,54,54,55,55,55.0,A,A,H,55.0,ALA,A,Q8ZME0,55.0,A,A,H,95.61,A,H,7.0
55,55,55,55,56,56,56.0,A,T,H,56.0,THR,A,Q8ZME0,56.0,T,T,C,95.61,T,C,3.0
56,56,56,56,57,57,57.0,A,A,C,57.0,ALA,A,Q8ZME0,57.0,A,A,C,95.61,A,C,5.0
57,57,57,57,58,58,58.0,A,G,C,58.0,GLY,A,Q8ZME0,58.0,G,G,C,95.61,G,C,8.0
58,58,58,58,59,59,59.0,A,R,E,59.0,ARG,A,Q8ZME0,59.0,R,R,E,95.61,R,C,8.0
59,59,59,59,60,60,60.0,A,I,E,60.0,ILE,A,Q8ZME0,60.0,I,I,E,95.61,I,E,6.0
60,60,60,60,61,61,61.0,A,V,E,61.0,VAL,A,Q8ZME0,61.0,V,V,E,93.59,V,E,5.0
61,61,61,61,62,62,62.0,A,H,E,62.0,HIS,A,Q8ZME0,62.0,H,H,E,93.59,H,E,8.0
62,62,62,62,63,63,63.0,A,V,E,63.0,VAL,A,Q8ZME0,63.0,V,V,E,93.59,V,E,8.0
63,63,63,63,64,64,64.0,A,E,E,64.0,GLU,A,Q8ZME0,64.0,E,E,E,93.59,E,E,8.0
64,64,64,64,65,65,65.0,A,V,E,65.0,VAL,A,Q8ZME0,65.0,V,V,E,93.59,V,E,7.0
65,65,65,65,66,66,66.0,A,T,E,66.0,THR,A,Q8ZME0,66.0,T,T,E,93.59,T,C,2.0
66,66,66,66,67,67,67.0,A,G,C,67.0,GLY,A,Q8ZME0,67.0,G,G,C,93.26,G,C,5.0
67,67,67,67,68,68,68.0,A,P,C,68.0,PRO,A,Q8ZME0,68.0,P,P,C,93.26,P,C,7.0
68,68,68,68,69,69,69.0,A,L,C,69.0,LEU,A,Q8ZME0,69.0,L,L,C,93.26,L,C,8.0
69,69,69,69,70,70,70.0,A,G,C,70.0,GLY,A,Q8ZME0,70.0,G,G,C,93.26,G,C,8.0
70,70,70,70,71,71,71.0,A,H,C,71.0,HIS,A,Q8ZME0,71.0,H,H,C,93.26,H,C,7.0
71,71,71,71,72,72,72.0,A,R,E,72.0,ARG,A,Q8ZME0,72.0,R,R,E,93.26,R,E,4.0
72,72,72,72,73,73,73.0,A,V,E,73.0,VAL,A,Q8ZME0,73.0,V,V,E,93.26,V,E,1.0
73,73,73,73,74,74,74.0,A,N,E,74.0,ASN,A,Q8ZME0,74.0,N,N,E,93.26,N,E,8.0
74,74,74,74,75,75,75.0,A,A,E,75.0,ALA,A,Q8ZME0,75.0,A,A,E,93.26,A,E,8.0
75,75,75,75,76,76,76.0,A,F,E,76.0,PHE,A,Q8ZME0,76.0,F,F,E,93.26,F,E,8.0
76,76,76,76,77,77,77.0,A,Y,E,77.0,TYR,A,Q8ZME0,77.0,Y,Y,E,93.26,Y,E,9.0
77,77,77,77,78,78,78.0,A,G,E,78.0,GLY,A,Q8ZME0,78.0,G,G,E,93.26,G,E,9.0
78,78,78,78,79,79,79.0,A,L,E,79.0,LEU,A,Q8ZME0,79.0,L,L,E,84.08,L,E,9.0
79,79,79,79,80,80,80.0,A,S,C,80.0,SER,A,Q8ZME0,80.0,S,S,C,84.08,S,E,8.0
80,80,80,80,81,81,81.0,A,G,C,81.0,GLY,A,Q8ZME0,81.0,G,G,C,84.08,G,C,5.0
81,81,81,81,82,82,82.0,A,D,C,82.0,ASP,A,Q8ZME0,82.0,D,D,C,84.08,D,C,5.0
82,82,82,82,83,83,83.0,A,A,C,83.0,ALA,A,Q8ZME0,83.0,A,A,C,84.08,A,C,8.0
83,83,83,83,84,84,84.0,A,R,C,84.0,ARG,A,Q8ZME0,84.0,R,R,C,84.08,R,C,8.0
84,84,84,84,85,85,85.0,A,S,E,85.0,SER,A,Q8ZME0,85.0,S,S,E,84.08,S,E,5.0
85,85,85,85,86,86,86.0,A,A,E,86.0,ALA,A,Q8ZME0,86.0,A,A,E,84.08,A,E,4.0
86,86,86,86,87,87,87.0,A,F,E,87.0,PHE,A,Q8ZME0,87.0,F,F,E,84.08,F,E,3.0
87,87,87,87,88,88,88.0,A,I,E,88.0,ILE,A,Q8ZME0,88.0,I,I,E,84.17,I,E,2.0
88,88,88,88,89,89,89.0,A,E,E,89.0,GLU,A,Q8ZME0,89.0,E,E,E,84.17,E,H,0.0
89,89,89,89,90,90,90.0,A,X,C,90.0,MSE,A,Q8ZME0,90.0,M,M,C,84.17,M,H,2.0
90,90,90,90,91,91,91.0,A,A,H,91.0,ALA,A,Q8ZME0,91.0,A,A,H,84.17,A,H,4.0
91,91,91,91,92,92,92.0,A,A,H,92.0,ALA,A,Q8ZME0,92.0,A,A,H,84.17,A,H,8.0
92,92,92,92,93,93,93.0,A,A,H,93.0,ALA,A,Q8ZME0,93.0,A,A,H,84.17,A,H,8.0
93,93,93,93,94,94,94.0,A,S,H,94.0,SER,A,Q8ZME0,94.0,S,S,H,84.17,S,C,6.0
94,94,94,94,95,95,95.0,A,G,C,95.0,GLY,A,Q8ZME0,95.0,G,G,C,84.17,G,C,1.0
95,95,95,95,96,96,96.0,A,L,C,96.0,LEU,A,Q8ZME0,96.0,L,L,C,84.17,L,C,3.0
96,96,96,96,97,97,97.0,A,E,C,97.0,GLU,A,Q8ZME0,97.0,E,E,C,90.33,E,C,6.0
97,97,97,97,98,98,98.0,A,Q,C,98.0,GLN,A,Q8ZME0,98.0,Q,Q,C,90.33,Q,C,7.0
98,98,98,98,99,99,99.0,A,V,C,99.0,VAL,A,Q8ZME0,99.0,V,V,C,90.33,V,C,7.0
99,99,99,99,100,100,100.0,A,P,C,100.0,PRO,A,Q8ZME0,100.0,P,P,C,90.33,P,C,7.0
100,100,100,100,101,101,101.0,A,P,C,101.0,PRO,A,Q8ZME0,101.0,P,P,C,90.33,P,C,7.0
101,101,101,101,102,102,102.0,A,A,C,102.0,ALA,A,Q8ZME0,102.0,A,A,C,90.33,A,C,7.0
102,102,102,102,103,103,103.0,A,Q,C,103.0,GLN,A,Q8ZME0,103.0,Q,Q,C,94.13,Q,C,7.0
103,103,103,103,104,104,104.0,A,R,C,104.0,ARG,A,Q8ZME0,104.0,R,R,C,94.13,R,C,7.0
104,104,104,104,105,105,105.0,A,D,C,105.0,ASP,A,Q8ZME0,105.0,D,D,C,94.13,D,C,7.0
105,105,105,105,106,106,106.0,A,P,C,106.0,PRO,A,Q8ZME0,106.0,P,P,C,94.13,P,C,7.0
106,106,106,106,107,107,107.0,A,L,C,107.0,LEU,A,Q8ZME0,107.0,L,L,C,94.13,L,C,6.0
107,107,107,107,108,108,108.0,A,K,C,108.0,LYS,A,Q8ZME0,108.0,K,K,C,94.13,K,C,5.0
108,108,108,108,109,109,109.0,A,T,C,109.0,THR,A,Q8ZME0,109.0,T,T,C,94.13,T,C,2.0
109,109,109,109,110,110,110.0,A,T,C,110.0,THR,A,Q8ZME0,110.0,T,T,C,94.13,T,C,2.0
110,110,110,110,111,111,111.0,A,S,C,111.0,SER,A,Q8ZME0,111.0,S,S,C,93.26,S,C,4.0
111,111,111,111,112,112,112.0,A,W,H,112.0,TRP,A,Q8ZME0,112.0,W,W,H,93.26,W,H,5.0
112,112,112,112,113,113,113.0,A,G,H,113.0,GLY,A,Q8ZME0,113.0,G,G,H,93.26,G,H,0.0
113,113,113,113,114,114,114.0,A,T,H,114.0,THR,A,Q8ZME0,114.0,T,T,H,93.26,T,H,3.0
114,114,114,114,115,115,115.0,A,G,H,115.0,GLY,A,Q8ZME0,115.0,G,G,H,93.26,G,H,6.0
115,115,115,115,116,116,116.0,A,E,H,116.0,GLU,A,Q8ZME0,116.0,E,E,H,93.26,E,H,8.0
116,116,116,116,117,117,117.0,A,L,H,117.0,LEU,A,Q8ZME0,117.0,L,L,H,94.79,L,H,9.0
117,117,117,117,118,118,118.0,A,I,H,118.0,ILE,A,Q8ZME0,118.0,I,I,H,94.79,I,H,9.0
118,118,118,118,119,119,119.0,A,R,H,119.0,ARG,A,Q8ZME0,119.0,R,R,H,94.79,R,H,9.0
119,119,119,119,120,120,120.0,A,H,H,120.0,HIS,A,Q8ZME0,120.0,H,H,H,94.79,H,H,9.0
120,120,120,120,121,121,121.0,A,A,H,121.0,ALA,A,Q8ZME0,121.0,A,A,H,94.79,A,H,9.0
121,121,121,121,122,122,122.0,A,L,H,122.0,LEU,A,Q8ZME0,122.0,L,L,H,95.6,L,H,8.0
122,122,122,122,123,123,123.0,A,D,H,123.0,ASP,A,Q8ZME0,123.0,D,D,H,95.6,D,H,8.0
123,123,123,123,124,124,124.0,A,A,C,124.0,ALA,A,Q8ZME0,124.0,A,A,C,95.6,A,C,6.0
124,124,124,124,125,125,125.0,A,G,C,125.0,GLY,A,Q8ZME0,125.0,G,G,C,95.6,G,C,1.0
125,125,125,125,126,126,126.0,A,V,C,126.0,VAL,A,Q8ZME0,126.0,V,V,C,95.6,V,C,2.0
126,126,126,126,127,127,127.0,A,E,C,127.0,GLU,A,Q8ZME0,127.0,E,E,C,95.6,E,C,4.0
127,127,127,127,128,128,128.0,A,H,E,128.0,HIS,A,Q8ZME0,128.0,H,H,E,95.6,H,E,3.0
128,128,128,128,129,129,129.0,A,I,E,129.0,ILE,A,Q8ZME0,129.0,I,I,E,95.6,I,E,5.0
129,129,129,129,130,130,130.0,A,I,E,130.0,ILE,A,Q8ZME0,130.0,I,I,E,96.86,I,E,7.0
130,130,130,130,131,131,131.0,A,I,E,131.0,ILE,A,Q8ZME0,131.0,I,I,E,96.86,I,E,8.0
131,131,131,131,132,132,132.0,A,G,E,132.0,GLY,A,Q8ZME0,132.0,G,G,E,96.86,G,E,8.0
132,132,132,132,133,133,133.0,A,I,C,133.0,ILE,A,Q8ZME0,133.0,I,I,C,96.86,I,E,6.0
133,133,133,133,134,134,134.0,A,G,C,134.0,GLY,A,Q8ZME0,134.0,G,G,C,96.86,G,C,1.0
134,134,134,134,135,135,135.0,A,G,C,135.0,GLY,A,Q8ZME0,135.0,G,G,C,96.86,G,C,5.0
135,135,135,135,136,136,136.0,A,S,C,136.0,SER,A,Q8ZME0,136.0,S,S,C,96.86,S,C,7.0
136,136,136,136,137,137,137.0,A,A,C,137.0,ALA,A,Q8ZME0,137.0,A,A,C,96.86,A,C,8.0
137,137,137,137,138,138,138.0,A,T,C,138.0,THR,A,Q8ZME0,138.0,T,T,C,96.86,T,C,8.0
138,138,138,138,139,139,139.0,A,N,C,139.0,ASN,A,Q8ZME0,139.0,N,N,C,97.95,N,C,7.0
139,139,139,139,140,140,140.0,A,D,C,140.0,ASP,A,Q8ZME0,140.0,D,D,C,97.95,D,C,7.0
140,140,140,140,141,141,141.0,A,G,C,141.0,GLY,A,Q8ZME0,141.0,G,G,C,97.95,G,H,0.0
141,141,141,141,142,142,142.0,A,G,C,142.0,GLY,A,Q8ZME0,142.0,G,G,C,97.95,G,H,1.0
142,142,142,142,143,143,143.0,A,A,H,143.0,ALA,A,Q8ZME0,143.0,A,A,H,97.95,A,H,3.0
143,143,143,143,144,144,144.0,A,G,H,144.0,GLY,A,Q8ZME0,144.0,G,G,H,97.95,G,H,4.0
144,144,144,144,145,145,145.0,A,X,H,145.0,MSE,A,Q8ZME0,145.0,M,M,H,97.95,M,H,4.0
145,145,145,145,146,146,146.0,A,V,H,146.0,VAL,A,Q8ZME0,146.0,V,V,H,98.45,V,H,6.0
146,146,146,146,147,147,147.0,A,Q,H,147.0,GLN,A,Q8ZME0,147.0,Q,Q,H,98.45,Q,H,6.0
147,147,147,147,148,148,148.0,A,A,H,148.0,ALA,A,Q8ZME0,148.0,A,A,H,98.45,A,H,6.0
148,148,148,148,149,149,149.0,A,L,C,149.0,LEU,A,Q8ZME0,149.0,L,L,C,98.45,L,H,5.0
149,149,149,149,150,150,150.0,A,G,C,150.0,GLY,A,Q8ZME0,150.0,G,G,C,98.45,G,H,3.0
150,150,150,150,151,151,151.0,A,A,C,151.0,ALA,A,Q8ZME0,151.0,A,A,C,98.54,A,H,1.0
151,151,151,151,152,152,152.0,A,R,E,152.0,ARG,A,Q8ZME0,152.0,R,R,E,98.54,R,H,2.0
152,152,152,152,153,153,153.0,A,L,E,153.0,LEU,A,Q8ZME0,153.0,L,L,E,98.54,L,H,3.0
153,153,153,153,154,154,154.0,A,R,E,154.0,ARG,A,Q8ZME0,154.0,R,R,E,98.54,R,C,2.0
154,154,154,154,155,155,155.0,A,D,C,155.0,ASP,A,Q8ZME0,155.0,D,D,E,98.54,D,C,0.0
155,155,155,155,156,156,156.0,A,A,C,156.0,ALA,A,Q8ZME0,156.0,A,A,C,98.54,A,C,6.0
156,156,156,156,157,157,157.0,A,Q,C,157.0,GLN,A,Q8ZME0,157.0,Q,Q,C,98.54,Q,C,7.0
157,157,157,157,158,158,158.0,A,G,C,158.0,GLY,A,Q8ZME0,158.0,G,G,C,98.75,G,C,7.0
158,158,158,158,159,159,159.0,A,N,C,159.0,ASN,A,Q8ZME0,159.0,N,N,C,98.75,N,C,7.0
159,159,159,159,160,160,160.0,A,D,C,160.0,ASP,A,Q8ZME0,160.0,D,D,C,98.75,D,C,7.0
160,160,160,160,161,161,161.0,A,I,C,161.0,ILE,A,Q8ZME0,161.0,I,I,C,98.75,I,C,7.0
161,161,161,161,162,162,162.0,A,A,C,162.0,ALA,A,Q8ZME0,162.0,A,A,C,98.75,A,C,7.0
162,162,162,162,163,163,163.0,A,Q,C,163.0,GLN,A,Q8ZME0,163.0,Q,Q,C,98.85,Q,C,7.0
163,163,163,163,164,164,164.0,A,G,C,164.0,GLY,A,Q8ZME0,164.0,G,G,C,98.85,G,C,7.0
164,164,164,164,165,165,165.0,A,G,C,165.0,GLY,A,Q8ZME0,165.0,G,G,C,98.85,G,C,7.0
165,165,165,165,166,166,166.0,A,I,C,166.0,ILE,A,Q8ZME0,166.0,I,I,C,98.85,I,C,7.0
166,166,166,166,167,167,167.0,A,G,C,167.0,GLY,A,Q8ZME0,167.0,G,G,C,98.85,G,C,7.0
167,167,167,167,168,168,168.0,A,L,C,168.0,LEU,A,Q8ZME0,168.0,L,L,C,98.85,L,C,7.0
168,168,168,168,169,169,169.0,A,E,C,169.0,GLU,A,Q8ZME0,169.0,E,E,C,98.85,E,E,2.0
169,169,169,169,170,170,170.0,A,T,C,170.0,THR,A,Q8ZME0,170.0,T,T,C,98.85,T,E,1.0
170,170,170,170,171,171,171.0,A,L,C,171.0,LEU,A,Q8ZME0,171.0,L,L,E,98.78,L,E,2.0
171,171,171,171,172,172,172.0,A,A,C,172.0,ALA,A,Q8ZME0,172.0,A,A,E,98.78,A,E,2.0
172,172,172,172,173,173,173.0,A,S,E,173.0,SER,A,Q8ZME0,173.0,S,S,E,98.78,S,E,3.0
173,173,173,173,174,174,174.0,A,I,E,174.0,ILE,A,Q8ZME0,174.0,I,I,E,98.78,I,C,3.0
174,174,174,174,175,175,175.0,A,D,E,175.0,ASP,A,Q8ZME0,175.0,D,D,E,98.78,D,C,1.0
175,175,175,175,176,176,176.0,A,I,C,176.0,ILE,A,Q8ZME0,176.0,I,I,C,98.78,I,C,7.0
176,176,176,176,177,177,177.0,A,S,C,177.0,SER,A,Q8ZME0,177.0,S,S,C,98.78,S,C,7.0
177,177,177,177,178,178,178.0,A,G,C,178.0,GLY,A,Q8ZME0,178.0,G,G,C,98.78,G,C,7.0
178,178,178,178,179,179,179.0,A,L,C,179.0,LEU,A,Q8ZME0,179.0,L,L,C,98.78,L,C,7.0
179,179,179,179,180,180,180.0,A,D,C,180.0,ASP,A,Q8ZME0,180.0,D,D,C,98.77,D,C,6.0
180,180,180,180,181,181,181.0,A,K,C,181.0,LYS,A,Q8ZME0,181.0,K,K,C,98.77,K,C,5.0
181,181,181,181,182,182,182.0,A,R,H,182.0,ARG,A,Q8ZME0,182.0,R,R,C,98.77,R,C,3.0
182,182,182,182,183,183,183.0,A,L,H,183.0,LEU,A,Q8ZME0,183.0,L,L,C,98.77,L,C,3.0
183,183,183,183,184,184,184.0,A,S,H,184.0,SER,A,Q8ZME0,184.0,S,S,C,98.77,S,C,3.0
184,184,184,184,185,185,185.0,A,A,H,185.0,ALA,A,Q8ZME0,185.0,A,A,C,98.77,A,C,3.0
185,185,185,185,186,186,186.0,A,C,C,186.0,CYS,A,Q8ZME0,186.0,C,C,C,98.77,C,C,3.0
186,186,186,186,187,187,187.0,A,H,E,187.0,HIS,A,Q8ZME0,187.0,H,H,E,98.77,H,E,2.0
187,187,187,187,188,188,188.0,A,I,E,188.0,ILE,A,Q8ZME0,188.0,I,I,E,98.77,I,E,5.0
188,188,188,188,189,189,189.0,A,E,E,189.0,GLU,A,Q8ZME0,189.0,E,E,E,98.8,E,E,8.0
189,189,189,189,190,190,190.0,A,V,E,190.0,VAL,A,Q8ZME0,190.0,V,V,E,98.8,V,E,8.0
190,190,190,190,191,191,191.0,A,A,E,191.0,ALA,A,Q8ZME0,191.0,A,A,E,98.8,A,E,6.0
191,191,191,191,192,192,192.0,A,C,C,192.0,CYS,A,Q8ZME0,192.0,C,C,C,98.8,C,C,2.0
192,192,192,192,193,193,193.0,A,D,C,193.0,ASP,A,Q8ZME0,193.0,D,D,C,98.78,D,C,1.0
193,193,193,193,194,194,194.0,A,V,C,194.0,VAL,A,Q8ZME0,194.0,V,V,C,98.78,V,C,8.0
194,194,194,194,195,195,195.0,A,T,C,195.0,THR,A,Q8ZME0,195.0,T,T,C,98.78,T,C,7.0
195,195,195,195,196,196,196.0,A,N,C,196.0,ASN,A,Q8ZME0,196.0,N,N,C,98.78,N,C,7.0
196,196,196,196,197,197,197.0,A,P,C,197.0,PRO,A,Q8ZME0,197.0,P,P,C,98.78,P,C,3.0
197,197,197,197,198,198,198.0,A,L,C,198.0,LEU,A,Q8ZME0,198.0,L,L,C,98.78,L,E,1.0
198,198,198,198,199,199,199.0,A,T,C,199.0,THR,A,Q8ZME0,199.0,T,T,C,98.78,T,E,1.0
199,199,199,199,200,200,200.0,A,G,C,200.0,GLY,A,Q8ZME0,200.0,G,G,C,98.78,G,C,0.0
200,200,200,200,201,201,201.0,A,K,C,201.0,LYS,A,Q8ZME0,201.0,K,K,C,98.78,K,C,5.0
201,201,201,201,202,202,202.0,A,E,C,202.0,GLU,A,Q8ZME0,202.0,E,E,C,98.78,E,C,6.0
202,202,202,202,203,203,203.0,A,G,C,203.0,GLY,A,Q8ZME0,203.0,G,G,C,98.78,G,C,7.0
203,203,203,203,204,204,204.0,A,A,H,204.0,ALA,A,Q8ZME0,204.0,A,A,H,98.48,A,H,4.0
204,204,204,204,205,205,205.0,A,S,H,205.0,SER,A,Q8ZME0,205.0,S,S,H,98.48,S,E,0.0
205,205,205,205,206,206,206.0,A,A,H,206.0,ALA,A,Q8ZME0,206.0,A,A,H,98.48,A,E,1.0
206,206,206,206,207,207,207.0,A,V,H,207.0,VAL,A,Q8ZME0,207.0,V,V,H,98.48,V,E,2.0
207,207,207,207,208,208,208.0,A,F,H,208.0,PHE,A,Q8ZME0,208.0,F,F,H,98.48,F,E,2.0
208,208,208,208,209,209,209.0,A,G,C,209.0,GLY,A,Q8ZME0,209.0,G,G,C,98.48,G,C,1.0
209,209,209,209,210,210,210.0,A,P,C,210.0,PRO,A,Q8ZME0,210.0,P,P,C,98.48,P,C,1.0
210,210,210,210,211,211,211.0,A,Q,C,211.0,GLN,A,Q8ZME0,211.0,Q,Q,C,98.48,Q,C,5.0
211,211,211,211,212,212,212.0,A,K,C,212.0,LYS,A,Q8ZME0,212.0,K,K,C,98.48,K,C,7.0
212,212,212,212,213,213,213.0,A,G,C,213.0,GLY,A,Q8ZME0,213.0,G,G,C,98.48,G,C,8.0
213,213,213,213,214,214,214.0,A,A,C,214.0,ALA,A,Q8ZME0,214.0,A,A,C,98.48,A,C,8.0
214,214,214,214,215,215,215.0,A,T,C,215.0,THR,A,Q8ZME0,215.0,T,T,C,98.64,T,C,6.0
215,215,215,215,216,216,216.0,A,P,H,216.0,PRO,A,Q8ZME0,216.0,P,P,H,98.64,P,H,3.0
216,216,216,216,217,217,217.0,A,E,H,217.0,GLU,A,Q8ZME0,217.0,E,E,H,98.64,E,H,7.0
217,217,217,217,218,218,218.0,A,X,H,218.0,MSE,A,Q8ZME0,218.0,M,M,H,98.64,M,H,8.0
218,218,218,218,219,219,219.0,A,I,H,219.0,ILE,A,Q8ZME0,219.0,I,I,H,98.64,I,H,9.0
219,219,219,219,220,220,220.0,A,E,H,220.0,GLU,A,Q8ZME0,220.0,E,E,H,98.64,E,H,9.0
220,220,220,220,221,221,221.0,A,R,H,221.0,ARG,A,Q8ZME0,221.0,R,R,H,98.64,R,H,9.0
221,221,221,221,222,222,222.0,A,L,H,222.0,LEU,A,Q8ZME0,222.0,L,L,H,98.64,L,H,9.0
222,222,222,222,223,223,223.0,A,D,H,223.0,ASP,A,Q8ZME0,223.0,D,D,H,98.64,D,H,9.0
223,223,223,223,224,224,224.0,A,T,H,224.0,THR,A,Q8ZME0,224.0,T,T,H,98.51,T,H,9.0
224,224,224,224,225,225,225.0,A,A,H,225.0,ALA,A,Q8ZME0,225.0,A,A,H,98.51,A,H,9.0
225,225,225,225,226,226,226.0,A,L,H,226.0,LEU,A,Q8ZME0,226.0,L,L,H,98.51,L,H,9.0
226,226,226,226,227,227,227.0,A,T,H,227.0,THR,A,Q8ZME0,227.0,T,T,H,98.51,T,H,9.0
227,227,227,227,228,228,228.0,A,R,H,228.0,ARG,A,Q8ZME0,228.0,R,R,H,98.51,R,H,9.0
228,228,228,228,229,229,229.0,A,Y,H,229.0,TYR,A,Q8ZME0,229.0,Y,Y,H,98.51,Y,H,9.0
229,229,229,229,230,230,230.0,A,A,H,230.0,ALA,A,Q8ZME0,230.0,A,A,H,98.51,A,H,9.0
230,230,230,230,231,231,231.0,A,H,H,231.0,HIS,A,Q8ZME0,231.0,H,H,H,98.51,H,H,9.0
231,231,231,231,232,232,232.0,A,L,H,232.0,LEU,A,Q8ZME0,232.0,L,L,H,97.98,L,H,9.0
232,232,232,232,233,233,233.0,A,I,H,233.0,ILE,A,Q8ZME0,233.0,I,I,H,97.98,I,H,9.0
233,233,233,233,234,234,234.0,A,A,H,234.0,ALA,A,Q8ZME0,234.0,A,A,H,97.98,A,H,9.0
234,234,234,234,235,235,235.0,A,R,H,235.0,ARG,A,Q8ZME0,235.0,R,R,H,97.98,R,H,9.0
235,235,235,235,236,236,236.0,A,D,H,236.0,ASP,A,Q8ZME0,236.0,D,D,H,97.98,D,H,8.0
236,236,236,236,237,237,237.0,A,L,C,237.0,LEU,A,Q8ZME0,237.0,L,L,C,97.98,L,C,5.0
237,237,237,237,238,238,238.0,A,H,C,238.0,HIS,A,Q8ZME0,238.0,H,H,C,97.98,H,C,1.0
238,238,238,238,239,239,239.0,A,V,C,239.0,VAL,A,Q8ZME0,239.0,V,V,C,97.98,V,C,5.0
239,239,239,239,240,240,240.0,A,D,C,240.0,ASP,A,Q8ZME0,240.0,D,D,C,97.98,D,C,7.0
240,240,240,240,241,241,241.0,A,V,C,241.0,VAL,A,Q8ZME0,241.0,V,V,C,97.98,V,C,7.0
241,241,241,241,242,242,242.0,A,L,C,242.0,LEU,A,Q8ZME0,242.0,L,L,C,97.98,L,C,7.0
242,242,242,242,243,243,243.0,A,D,C,243.0,ASP,A,Q8ZME0,243.0,D,D,C,97.98,D,C,6.0
243,243,243,243,244,244,244.0,A,L,C,244.0,LEU,A,Q8ZME0,244.0,L,L,C,97.98,L,C,6.0
244,244,244,244,245,245,245.0,A,A,C,245.0,ALA,A,Q8ZME0,245.0,A,A,C,97.98,A,C,7.0
245,245,245,245,246,246,246.0,A,G,C,246.0,GLY,A,Q8ZME0,246.0,G,G,C,97.9,G,C,7.0
246,246,246,246,247,247,247.0,A,G,C,247.0,GLY,A,Q8ZME0,247.0,G,G,C,97.9,G,C,7.0
247,247,247,247,248,248,248.0,A,G,C,248.0,GLY,A,Q8ZME0,248.0,G,G,C,97.9,G,C,7.0
248,248,248,248,249,249,249.0,A,A,C,249.0,ALA,A,Q8ZME0,249.0,A,A,H,97.9,A,C,6.0
249,249,249,249,250,250,250.0,A,A,C,250.0,ALA,A,Q8ZME0,250.0,A,A,H,97.9,A,H,4.0
250,250,250,250,251,251,251.0,A,G,C,251.0,GLY,A,Q8ZME0,251.0,G,G,H,97.9,G,H,4.0
251,251,251,251,252,252,252.0,A,G,C,252.0,GLY,A,Q8ZME0,252.0,G,G,H,97.9,G,H,6.0
252,252,252,252,253,253,253.0,A,X,H,253.0,MSE,A,Q8ZME0,253.0,M,M,H,97.19,M,H,6.0
253,253,253,253,254,254,254.0,A,G,H,254.0,GLY,A,Q8ZME0,254.0,G,G,H,97.19,G,H,9.0
254,254,254,254,255,255,255.0,A,A,H,255.0,ALA,A,Q8ZME0,255.0,A,A,H,97.19,A,H,9.0
255,255,255,255,256,256,256.0,A,A,H,256.0,ALA,A,Q8ZME0,256.0,A,A,H,97.19,A,H,9.0
256,256,256,256,257,257,257.0,A,L,C,257.0,LEU,A,Q8ZME0,257.0,L,L,H,97.19,L,H,9.0
257,257,257,257,258,258,258.0,A,Y,C,258.0,TYR,A,Q8ZME0,258.0,Y,Y,H,97.19,Y,H,9.0
258,258,258,258,259,259,259.0,A,A,C,259.0,ALA,A,Q8ZME0,259.0,A,A,H,97.19,A,H,9.0
259,259,259,259,260,260,260.0,A,F,C,260.0,PHE,A,Q8ZME0,260.0,F,F,H,97.19,F,H,8.0
260,260,260,260,261,261,261.0,A,C,C,261.0,CYS,A,Q8ZME0,261.0,C,C,H,98.11,C,H,6.0
261,261,261,261,262,262,262.0,A,G,C,262.0,GLY,A,Q8ZME0,262.0,G,G,C,98.11,G,C,3.0
262,262,262,262,263,263,263.0,A,A,C,263.0,ALA,A,Q8ZME0,263.0,A,A,C,98.11,A,C,6.0
263,263,263,263,264,264,264.0,A,Q,E,264.0,GLN,A,Q8ZME0,264.0,Q,Q,E,98.11,Q,C,8.0
264,264,264,264,265,265,265.0,A,L,E,265.0,LEU,A,Q8ZME0,265.0,L,L,E,98.11,L,H,0.0
265,265,265,265,266,266,266.0,A,R,E,266.0,ARG,A,Q8ZME0,266.0,R,R,E,98.4,R,C,0.0
266,266,266,266,267,267,267.0,A,R,C,267.0,ARG,A,Q8ZME0,267.0,R,R,C,98.4,R,H,0.0
267,267,267,267,268,268,268.0,A,G,H,268.0,GLY,A,Q8ZME0,268.0,G,G,H,98.4,G,H,6.0
268,268,268,268,269,269,269.0,A,I,H,269.0,ILE,A,Q8ZME0,269.0,I,I,H,98.4,I,H,8.0
269,269,269,269,270,270,270.0,A,E,H,270.0,GLU,A,Q8ZME0,270.0,E,E,H,98.4,E,H,9.0
270,270,270,270,271,271,271.0,A,I,H,271.0,ILE,A,Q8ZME0,271.0,I,I,H,98.4,I,H,9.0
271,271,271,271,272,272,272.0,A,V,H,272.0,VAL,A,Q8ZME0,272.0,V,V,H,98.4,V,H,9.0
272,272,272,272,273,273,273.0,A,T,H,273.0,THR,A,Q8ZME0,273.0,T,T,H,98.4,T,H,9.0
273,273,273,273,274,274,274.0,A,D,H,274.0,ASP,A,Q8ZME0,274.0,D,D,H,98.47,D,H,8.0
274,274,274,274,275,275,275.0,A,A,H,275.0,ALA,A,Q8ZME0,275.0,A,A,H,98.47,A,H,6.0
275,275,275,275,276,276,276.0,A,L,C,276.0,LEU,A,Q8ZME0,276.0,L,L,C,98.47,L,H,2.0
276,276,276,276,277,277,277.0,A,H,C,277.0,HIS,A,Q8ZME0,277.0,H,H,C,98.47,H,H,3.0
277,277,277,277,278,278,278.0,A,L,H,278.0,LEU,A,Q8ZME0,278.0,L,L,H,98.47,L,H,1.0
278,278,278,278,279,279,279.0,A,E,H,279.0,GLU,A,Q8ZME0,279.0,E,E,H,98.47,E,H,7.0
279,279,279,279,280,280,280.0,A,A,H,280.0,ALA,A,Q8ZME0,280.0,A,A,H,98.47,A,H,7.0
280,280,280,280,281,281,281.0,A,C,H,281.0,CYS,A,Q8ZME0,281.0,C,C,H,98.47,C,H,8.0
281,281,281,281,282,282,282.0,A,L,H,282.0,LEU,A,Q8ZME0,282.0,L,L,H,98.47,L,H,8.0
282,282,282,282,283,283,283.0,A,A,H,283.0,ALA,A,Q8ZME0,283.0,A,A,H,98.47,A,H,7.0
283,283,283,283,284,284,284.0,A,D,H,284.0,ASP,A,Q8ZME0,284.0,D,D,C,98.47,D,C,3.0
284,284,284,284,285,285,285.0,A,A,C,285.0,ALA,A,Q8ZME0,285.0,A,A,C,98.47,A,C,5.0
285,285,285,285,286,286,286.0,A,D,C,286.0,ASP,A,Q8ZME0,286.0,D,D,C,97.63,D,C,8.0
286,286,286,286,287,287,287.0,A,L,E,287.0,LEU,A,Q8ZME0,287.0,L,L,E,97.63,L,E,6.0
287,287,287,287,288,288,288.0,A,V,E,288.0,VAL,A,Q8ZME0,288.0,V,V,E,97.63,V,E,3.0
288,288,288,288,289,289,289.0,A,I,E,289.0,ILE,A,Q8ZME0,289.0,I,I,E,97.63,I,E,8.0
289,289,289,289,290,290,290.0,A,T,E,290.0,THR,A,Q8ZME0,290.0,T,T,E,97.63,T,E,8.0
290,290,290,290,291,291,291.0,A,G,C,291.0,GLY,A,Q8ZME0,291.0,G,G,C,97.63,G,E,8.0
291,291,291,291,292,292,292.0,A,E,C,292.0,GLU,A,Q8ZME0,292.0,E,E,C,97.63,E,C,5.0
292,292,292,292,293,293,293.0,A,G,E,293.0,GLY,A,Q8ZME0,293.0,G,G,C,97.63,G,C,3.0
293,293,293,293,294,294,294.0,A,R,E,294.0,ARG,A,Q8ZME0,294.0,R,R,E,97.31,R,C,7.0
294,294,294,294,295,295,295.0,A,I,C,295.0,ILE,A,Q8ZME0,295.0,I,I,E,97.31,I,C,7.0
295,295,295,295,296,296,296.0,A,D,C,296.0,ASP,A,Q8ZME0,296.0,D,D,C,97.31,D,C,8.0
296,296,296,296,297,297,297.0,A,S,C,297.0,SER,A,Q8ZME0,297.0,S,S,C,97.31,S,C,8.0
297,297,297,297,298,298,302.0,A,G,C,302.0,GLY,A,Q8ZME0,302.0,G,G,C,97.31,G,C,7.0
298,298,298,298,299,299,303.0,A,K,H,303.0,LYS,A,Q8ZME0,303.0,K,K,C,96.52,K,C,7.0
299,299,299,299,300,300,304.0,A,V,H,304.0,VAL,A,Q8ZME0,304.0,V,V,H,96.52,V,C,3.0
300,300,300,300,301,301,305.0,A,P,H,305.0,PRO,A,Q8ZME0,305.0,P,P,H,96.52,P,H,1.0
301,301,301,301,302,302,306.0,A,I,H,306.0,ILE,A,Q8ZME0,306.0,I,I,H,96.52,I,H,2.0
302,302,302,302,303,303,307.0,A,G,H,307.0,GLY,A,Q8ZME0,307.0,G,G,H,96.52,G,H,7.0
303,303,303,303,304,304,308.0,A,V,H,308.0,VAL,A,Q8ZME0,308.0,V,V,H,96.52,V,H,8.0
304,304,304,304,305,305,309.0,A,A,H,309.0,ALA,A,Q8ZME0,309.0,A,A,H,96.52,A,H,9.0
305,305,305,305,306,306,310.0,A,N,H,310.0,ASN,A,Q8ZME0,310.0,N,N,H,96.52,N,H,9.0
306,306,306,306,307,307,311.0,A,I,H,311.0,ILE,A,Q8ZME0,311.0,I,I,H,95.77,I,H,9.0
307,307,307,307,308,308,312.0,A,A,H,312.0,ALA,A,Q8ZME0,312.0,A,A,H,95.77,A,H,9.0
308,308,308,308,309,309,313.0,A,K,H,313.0,LYS,A,Q8ZME0,313.0,K,K,H,95.77,K,H,8.0
309,309,309,309,310,310,314.0,A,R,H,314.0,ARG,A,Q8ZME0,314.0,R,R,H,95.77,R,H,7.0
310,310,310,310,311,311,315.0,A,Y,C,315.0,TYR,A,Q8ZME0,315.0,Y,Y,C,95.77,Y,C,5.0
311,311,311,311,312,312,316.0,A,N,C,316.0,ASN,A,Q8ZME0,316.0,N,N,C,95.77,N,C,3.0
312,312,312,312,313,313,317.0,A,K,C,317.0,LYS,A,Q8ZME0,317.0,K,K,C,95.77,K,C,8.0
313,313,313,313,314,314,318.0,A,P,C,318.0,PRO,A,Q8ZME0,318.0,P,P,C,95.44,P,C,9.0
314,314,314,314,315,315,319.0,A,V,E,319.0,VAL,A,Q8ZME0,319.0,V,V,E,95.44,V,E,6.0
315,315,315,315,316,316,320.0,A,I,E,320.0,ILE,A,Q8ZME0,320.0,I,I,E,95.44,I,E,4.0
316,316,316,316,317,317,321.0,A,G,E,321.0,GLY,A,Q8ZME0,321.0,G,G,E,95.44,G,E,8.0
317,317,317,317,318,318,322.0,A,I,E,322.0,ILE,A,Q8ZME0,322.0,I,I,E,95.44,I,E,8.0
318,318,318,318,319,319,323.0,A,A,E,323.0,ALA,A,Q8ZME0,323.0,A,A,E,95.44,A,E,8.0
319,319,319,319,320,320,324.0,A,G,E,324.0,GLY,A,Q8ZME0,324.0,G,G,C,95.44,G,E,7.0
320,320,320,320,321,321,325.0,A,S,E,325.0,SER,A,Q8ZME0,325.0,S,S,E,95.44,S,E,6.0
321,321,321,321,322,322,326.0,A,L,C,326.0,LEU,A,Q8ZME0,326.0,L,L,E,92.53,L,C,0.0
322,322,322,322,323,323,327.0,A,T,C,327.0,THR,A,Q8ZME0,327.0,T,T,C,92.53,T,C,4.0
323,323,323,323,324,324,336.0,A,H,C,336.0,HIS,A,Q8ZME0,336.0,H,H,C,85.48,H,C,6.0
324,324,324,324,325,325,337.0,A,G,C,337.0,GLY,A,Q8ZME0,337.0,G,G,C,85.48,G,C,7.0
325,325,325,325,326,326,338.0,A,L,C,338.0,LEU,A,Q8ZME0,338.0,L,L,C,85.48,L,H,4.0
326,326,326,326,327,327,339.0,A,D,C,339.0,ASP,A,Q8ZME0,339.0,D,D,C,84.66,D,H,2.0
327,327,327,327,328,328,340.0,A,A,E,340.0,ALA,A,Q8ZME0,340.0,A,A,E,84.66,A,H,7.0
328,328,328,328,329,329,341.0,A,V,E,341.0,VAL,A,Q8ZME0,341.0,V,V,E,84.66,V,H,3.0
329,329,329,329,330,330,342.0,A,F,E,342.0,PHE,A,Q8ZME0,342.0,F,F,E,84.66,F,H,3.0
330,330,330,330,331,331,343.0,A,S,E,343.0,SER,A,Q8ZME0,343.0,S,S,E,83.07,S,H,7.0
331,331,331,331,332,332,344.0,A,V,E,344.0,VAL,A,Q8ZME0,344.0,V,V,C,83.07,V,H,5.0
332,332,332,332,333,333,345.0,A,I,E,345.0,ILE,A,Q8ZME0,345.0,I,I,C,83.07,I,C,1.0
333,333,333,333,334,334,346.0,A,Y,C,346.0,TYR,A,Q8ZME0,346.0,Y,Y,C,83.07,Y,C,1.0
334,334,334,334,335,335,347.0,A,T,C,347.0,THR,A,Q8ZME0,347.0,T,T,C,80.95,T,C,5.0
335,335,335,335,336,336,348.0,A,I,C,348.0,ILE,A,Q8ZME0,348.0,I,I,C,80.95,I,C,7.0
336,336,336,336,337,337,349.0,A,C,C,349.0,CYS,A,Q8ZME0,349.0,C,C,C,80.95,C,C,7.0
337,337,337,337,338,338,350.0,A,T,C,350.0,THR,A,Q8ZME0,350.0,T,T,C,80.95,T,C,7.0
338,338,338,338,339,339,351.0,A,L,C,351.0,LEU,A,Q8ZME0,351.0,L,L,H,80.95,L,H,5.0
339,339,339,339,340,340,352.0,A,E,C,352.0,GLU,A,Q8ZME0,352.0,E,E,H,80.95,E,H,2.0
340,340,340,340,341,341,353.0,A,D,C,353.0,ASP,A,Q8ZME0,353.0,D,D,H,80.95,D,H,7.0
341,341,341,341,342,342,354.0,A,A,H,354.0,ALA,A,Q8ZME0,354.0,A,A,H,80.95,A,H,8.0
342,342,342,342,343,343,355.0,A,L,H,355.0,LEU,A,Q8ZME0,355.0,L,L,H,80.95,L,H,7.0
343,343,343,343,344,344,356.0,A,K,H,356.0,LYS,A,Q8ZME0,356.0,K,K,H,86.51,K,H,7.0
344,344,344,344,345,345,357.0,A,N,H,357.0,ASN,A,Q8ZME0,357.0,N,N,C,86.51,N,H,5.0
345,345,345,345,346,346,358.0,A,A,H,358.0,ALA,A,Q8ZME0,358.0,A,A,H,86.51,A,H,0.0
346,346,346,346,347,347,359.0,A,S,H,359.0,SER,A,Q8ZME0,359.0,S,S,H,86.51,S,H,1.0
347,347,347,347,348,348,360.0,A,E,H,360.0,GLU,A,Q8ZME0,360.0,E,E,H,92.34,E,H,7.0
348,348,348,348,349,349,361.0,A,N,H,361.0,ASN,A,Q8ZME0,361.0,N,N,H,92.34,N,H,8.0
349,349,349,349,350,350,362.0,A,V,H,362.0,VAL,A,Q8ZME0,362.0,V,V,H,92.34,V,H,9.0
350,350,350,350,351,351,363.0,A,R,H,363.0,ARG,A,Q8ZME0,363.0,R,R,H,92.34,R,H,9.0
351,351,351,351,352,352,364.0,A,X,H,364.0,MSE,A,Q8ZME0,364.0,M,M,H,92.34,M,H,9.0
352,352,352,352,353,353,365.0,A,T,H,365.0,THR,A,Q8ZME0,365.0,T,T,H,92.34,T,H,9.0
353,353,353,353,354,354,366.0,A,A,H,366.0,ALA,A,Q8ZME0,366.0,A,A,H,92.34,A,H,9.0
354,354,354,354,355,355,367.0,A,R,H,367.0,ARG,A,Q8ZME0,367.0,R,R,H,95.96,R,H,9.0
355,355,355,355,356,356,368.0,A,N,H,368.0,ASN,A,Q8ZME0,368.0,N,N,H,95.96,N,H,9.0
356,356,356,356,357,357,369.0,A,V,H,369.0,VAL,A,Q8ZME0,369.0,V,V,H,95.96,V,H,9.0
357,357,357,357,358,358,370.0,A,A,H,370.0,ALA,A,Q8ZME0,370.0,A,A,H,95.96,A,H,9.0
358,358,358,358,359,359,371.0,A,A,H,371.0,ALA,A,Q8ZME0,371.0,A,A,H,95.96,A,H,9.0
359,359,359,359,360,360,372.0,A,T,H,372.0,THR,A,Q8ZME0,372.0,T,T,H,95.96,T,H,9.0
360,360,360,360,361,361,373.0,A,L,H,373.0,LEU,A,Q8ZME0,373.0,L,L,H,95.96,L,H,9.0
361,361,361,361,362,362,374.0,A,K,H,374.0,LYS,A,Q8ZME0,374.0,K,K,H,93.54,K,H,9.0
362,362,362,362,363,363,375.0,A,A,H,375.0,ALA,A,Q8ZME0,375.0,A,A,H,93.54,A,H,9.0
363,363,363,363,364,364,376.0,A,G,H,376.0,GLY,A,Q8ZME0,376.0,G,G,H,93.54,G,H,9.0
364,364,364,364,365,365,377.0,A,Q,H,377.0,GLN,A,Q8ZME0,377.0,Q,Q,C,93.54,Q,H,8.0
365,365,365,365,366,366,378.0,A,Q,H,378.0,GLN,A,Q8ZME0,378.0,Q,Q,C,93.54,Q,H,6.0
366,366,366,366,367,367,379.0,A,L,C,379.0,LEU,A,Q8ZME0,379.0,L,L,C,93.54,L,C,0.0
