,Unnamed: 0,Unnamed: 0.1,Unnamed: 0.1.1,Unnamed: 0.1.1.1,Unnamed: 0.1.1.1.1,RES,CHAIN,AA,SS_CLASS,PDB_dbResNum,PDB_dbResName,PDB_dbChainId,UniProt_dbAccessionId,UniProt_dbResNum,UniProt_dbResName,shifted Uni,AF_predictions,Jpred_seq,Jpred_SS_pred
0,0,0,0,0,0,1.0,A,M,C,1.0,MET,A,P04450,1.0,M,M,C,M,C
1,1,1,1,1,1,2.0,A,I,C,2.0,ILE,A,P04450,2.0,I,I,C,I,C
2,2,2,2,2,2,3.0,A,Q,C,3.0,GLN,A,P04450,3.0,Q,Q,C,Q,C
3,3,3,3,3,3,4.0,A,Q,C,4.0,GLN,A,P04450,4.0,Q,Q,C,Q,C
4,4,4,4,4,4,5.0,A,E,C,5.0,GLU,A,P04450,5.0,E,E,C,E,C
5,5,5,5,5,5,6.0,A,S,C,6.0,SER,A,P04450,6.0,S,S,C,S,E
6,6,6,6,6,6,7.0,A,R,E,7.0,ARG,A,P04450,7.0,R,R,E,R,E
7,7,7,7,7,7,8.0,A,L,E,8.0,LEU,A,P04450,8.0,L,L,E,L,E
8,8,8,8,8,8,9.0,A,K,E,9.0,LYS,A,P04450,9.0,K,K,E,K,E
9,9,9,9,9,9,10.0,A,V,E,10.0,VAL,A,P04450,10.0,V,V,E,V,E
10,10,10,10,10,10,11.0,A,A,C,11.0,ALA,A,P04450,11.0,A,A,C,A,E
11,11,11,11,11,11,12.0,A,D,C,12.0,ASP,A,P04450,12.0,D,D,C,D,E
12,12,12,12,12,12,13.0,A,N,C,13.0,ASN,A,P04450,13.0,N,N,C,N,C
13,13,13,13,13,13,14.0,A,S,C,14.0,SER,A,P04450,14.0,S,S,C,S,C
14,14,14,14,14,14,15.0,A,G,C,15.0,GLY,A,P04450,15.0,G,G,C,G,C
15,15,15,15,15,15,16.0,A,A,E,16.0,ALA,A,P04450,16.0,A,A,E,A,C
16,16,16,16,16,16,17.0,A,R,E,17.0,ARG,A,P04450,17.0,R,R,E,R,E
17,17,17,17,17,17,18.0,A,E,E,18.0,GLU,A,P04450,18.0,E,E,E,E,E
18,18,18,18,18,18,19.0,A,V,E,19.0,VAL,A,P04450,19.0,V,V,E,V,E
19,19,19,19,19,19,20.0,A,L,E,20.0,LEU,A,P04450,20.0,L,L,E,L,E
20,20,20,20,20,20,21.0,A,V,E,21.0,VAL,A,P04450,21.0,V,V,E,V,E
21,21,21,21,21,21,22.0,A,I,E,22.0,ILE,A,P04450,22.0,I,I,E,I,E
22,22,22,22,22,22,23.0,A,K,E,23.0,LYS,A,P04450,23.0,K,K,E,K,E
23,23,23,23,23,23,24.0,A,V,E,24.0,VAL,A,P04450,24.0,V,V,E,V,E
24,24,24,24,24,24,25.0,A,L,C,25.0,LEU,A,P04450,25.0,L,L,C,L,C
25,25,25,25,25,25,26.0,A,G,C,26.0,GLY,A,P04450,26.0,G,G,C,G,C
26,26,26,26,26,26,27.0,A,G,C,27.0,GLY,A,P04450,27.0,G,G,C,G,C
27,27,27,27,27,27,28.0,A,S,C,28.0,SER,A,P04450,28.0,S,S,C,S,C
28,28,28,28,28,28,29.0,A,G,C,29.0,GLY,A,P04450,29.0,G,G,C,G,C
29,29,29,29,29,29,30.0,A,R,C,30.0,ARG,A,P04450,30.0,R,R,C,R,C
30,30,30,30,30,30,31.0,A,R,C,31.0,ARG,A,P04450,31.0,R,R,C,R,C
31,31,31,31,31,31,32.0,A,Y,C,32.0,TYR,A,P04450,32.0,Y,Y,C,Y,C
32,32,32,32,32,32,33.0,A,A,C,33.0,ALA,A,P04450,33.0,A,A,C,A,C
33,33,33,33,33,33,34.0,A,N,C,34.0,ASN,A,P04450,34.0,N,N,C,N,C
34,34,34,34,34,34,35.0,A,I,C,35.0,ILE,A,P04450,35.0,I,I,C,I,C
35,35,35,35,35,35,36.0,A,G,C,36.0,GLY,A,P04450,36.0,G,G,C,G,C
36,36,36,36,36,36,37.0,A,D,C,37.0,ASP,A,P04450,37.0,D,D,C,D,E
37,37,37,37,37,37,38.0,A,V,E,38.0,VAL,A,P04450,38.0,V,V,E,V,E
38,38,38,38,38,38,39.0,A,V,E,39.0,VAL,A,P04450,39.0,V,V,E,V,E
39,39,39,39,39,39,40.0,A,V,E,40.0,VAL,A,P04450,40.0,V,V,E,V,E
40,40,40,40,40,40,41.0,A,A,E,41.0,ALA,A,P04450,41.0,A,A,E,A,E
41,41,41,41,41,41,42.0,A,T,E,42.0,THR,A,P04450,42.0,T,T,E,T,E
42,42,42,42,42,42,43.0,A,V,E,43.0,VAL,A,P04450,43.0,V,V,E,V,E
43,43,43,43,43,43,44.0,A,K,E,44.0,LYS,A,P04450,44.0,K,K,E,K,E
44,44,44,44,44,44,45.0,A,D,E,45.0,ASP,A,P04450,45.0,D,D,E,D,E
45,45,45,45,45,45,46.0,A,A,E,46.0,ALA,A,P04450,46.0,A,A,E,A,E
46,46,46,46,46,46,47.0,A,T,C,47.0,THR,A,P04450,47.0,T,T,C,T,C
47,47,47,47,47,47,48.0,A,P,C,48.0,PRO,A,P04450,48.0,P,P,C,P,C
48,48,48,48,48,48,49.0,A,G,C,49.0,GLY,A,P04450,49.0,G,G,C,G,C
49,49,49,49,49,49,50.0,A,G,C,50.0,GLY,A,P04450,50.0,G,G,C,G,C
50,50,50,50,50,50,51.0,A,V,C,51.0,VAL,A,P04450,51.0,V,V,C,V,C
51,51,51,51,51,51,52.0,A,V,C,52.0,VAL,A,P04450,52.0,V,V,C,V,C
52,52,52,52,52,52,53.0,A,K,C,53.0,LYS,A,P04450,53.0,K,K,C,K,C
53,53,53,53,53,53,54.0,A,K,C,54.0,LYS,A,P04450,54.0,K,K,C,K,C
54,54,54,54,54,54,55.0,A,G,C,55.0,GLY,A,P04450,55.0,G,G,C,G,C
55,55,55,55,55,55,56.0,A,Q,C,56.0,GLN,A,P04450,56.0,Q,Q,C,Q,C
56,56,56,56,56,56,57.0,A,V,E,57.0,VAL,A,P04450,57.0,V,V,E,V,C
57,57,57,57,57,57,58.0,A,V,E,58.0,VAL,A,P04450,58.0,V,V,E,V,E
58,58,58,58,58,58,59.0,A,K,E,59.0,LYS,A,P04450,59.0,K,K,E,K,E
59,59,59,59,59,59,60.0,A,A,E,60.0,ALA,A,P04450,60.0,A,A,E,A,E
60,60,60,60,60,60,61.0,A,V,E,61.0,VAL,A,P04450,61.0,V,V,E,V,E
61,61,61,61,61,61,62.0,A,V,E,62.0,VAL,A,P04450,62.0,V,V,E,V,E
62,62,62,62,62,62,63.0,A,V,E,63.0,VAL,A,P04450,63.0,V,V,E,V,E
63,63,63,63,63,63,64.0,A,R,E,64.0,ARG,A,P04450,64.0,R,R,E,R,E
64,64,64,64,64,64,65.0,A,T,C,65.0,THR,A,P04450,65.0,T,T,C,T,C
65,65,65,65,65,65,66.0,A,K,C,66.0,LYS,A,P04450,66.0,K,K,C,K,C
66,66,66,66,66,66,67.0,A,R,C,67.0,ARG,A,P04450,67.0,R,R,C,R,C
67,67,67,67,67,67,68.0,A,G,C,68.0,GLY,A,P04450,68.0,G,G,C,G,C
68,68,68,68,68,68,69.0,A,V,E,69.0,VAL,A,P04450,69.0,V,V,E,V,C
69,69,69,69,69,69,70.0,A,R,E,70.0,ARG,A,P04450,70.0,R,R,E,R,C
70,70,70,70,70,70,71.0,A,R,C,71.0,ARG,A,P04450,71.0,R,R,C,R,C
71,71,71,71,71,71,72.0,A,P,C,72.0,PRO,A,P04450,72.0,P,P,C,P,C
72,72,72,72,72,72,73.0,A,D,C,73.0,ASP,A,P04450,73.0,D,D,C,D,C
73,73,73,73,73,73,74.0,A,G,C,74.0,GLY,A,P04450,74.0,G,G,C,G,C
74,74,74,74,74,74,75.0,A,S,C,75.0,SER,A,P04450,75.0,S,S,C,S,E
75,75,75,75,75,75,76.0,A,Y,E,76.0,TYR,A,P04450,76.0,Y,Y,E,Y,E
76,76,76,76,76,76,77.0,A,I,E,77.0,ILE,A,P04450,77.0,I,I,E,I,E
77,77,77,77,77,77,78.0,A,R,C,78.0,ARG,A,P04450,78.0,R,R,C,R,E
78,78,78,78,78,78,79.0,A,F,C,79.0,PHE,A,P04450,79.0,F,F,C,F,E
79,79,79,79,79,79,80.0,A,D,C,80.0,ASP,A,P04450,80.0,D,D,C,D,C
80,80,80,80,80,80,81.0,A,E,C,81.0,GLU,A,P04450,81.0,E,E,C,E,C
81,81,81,81,81,81,82.0,A,N,C,82.0,ASN,A,P04450,82.0,N,N,C,N,C
82,82,82,82,82,82,83.0,A,A,E,83.0,ALA,A,P04450,83.0,A,A,E,A,E
83,83,83,83,83,83,84.0,A,C,E,84.0,CYS,A,P04450,84.0,C,C,E,C,E
84,84,84,84,84,84,85.0,A,V,E,85.0,VAL,A,P04450,85.0,V,V,E,V,E
85,85,85,85,85,85,86.0,A,I,E,86.0,ILE,A,P04450,86.0,I,I,E,I,E
86,86,86,86,86,86,87.0,A,I,E,87.0,ILE,A,P04450,87.0,I,I,E,I,E
87,87,87,87,87,87,88.0,A,R,C,88.0,ARG,A,P04450,88.0,R,R,C,R,C
88,88,88,88,88,88,89.0,A,D,C,89.0,ASP,A,P04450,89.0,D,D,C,D,C
89,89,89,89,89,89,90.0,A,D,C,90.0,ASP,A,P04450,90.0,D,D,C,D,C
90,90,90,90,90,90,91.0,A,K,C,91.0,LYS,A,P04450,91.0,K,K,C,K,C
91,91,91,91,91,91,92.0,A,S,C,92.0,SER,A,P04450,92.0,S,S,C,S,C
92,92,92,92,92,92,93.0,A,P,C,93.0,PRO,A,P04450,93.0,P,P,C,P,E
93,93,93,93,93,93,94.0,A,R,C,94.0,ARG,A,P04450,94.0,R,R,C,R,E
94,94,94,94,94,94,95.0,A,G,C,95.0,GLY,A,P04450,95.0,G,G,C,G,E
95,95,95,95,95,95,96.0,A,T,C,96.0,THR,A,P04450,96.0,T,T,C,T,E
96,96,96,96,96,96,97.0,A,R,C,97.0,ARG,A,P04450,97.0,R,R,C,R,E
97,97,97,97,97,97,98.0,A,I,C,98.0,ILE,A,P04450,98.0,I,I,C,I,E
98,98,98,98,98,98,99.0,A,F,C,99.0,PHE,A,P04450,99.0,F,F,C,F,C
99,99,99,99,99,99,100.0,A,G,C,100.0,GLY,A,P04450,100.0,G,G,C,G,C
100,100,100,100,100,100,101.0,A,P,C,101.0,PRO,A,P04450,101.0,P,P,C,P,C
101,101,101,101,101,101,102.0,A,V,C,102.0,VAL,A,P04450,102.0,V,V,C,V,H
102,102,102,102,102,102,103.0,A,A,C,103.0,ALA,A,P04450,103.0,A,A,C,A,H
103,103,103,103,103,103,104.0,A,R,C,104.0,ARG,A,P04450,104.0,R,R,C,R,H
104,104,104,104,104,104,105.0,A,E,H,105.0,GLU,A,P04450,105.0,E,E,C,E,H
105,105,105,105,105,105,106.0,A,L,H,106.0,LEU,A,P04450,106.0,L,L,C,L,H
106,106,106,106,106,106,107.0,A,R,H,107.0,ARG,A,P04450,107.0,R,R,C,R,H
107,107,107,107,107,107,108.0,A,D,H,108.0,ASP,A,P04450,108.0,D,D,C,D,H
108,108,108,108,108,108,109.0,A,K,C,109.0,LYS,A,P04450,109.0,K,K,C,K,C
109,109,109,109,109,109,110.0,A,D,C,110.0,ASP,A,P04450,110.0,D,D,C,D,C
110,110,110,110,110,110,111.0,A,F,C,111.0,PHE,A,P04450,111.0,F,F,C,F,C
111,111,111,111,111,111,112.0,A,M,H,112.0,MET,A,P04450,112.0,M,M,H,M,C
112,112,112,112,112,112,113.0,A,K,H,113.0,LYS,A,P04450,113.0,K,K,H,K,H
113,113,113,113,113,113,114.0,A,I,H,114.0,ILE,A,P04450,114.0,I,I,H,I,H
114,114,114,114,114,114,115.0,A,I,H,115.0,ILE,A,P04450,115.0,I,I,H,I,H
115,115,115,115,115,115,116.0,A,S,H,116.0,SER,A,P04450,116.0,S,S,H,S,H
116,116,116,116,116,116,117.0,A,L,H,117.0,LEU,A,P04450,117.0,L,L,H,L,C
117,117,117,117,117,117,118.0,A,A,C,118.0,ALA,A,P04450,118.0,A,A,C,A,C
118,118,118,118,118,118,119.0,A,P,C,119.0,PRO,A,P04450,119.0,P,P,C,P,C
119,119,119,119,119,119,120.0,A,E,C,120.0,GLU,A,P04450,120.0,E,E,C,E,C
120,120,120,120,120,120,121.0,A,V,C,121.0,VAL,A,P04450,121.0,V,V,C,V,C
