,Unnamed: 0,Unnamed: 0.1,Unnamed: 0.1.1,RES,CHAIN,AA,SS_CLASS,PDB_dbResNum,PDB_dbResName,PDB_dbChainId,UniProt_dbAccessionId,UniProt_dbResNum,UniProt_dbResName,shifted Uni,AF_predictions,Jpred_seq,Jpred_SS_pred
0,0,4,4,1.0,A,M,E,1.0,MET,A,Q53WG9,1.0,M,M,C,G,C
1,1,5,5,2.0,A,W,E,2.0,TRP,A,Q53WG9,2.0,W,W,E,T,C
2,2,6,6,3.0,A,L,E,3.0,LEU,A,Q53WG9,3.0,L,L,E,G,C
3,3,7,7,4.0,A,T,E,4.0,THR,A,Q53WG9,4.0,T,T,E,A,C
4,4,8,8,5.0,A,K,E,5.0,LYS,A,Q53WG9,5.0,K,K,E,M,C
5,5,9,9,6.0,A,L,E,6.0,LEU,A,Q53WG9,6.0,L,L,E,W,E
6,6,10,10,7.0,A,V,E,7.0,VAL,A,Q53WG9,7.0,V,V,E,L,E
7,7,11,11,8.0,A,L,E,8.0,LEU,A,Q53WG9,8.0,L,L,E,T,E
8,8,12,12,9.0,A,N,C,9.0,ASN,A,Q53WG9,9.0,N,N,C,K,E
9,9,13,13,10.0,A,P,C,10.0,PRO,A,Q53WG9,10.0,P,P,C,L,E
10,10,14,14,11.0,A,A,C,11.0,ALA,A,Q53WG9,11.0,A,A,C,V,E
11,11,15,15,12.0,A,S,C,12.0,SER,A,Q53WG9,12.0,S,S,C,L,E
12,12,16,16,13.0,A,R,H,13.0,ARG,A,Q53WG9,13.0,R,R,H,N,C
13,13,17,17,14.0,A,A,H,14.0,ALA,A,Q53WG9,14.0,A,A,H,P,C
14,14,18,18,15.0,A,A,H,15.0,ALA,A,Q53WG9,15.0,A,A,H,A,C
15,15,19,19,16.0,A,R,H,16.0,ARG,A,Q53WG9,16.0,R,R,H,S,C
16,16,20,20,17.0,A,R,H,17.0,ARG,A,Q53WG9,17.0,R,R,H,R,H
17,17,21,21,18.0,A,D,H,18.0,ASP,A,Q53WG9,18.0,D,D,H,A,H
18,18,22,22,19.0,A,L,H,19.0,LEU,A,Q53WG9,19.0,L,L,H,A,H
19,19,23,23,20.0,A,A,H,20.0,ALA,A,Q53WG9,20.0,A,A,H,R,H
20,20,24,24,21.0,A,N,C,21.0,ASN,A,Q53WG9,21.0,N,N,C,R,H
21,21,25,25,22.0,A,P,H,22.0,PRO,A,Q53WG9,22.0,P,P,H,D,H
22,22,26,26,23.0,A,Y,H,23.0,TYR,A,Q53WG9,23.0,Y,Y,H,L,H
23,23,27,27,24.0,A,E,H,24.0,GLU,A,Q53WG9,24.0,E,E,H,A,C
24,24,28,28,25.0,A,M,H,25.0,MET,A,Q53WG9,25.0,M,M,H,N,C
25,25,29,29,26.0,A,H,H,26.0,HIS,A,Q53WG9,26.0,H,H,H,P,H
26,26,30,30,27.0,A,R,H,27.0,ARG,A,Q53WG9,27.0,R,R,H,Y,H
27,27,31,31,28.0,A,T,H,28.0,THR,A,Q53WG9,28.0,T,T,H,E,H
28,28,32,32,29.0,A,L,H,29.0,LEU,A,Q53WG9,29.0,L,L,H,M,H
29,29,33,33,30.0,A,S,H,30.0,SER,A,Q53WG9,30.0,S,S,H,H,H
30,30,34,34,31.0,A,K,C,31.0,LYS,A,Q53WG9,31.0,K,K,C,R,H
31,31,35,35,32.0,A,A,C,32.0,ALA,A,Q53WG9,32.0,A,A,C,T,H
32,32,36,36,33.0,A,V,C,33.0,VAL,A,Q53WG9,33.0,V,V,C,L,H
33,33,37,37,34.0,A,S,H,34.0,SER,A,Q53WG9,34.0,S,S,H,S,H
34,34,38,38,35.0,A,R,H,35.0,ARG,A,Q53WG9,35.0,R,R,H,K,H
35,35,39,39,36.0,A,A,H,36.0,ALA,A,Q53WG9,36.0,A,A,H,A,H
36,36,40,40,37.0,A,L,H,37.0,LEU,A,Q53WG9,37.0,L,L,H,V,C
37,37,41,41,38.0,A,E,H,38.0,GLU,A,Q53WG9,38.0,E,E,H,S,C
38,38,42,42,39.0,A,E,C,39.0,GLU,A,Q53WG9,39.0,E,E,C,R,C
39,39,43,43,40.0,A,G,C,40.0,GLY,A,Q53WG9,40.0,G,G,C,A,C
40,40,44,44,41.0,A,R,C,41.0,ARG,A,Q53WG9,41.0,R,R,C,L,C
41,41,45,45,42.0,A,E,C,42.0,GLU,A,Q53WG9,42.0,E,E,C,E,C
42,42,46,46,43.0,A,R,C,43.0,ARG,A,Q53WG9,43.0,R,R,C,E,C
43,43,47,47,44.0,A,L,C,44.0,LEU,A,Q53WG9,44.0,L,L,C,G,C
44,44,48,48,45.0,A,L,E,45.0,LEU,A,Q53WG9,45.0,L,L,E,R,C
45,45,49,49,46.0,A,W,E,46.0,TRP,A,Q53WG9,46.0,W,W,E,E,C
46,46,50,50,47.0,A,R,E,47.0,ARG,A,Q53WG9,47.0,R,R,E,R,C
47,47,51,51,48.0,A,L,E,48.0,LEU,A,Q53WG9,48.0,L,L,E,L,E
48,48,52,52,49.0,A,E,C,49.0,GLU,A,Q53WG9,49.0,E,E,C,L,E
49,49,53,53,50.0,A,P,C,50.0,PRO,A,Q53WG9,50.0,P,P,C,W,E
50,50,54,54,56.0,A,P,C,56.0,PRO,A,Q53WG9,56.0,P,P,C,R,E
51,51,55,55,57.0,A,P,C,57.0,PRO,A,Q53WG9,57.0,P,P,C,L,E
52,52,56,56,58.0,A,V,E,58.0,VAL,A,Q53WG9,58.0,V,V,E,E,C
53,53,57,57,59.0,A,V,E,59.0,VAL,A,Q53WG9,59.0,V,V,E,P,C
54,54,58,58,60.0,A,L,E,60.0,LEU,A,Q53WG9,60.0,L,L,E,P,C
55,55,59,59,61.0,A,V,E,61.0,VAL,A,Q53WG9,61.0,V,V,E,P,C
56,56,60,60,62.0,A,Q,E,62.0,GLN,A,Q53WG9,62.0,Q,Q,E,V,E
57,57,61,61,63.0,A,T,E,63.0,THR,A,Q53WG9,63.0,T,T,E,V,E
58,58,62,62,64.0,A,L,C,64.0,LEU,A,Q53WG9,64.0,L,L,C,L,E
59,59,63,63,65.0,A,T,C,65.0,THR,A,Q53WG9,65.0,T,T,C,V,E
60,60,64,64,66.0,A,E,C,66.0,GLU,A,Q53WG9,66.0,E,E,C,Q,E
61,61,65,65,67.0,A,P,C,67.0,PRO,A,Q53WG9,67.0,P,P,C,T,E
62,62,66,66,68.0,A,D,C,68.0,ASP,A,Q53WG9,68.0,D,D,C,L,C
63,63,67,67,69.0,A,W,C,69.0,TRP,A,Q53WG9,69.0,W,W,C,T,C
64,64,68,68,70.0,A,S,C,70.0,SER,A,Q53WG9,70.0,S,S,C,E,C
65,65,69,69,71.0,A,V,C,71.0,VAL,A,Q53WG9,71.0,V,V,C,P,C
66,66,70,70,72.0,A,L,C,72.0,LEU,A,Q53WG9,72.0,L,L,C,D,C
67,67,71,71,73.0,A,D,C,73.0,ASP,A,Q53WG9,73.0,D,D,C,W,C
68,68,72,72,74.0,A,E,C,74.0,GLU,A,Q53WG9,74.0,E,E,C,S,C
69,69,73,73,75.0,A,G,C,75.0,GLY,A,Q53WG9,75.0,G,G,C,V,C
70,70,74,74,76.0,A,Y,C,76.0,TYR,A,Q53WG9,76.0,Y,Y,C,L,C
71,71,75,75,77.0,A,A,E,77.0,ALA,A,Q53WG9,77.0,A,A,E,D,C
72,72,76,76,78.0,A,Q,E,78.0,GLN,A,Q53WG9,78.0,Q,Q,E,E,C
73,73,77,77,79.0,A,V,E,79.0,VAL,A,Q53WG9,79.0,V,V,E,G,C
74,74,78,78,80.0,A,F,C,80.0,PHE,A,Q53WG9,80.0,F,F,C,Y,C
75,75,79,79,81.0,A,P,C,81.0,PRO,A,Q53WG9,81.0,P,P,C,A,C
76,76,80,80,82.0,A,P,C,82.0,PRO,A,Q53WG9,82.0,P,P,C,Q,E
77,77,81,81,83.0,A,K,E,83.0,LYS,A,Q53WG9,83.0,K,K,E,V,E
78,78,82,82,84.0,A,P,E,84.0,PRO,A,Q53WG9,84.0,P,P,E,F,E
79,79,83,83,85.0,A,F,E,85.0,PHE,A,Q53WG9,85.0,F,F,C,P,E
80,80,84,84,86.0,A,H,C,86.0,HIS,A,Q53WG9,86.0,H,H,C,P,C
81,81,85,85,87.0,A,P,C,87.0,PRO,A,Q53WG9,87.0,P,P,C,K,C
82,82,86,86,88.0,A,A,C,88.0,ALA,A,Q53WG9,88.0,A,A,C,P,C
83,83,87,87,89.0,A,L,C,89.0,LEU,A,Q53WG9,89.0,L,L,C,F,C
84,84,88,88,90.0,A,K,C,90.0,LYS,A,Q53WG9,90.0,K,K,C,H,C
85,85,89,89,91.0,A,P,C,91.0,PRO,A,Q53WG9,91.0,P,P,C,P,C
86,86,90,90,92.0,A,G,C,92.0,GLY,A,Q53WG9,92.0,G,G,C,A,C
87,87,91,91,93.0,A,Q,C,93.0,GLN,A,Q53WG9,93.0,Q,Q,C,L,C
88,88,92,92,94.0,A,R,E,94.0,ARG,A,Q53WG9,94.0,R,R,E,K,C
89,89,93,93,95.0,A,L,E,95.0,LEU,A,Q53WG9,95.0,L,L,E,P,C
90,90,94,94,96.0,A,R,E,96.0,ARG,A,Q53WG9,96.0,R,R,E,G,C
91,91,95,95,97.0,A,F,E,97.0,PHE,A,Q53WG9,97.0,F,F,E,Q,C
92,92,96,96,98.0,A,R,E,98.0,ARG,A,Q53WG9,98.0,R,R,E,R,E
93,93,97,97,99.0,A,L,E,99.0,LEU,A,Q53WG9,99.0,L,L,E,L,E
94,94,98,98,100.0,A,R,E,100.0,ARG,A,Q53WG9,100.0,R,R,E,R,E
95,95,99,99,101.0,A,A,E,101.0,ALA,A,Q53WG9,101.0,A,A,E,F,E
96,96,100,100,102.0,A,N,C,102.0,ASN,A,Q53WG9,102.0,N,N,C,R,E
97,97,101,101,103.0,A,P,C,103.0,PRO,A,Q53WG9,103.0,P,P,C,L,E
98,98,102,102,104.0,A,A,E,104.0,ALA,A,Q53WG9,104.0,A,A,E,R,E
99,99,103,103,105.0,A,K,E,105.0,LYS,A,Q53WG9,105.0,K,K,E,A,E
100,100,104,104,106.0,A,R,E,106.0,ARG,A,Q53WG9,106.0,R,R,E,N,C
101,101,105,105,107.0,A,L,C,107.0,LEU,A,Q53WG9,107.0,L,L,C,P,C
102,102,106,106,108.0,A,A,C,108.0,ALA,A,Q53WG9,108.0,A,A,C,A,E
103,103,107,107,109.0,A,A,C,109.0,ALA,A,Q53WG9,109.0,A,A,C,K,E
104,104,108,108,110.0,A,T,C,110.0,THR,A,Q53WG9,110.0,T,T,C,R,E
105,105,109,109,111.0,A,G,C,111.0,GLY,A,Q53WG9,111.0,G,G,C,L,E
106,106,110,110,112.0,A,K,C,112.0,LYS,A,Q53WG9,112.0,K,K,C,A,C
107,107,111,111,113.0,A,R,E,113.0,ARG,A,Q53WG9,113.0,R,R,E,A,C
108,108,112,112,114.0,A,V,E,114.0,VAL,A,Q53WG9,114.0,V,V,E,T,C
109,109,113,113,115.0,A,A,E,115.0,ALA,A,Q53WG9,115.0,A,A,E,G,C
110,110,114,114,116.0,A,L,C,116.0,LEU,A,Q53WG9,116.0,L,L,C,K,C
111,111,115,115,117.0,A,K,C,117.0,LYS,A,Q53WG9,117.0,K,K,C,R,E
112,112,116,116,118.0,A,T,C,118.0,THR,A,Q53WG9,118.0,T,T,C,V,E
113,113,117,117,119.0,A,P,H,119.0,PRO,A,Q53WG9,119.0,P,P,H,A,E
114,114,118,118,120.0,A,A,H,120.0,ALA,A,Q53WG9,120.0,A,A,H,L,E
115,115,119,119,121.0,A,E,H,121.0,GLU,A,Q53WG9,121.0,E,E,H,K,E
116,116,120,120,122.0,A,K,H,122.0,LYS,A,Q53WG9,122.0,K,K,H,T,C
117,117,121,121,123.0,A,V,H,123.0,VAL,A,Q53WG9,123.0,V,V,H,P,H
118,118,122,122,124.0,A,A,H,124.0,ALA,A,Q53WG9,124.0,A,A,H,A,H
119,119,123,123,125.0,A,W,H,125.0,TRP,A,Q53WG9,125.0,W,W,H,E,H
120,120,124,124,126.0,A,L,H,126.0,LEU,A,Q53WG9,126.0,L,L,H,K,H
121,121,125,125,127.0,A,E,H,127.0,GLU,A,Q53WG9,127.0,E,E,H,V,H
122,122,126,126,128.0,A,R,H,128.0,ARG,A,Q53WG9,128.0,R,R,H,A,H
123,123,127,127,129.0,A,R,H,129.0,ARG,A,Q53WG9,129.0,R,R,H,W,H
124,124,128,128,130.0,A,L,H,130.0,LEU,A,Q53WG9,130.0,L,L,H,L,H
125,125,129,129,131.0,A,E,H,131.0,GLU,A,Q53WG9,131.0,E,E,H,E,H
126,126,130,130,132.0,A,E,H,132.0,GLU,A,Q53WG9,132.0,E,E,H,R,H
127,127,131,131,133.0,A,G,C,133.0,GLY,A,Q53WG9,133.0,G,G,C,R,H
128,128,132,132,134.0,A,G,C,134.0,GLY,A,Q53WG9,134.0,G,G,C,L,H
129,129,133,133,135.0,A,F,E,135.0,PHE,A,Q53WG9,135.0,F,F,E,E,H
130,130,134,134,136.0,A,R,E,136.0,ARG,A,Q53WG9,136.0,R,R,E,E,H
131,131,135,135,137.0,A,L,E,137.0,LEU,A,Q53WG9,137.0,L,L,E,G,C
132,132,136,136,138.0,A,L,C,138.0,LEU,A,Q53WG9,138.0,L,L,C,G,C
133,133,137,137,139.0,A,E,E,139.0,GLU,A,Q53WG9,139.0,E,E,E,F,C
134,134,138,138,140.0,A,G,E,140.0,GLY,A,Q53WG9,140.0,G,G,E,R,E
135,135,139,139,141.0,A,E,C,141.0,GLU,A,Q53WG9,141.0,E,E,C,L,E
136,136,140,140,142.0,A,R,C,142.0,ARG,A,Q53WG9,142.0,R,R,C,L,C
137,137,141,141,143.0,A,G,E,143.0,GLY,A,Q53WG9,143.0,G,G,E,E,C
138,138,142,142,144.0,A,P,E,144.0,PRO,A,Q53WG9,144.0,P,P,E,G,C
139,139,143,143,145.0,A,W,C,145.0,TRP,A,Q53WG9,145.0,W,W,C,E,C
140,140,144,144,146.0,A,V,E,146.0,VAL,A,Q53WG9,146.0,V,V,E,R,C
141,141,145,145,147.0,A,Q,E,147.0,GLN,A,Q53WG9,147.0,Q,Q,E,G,C
142,142,146,146,148.0,A,I,E,148.0,ILE,A,Q53WG9,148.0,I,I,E,P,C
143,143,147,147,149.0,A,L,E,149.0,LEU,A,Q53WG9,149.0,L,L,E,W,C
144,144,148,148,150.0,A,Q,E,150.0,GLN,A,Q53WG9,150.0,Q,Q,E,V,E
145,145,149,149,151.0,A,D,E,151.0,ASP,A,Q53WG9,151.0,D,D,E,Q,E
146,146,150,150,152.0,A,T,E,152.0,THR,A,Q53WG9,152.0,T,T,E,I,E
147,147,151,151,153.0,A,F,E,153.0,PHE,A,Q53WG9,153.0,F,F,E,L,E
148,148,152,152,154.0,A,L,E,154.0,LEU,A,Q53WG9,154.0,L,L,E,Q,C
149,149,153,153,155.0,A,E,E,155.0,GLU,A,Q53WG9,155.0,E,E,E,D,C
150,150,154,154,156.0,A,V,E,156.0,VAL,A,Q53WG9,156.0,V,V,E,T,C
151,151,155,155,157.0,A,R,C,157.0,ARG,A,Q53WG9,157.0,R,R,E,F,C
152,152,156,156,158.0,A,R,C,158.0,ARG,A,Q53WG9,158.0,R,R,E,L,C
153,153,157,157,168.0,A,L,C,168.0,LEU,A,Q53WG9,168.0,L,L,E,E,C
154,154,158,158,169.0,A,L,E,169.0,LEU,A,Q53WG9,169.0,L,L,E,V,C
155,155,159,159,170.0,A,Q,E,170.0,GLN,A,Q53WG9,170.0,Q,Q,E,R,C
156,156,160,160,171.0,A,V,E,171.0,VAL,A,Q53WG9,171.0,V,V,E,R,C
157,157,161,161,172.0,A,Q,E,172.0,GLN,A,Q53WG9,172.0,Q,Q,E,L,E
158,158,162,162,173.0,A,A,E,173.0,ALA,A,Q53WG9,173.0,A,A,E,L,E
159,159,163,163,174.0,A,V,E,174.0,VAL,A,Q53WG9,174.0,V,V,E,Q,E
160,160,164,164,175.0,A,L,E,175.0,LEU,A,Q53WG9,175.0,L,L,E,V,E
161,161,165,165,176.0,A,F,E,176.0,PHE,A,Q53WG9,176.0,F,F,E,Q,E
162,162,166,166,177.0,A,E,E,177.0,GLU,A,Q53WG9,177.0,E,E,E,A,E
163,163,167,167,178.0,A,G,E,178.0,GLY,A,Q53WG9,178.0,G,G,E,V,E
164,164,168,168,179.0,A,R,E,179.0,ARG,A,Q53WG9,179.0,R,R,E,L,E
165,165,169,169,180.0,A,L,E,180.0,LEU,A,Q53WG9,180.0,L,L,E,F,E
166,166,170,170,181.0,A,E,E,181.0,GLU,A,Q53WG9,181.0,E,E,E,E,E
167,167,171,171,182.0,A,V,E,182.0,VAL,A,Q53WG9,182.0,V,V,E,G,E
168,168,172,172,183.0,A,V,C,183.0,VAL,A,Q53WG9,183.0,V,V,C,R,E
169,169,173,173,184.0,A,D,C,184.0,ASP,A,Q53WG9,184.0,D,D,C,L,E
170,170,174,174,185.0,A,P,H,185.0,PRO,A,Q53WG9,185.0,P,P,H,E,E
171,171,175,175,186.0,A,E,H,186.0,GLU,A,Q53WG9,186.0,E,E,H,V,E
172,172,176,176,187.0,A,R,H,187.0,ARG,A,Q53WG9,187.0,R,R,H,V,E
173,173,177,177,188.0,A,A,H,188.0,ALA,A,Q53WG9,188.0,A,A,H,D,C
174,174,178,178,189.0,A,L,H,189.0,LEU,A,Q53WG9,189.0,L,L,H,P,H
175,175,179,179,190.0,A,A,H,190.0,ALA,A,Q53WG9,190.0,A,A,H,E,H
176,176,180,180,191.0,A,T,H,191.0,THR,A,Q53WG9,191.0,T,T,H,R,H
177,177,181,181,192.0,A,L,H,192.0,LEU,A,Q53WG9,192.0,L,L,H,A,H
178,178,182,182,193.0,A,R,H,193.0,ARG,A,Q53WG9,193.0,R,R,H,L,H
179,179,183,183,194.0,A,R,H,194.0,ARG,A,Q53WG9,194.0,R,R,H,A,H
180,180,184,184,195.0,A,G,C,195.0,GLY,A,Q53WG9,195.0,G,G,C,T,H
181,181,185,185,196.0,A,V,C,196.0,VAL,A,Q53WG9,196.0,V,V,C,L,H
182,182,186,186,197.0,A,G,C,197.0,GLY,A,Q53WG9,197.0,G,G,C,R,H
183,183,187,187,198.0,A,P,C,198.0,PRO,A,Q53WG9,198.0,P,P,C,R,H
184,184,188,188,199.0,A,G,C,199.0,GLY,A,Q53WG9,199.0,G,G,C,G,C
185,185,189,189,200.0,A,K,C,200.0,LYS,A,Q53WG9,200.0,K,K,C,V,C
186,186,190,190,201.0,A,A,C,201.0,ALA,A,Q53WG9,201.0,A,A,C,G,C
187,187,191,191,202.0,A,L,C,202.0,LEU,A,Q53WG9,202.0,L,L,C,P,C
188,188,192,192,203.0,A,G,C,203.0,GLY,A,Q53WG9,203.0,G,G,C,G,C
189,189,193,193,204.0,A,L,C,204.0,LEU,A,Q53WG9,204.0,L,L,C,K,C
190,190,194,194,205.0,A,G,C,205.0,GLY,A,Q53WG9,205.0,G,G,C,A,C
191,191,195,195,206.0,A,L,C,206.0,LEU,A,Q53WG9,206.0,L,L,C,L,C
192,192,196,196,207.0,A,L,E,207.0,LEU,A,Q53WG9,207.0,L,L,E,G,C
193,193,197,197,208.0,A,S,E,208.0,SER,A,Q53WG9,208.0,S,S,E,L,C
194,194,198,198,209.0,A,V,E,209.0,VAL,A,Q53WG9,209.0,V,V,E,G,C
195,195,199,199,210.0,A,A,E,210.0,ALA,A,Q53WG9,210.0,A,A,E,L,C
196,196,200,200,211.0,A,P,C,211.0,PRO,A,Q53WG9,211.0,P,,,L,C
