,Unnamed: 0.1,Unnamed: 0,RES,CHAIN,AA,SS_CLASS,PDB_dbResNum,PDB_dbResName,PDB_dbChainId,UniProt_dbAccessionId,UniProt_dbResNum,UniProt_dbResName,shifted Uni,AF_predictions
0,231,231,2.0,B,S,C,2.0,SER,B,P61380,2.0,S,S,C
1,232,232,3.0,B,W,C,3.0,TRP,B,P61380,3.0,W,W,C
2,233,233,4.0,B,I,C,4.0,ILE,B,P61380,4.0,I,I,C
3,234,234,5.0,B,E,H,5.0,GLU,B,P61380,5.0,E,E,H
4,235,235,6.0,B,P,H,6.0,PRO,B,P61380,6.0,P,P,H
5,236,236,7.0,B,I,H,7.0,ILE,B,P61380,7.0,I,I,H
6,237,237,8.0,B,I,H,8.0,ILE,B,P61380,8.0,I,I,H
7,238,238,9.0,B,S,H,9.0,SER,B,P61380,9.0,S,S,H
8,239,239,10.0,B,H,H,10.0,HIS,B,P61380,10.0,H,H,H
9,240,240,11.0,B,F,H,11.0,PHE,B,P61380,11.0,F,F,H
10,241,241,12.0,B,C,H,12.0,CYS,B,P61380,12.0,C,C,H
11,242,242,13.0,B,Q,H,13.0,GLN,B,P61380,13.0,Q,Q,H
12,243,243,14.0,B,D,H,14.0,ASP,B,P61380,14.0,D,D,H
13,244,244,15.0,B,L,C,15.0,LEU,B,P61380,15.0,L,L,C
14,245,245,16.0,B,G,C,16.0,GLY,B,P61380,16.0,G,G,C
15,246,246,17.0,B,V,C,17.0,VAL,B,P61380,17.0,V,V,C
16,247,247,18.0,B,P,C,18.0,PRO,B,P61380,18.0,P,P,C
17,248,248,19.0,B,T,C,19.0,THR,B,P61380,19.0,T,T,C
18,249,249,20.0,B,S,C,20.0,SER,B,P61380,20.0,S,S,C
19,250,250,21.0,B,S,C,21.0,SER,B,P61380,21.0,S,S,C
20,251,251,22.0,B,P,C,22.0,PRO,B,P61380,22.0,P,P,C
21,252,252,23.0,B,L,C,23.0,LEU,B,P61380,23.0,L,L,C
22,253,253,24.0,B,S,C,24.0,SER,B,P61380,24.0,S,S,C
23,254,254,25.0,B,P,C,25.0,PRO,B,P61380,25.0,P,P,C
24,255,255,26.0,B,L,E,26.0,LEU,B,P61380,26.0,L,L,E
25,256,256,27.0,B,I,E,27.0,ILE,B,P61380,27.0,I,I,E
26,257,257,28.0,B,Q,E,28.0,GLN,B,P61380,28.0,Q,Q,E
27,258,258,29.0,B,L,E,29.0,LEU,B,P61380,29.0,L,L,E
28,259,259,30.0,B,E,E,30.0,GLU,B,P61380,30.0,E,E,E
29,260,260,31.0,B,M,E,31.0,MET,B,P61380,31.0,M,M,E
30,261,261,32.0,B,A,C,32.0,ALA,B,P61380,32.0,A,A,C
31,262,262,33.0,B,Q,C,33.0,GLN,B,P61380,33.0,Q,Q,C
32,263,263,34.0,B,S,C,34.0,SER,B,P61380,34.0,S,S,C
33,264,264,35.0,B,G,E,35.0,GLY,B,P61380,35.0,G,G,E
34,265,265,36.0,B,T,E,36.0,THR,B,P61380,36.0,T,T,E
35,266,266,37.0,B,L,E,37.0,LEU,B,P61380,37.0,L,L,E
36,267,267,38.0,B,Q,E,38.0,GLN,B,P61380,38.0,Q,Q,E
37,268,268,39.0,B,L,E,39.0,LEU,B,P61380,39.0,L,L,E
38,269,269,40.0,B,E,E,40.0,GLU,B,P61380,40.0,E,E,E
39,270,270,41.0,B,Q,E,41.0,GLN,B,P61380,41.0,Q,Q,E
40,271,271,42.0,B,H,E,42.0,HIS,B,P61380,42.0,H,H,E
41,272,272,43.0,B,G,C,43.0,GLY,B,P61380,43.0,G,G,C
42,273,273,44.0,B,A,C,44.0,ALA,B,P61380,44.0,A,A,C
43,274,274,45.0,B,T,E,45.0,THR,B,P61380,45.0,T,T,E
44,275,275,46.0,B,L,E,46.0,LEU,B,P61380,46.0,L,L,E
45,276,276,47.0,B,T,E,47.0,THR,B,P61380,47.0,T,T,E
46,277,277,48.0,B,L,E,48.0,LEU,B,P61380,48.0,L,L,E
47,278,278,49.0,B,W,E,49.0,TRP,B,P61380,49.0,W,W,E
48,279,279,50.0,B,L,E,50.0,LEU,B,P61380,50.0,L,L,E
49,280,280,51.0,B,A,E,51.0,ALA,B,P61380,51.0,A,A,E
50,281,281,52.0,B,R,E,52.0,ARG,B,P61380,52.0,R,R,E
51,282,282,53.0,B,S,E,53.0,SER,B,P61380,53.0,S,S,E
52,283,283,54.0,B,L,C,54.0,LEU,B,P61380,54.0,L,L,C
53,284,284,55.0,B,A,C,55.0,ALA,B,P61380,55.0,A,A,C
54,285,285,56.0,B,W,C,56.0,TRP,B,P61380,56.0,W,W,C
55,286,286,57.0,B,H,C,57.0,HIS,B,P61380,57.0,H,H,C
56,287,287,58.0,B,R,C,58.0,ARG,B,P61380,58.0,R,R,C
57,288,288,59.0,B,C,H,59.0,CYS,B,P61380,59.0,C,C,H
58,289,289,60.0,B,E,H,60.0,GLU,B,P61380,60.0,E,E,H
59,290,290,61.0,B,D,H,61.0,ASP,B,P61380,61.0,D,D,H
60,291,291,62.0,B,A,H,62.0,ALA,B,P61380,62.0,A,A,H
61,292,292,63.0,B,M,H,63.0,MET,B,P61380,63.0,M,M,H
62,293,293,64.0,B,V,H,64.0,VAL,B,P61380,64.0,V,V,H
63,294,294,65.0,B,X,H,65.0,MLY,B,P61380,65.0,K,K,H
64,295,295,66.0,B,A,H,66.0,ALA,B,P61380,66.0,A,A,H
65,296,296,67.0,B,L,H,67.0,LEU,B,P61380,67.0,L,L,H
66,297,297,68.0,B,T,H,68.0,THR,B,P61380,68.0,T,T,H
67,298,298,69.0,B,L,H,69.0,LEU,B,P61380,69.0,L,L,H
68,299,299,70.0,B,T,C,70.0,THR,B,P61380,70.0,T,T,C
69,300,300,71.0,B,A,C,71.0,ALA,B,P61380,71.0,A,A,C
70,301,301,72.0,B,A,C,72.0,ALA,B,P61380,72.0,A,A,C
71,302,302,73.0,B,Q,C,73.0,GLN,B,P61380,73.0,Q,Q,C
72,303,303,74.0,B,X,C,74.0,MLY,B,P61380,74.0,K,K,C
73,304,304,75.0,B,S,C,75.0,SER,B,P61380,75.0,S,S,C
74,305,305,76.0,B,G,C,76.0,GLY,B,P61380,76.0,G,G,C
75,306,306,77.0,B,A,C,77.0,ALA,B,P61380,77.0,A,A,C
76,307,307,78.0,B,L,C,78.0,LEU,B,P61380,78.0,L,L,C
77,308,308,79.0,B,P,C,79.0,PRO,B,P61380,79.0,P,P,C
78,309,309,80.0,B,L,C,80.0,LEU,B,P61380,80.0,L,L,C
79,310,310,81.0,B,R,E,81.0,ARG,B,P61380,81.0,R,R,E
80,311,311,82.0,B,A,E,82.0,ALA,B,P61380,82.0,A,A,E
81,312,312,83.0,B,G,E,83.0,GLY,B,P61380,83.0,G,G,E
82,313,313,84.0,B,W,E,84.0,TRP,B,P61380,84.0,W,W,E
83,314,314,85.0,B,L,E,85.0,LEU,B,P61380,85.0,L,L,E
84,315,315,86.0,B,G,C,86.0,GLY,B,P61380,86.0,G,G,C
85,316,316,87.0,B,E,C,87.0,GLU,B,P61380,87.0,E,E,C
86,317,317,88.0,B,S,C,88.0,SER,B,P61380,88.0,S,S,C
87,318,318,89.0,B,Q,E,89.0,GLN,B,P61380,89.0,Q,Q,E
88,319,319,90.0,B,L,E,90.0,LEU,B,P61380,90.0,L,L,E
89,320,320,91.0,B,V,E,91.0,VAL,B,P61380,91.0,V,V,E
90,321,321,92.0,B,L,E,92.0,LEU,B,P61380,92.0,L,L,E
91,322,322,93.0,B,F,E,93.0,PHE,B,P61380,93.0,F,F,E
92,323,323,94.0,B,V,E,94.0,VAL,B,P61380,94.0,V,V,E
93,324,324,95.0,B,S,E,95.0,SER,B,P61380,95.0,S,S,E
94,325,325,96.0,B,L,E,96.0,LEU,B,P61380,96.0,L,L,E
95,326,326,97.0,B,D,E,97.0,ASP,B,P61380,97.0,D,D,E
96,327,327,98.0,B,E,C,98.0,GLU,B,P61380,98.0,E,E,C
97,328,328,99.0,B,R,C,99.0,ARG,B,P61380,99.0,R,R,C
98,329,329,100.0,B,S,C,100.0,SER,B,P61380,100.0,S,S,C
99,330,330,101.0,B,L,C,101.0,LEU,B,P61380,101.0,L,L,C
100,331,331,102.0,B,T,C,102.0,THR,B,P61380,102.0,T,T,C
101,332,332,103.0,B,L,H,103.0,LEU,B,P61380,103.0,L,L,H
102,333,333,104.0,B,P,H,104.0,PRO,B,P61380,104.0,P,P,H
103,334,334,105.0,B,L,H,105.0,LEU,B,P61380,105.0,L,L,H
104,335,335,106.0,B,L,H,106.0,LEU,B,P61380,106.0,L,L,H
105,336,336,107.0,B,H,H,107.0,HIS,B,P61380,107.0,H,H,H
106,337,337,108.0,B,Q,H,108.0,GLN,B,P61380,108.0,Q,Q,H
107,338,338,109.0,B,A,H,109.0,ALA,B,P61380,109.0,A,A,H
108,339,339,110.0,B,F,H,110.0,PHE,B,P61380,110.0,F,F,H
109,340,340,111.0,B,E,H,111.0,GLU,B,P61380,111.0,E,E,H
110,341,341,112.0,B,Q,H,112.0,GLN,B,P61380,112.0,Q,Q,H
111,342,342,113.0,B,L,H,113.0,LEU,B,P61380,113.0,L,L,H
112,343,343,114.0,B,L,H,114.0,LEU,B,P61380,114.0,L,L,H
113,344,344,115.0,B,R,H,115.0,ARG,B,P61380,115.0,R,R,H
114,345,345,116.0,B,L,H,116.0,LEU,B,P61380,116.0,L,L,H
115,346,346,117.0,B,Q,H,117.0,GLN,B,P61380,117.0,Q,Q,H
116,347,347,118.0,B,Q,H,118.0,GLN,B,P61380,118.0,Q,Q,H
117,348,348,119.0,B,E,H,119.0,GLU,B,P61380,119.0,E,E,H
118,349,349,120.0,B,V,H,120.0,VAL,B,P61380,120.0,V,V,H
119,350,350,121.0,B,L,H,121.0,LEU,B,P61380,121.0,L,L,H
120,351,351,122.0,B,A,C,122.0,ALA,B,P61380,122.0,A,A,C
