,Unnamed: 0,Unnamed: 0.1,Unnamed: 0.1.1,Unnamed: 0.1.1.1,RES,CHAIN,AA,SS_CLASS,PDB_dbResNum,PDB_dbResName,PDB_dbChainId,UniProt_dbAccessionId,UniProt_dbResNum,UniProt_dbResName,shifted Uni,AF_predictions,Jpred_seq,Jpred_SS_pred
0,0,0,0,0,1.0,A,G,C,1.0,GLY,A,P43183,2.0,G,G,E,G,C
1,1,1,1,1,2.0,A,V,E,2.0,VAL,A,P43183,3.0,V,V,E,V,C
2,2,2,2,2,3.0,A,F,E,3.0,PHE,A,P43183,4.0,F,F,E,F,E
3,3,3,3,3,4.0,A,N,E,4.0,ASN,A,P43183,5.0,N,N,E,N,E
4,4,4,4,4,5.0,A,Y,E,5.0,TYR,A,P43183,6.0,Y,Y,E,Y,E
5,5,5,5,5,6.0,A,E,E,6.0,GLU,A,P43183,7.0,E,E,E,E,E
6,6,6,6,6,7.0,A,T,E,7.0,THR,A,P43183,8.0,T,T,E,T,E
7,7,7,7,7,8.0,A,E,E,8.0,GLU,A,P43183,9.0,E,E,E,E,E
8,8,8,8,8,9.0,A,A,E,9.0,ALA,A,P43183,10.0,A,A,E,A,E
9,9,9,9,9,10.0,A,T,E,10.0,THR,A,P43183,11.0,T,T,E,T,E
10,10,10,10,10,11.0,A,S,E,11.0,SER,A,P43183,12.0,S,S,E,S,E
11,11,11,11,11,12.0,A,V,C,12.0,VAL,A,P43183,13.0,V,V,C,V,C
12,12,12,12,12,13.0,A,I,C,13.0,ILE,A,P43183,14.0,I,I,C,I,C
13,13,13,13,13,14.0,A,P,C,14.0,PRO,A,P43183,15.0,P,P,C,P,C
14,14,14,14,14,15.0,A,A,H,15.0,ALA,A,P43183,16.0,A,A,H,A,H
15,15,15,15,15,16.0,A,A,H,16.0,ALA,A,P43183,17.0,A,A,H,A,H
16,16,16,16,16,17.0,A,R,H,17.0,ARG,A,P43183,18.0,R,R,H,R,H
17,17,17,17,17,18.0,A,L,H,18.0,LEU,A,P43183,19.0,L,L,H,L,H
18,18,18,18,18,19.0,A,F,C,19.0,PHE,A,P43183,20.0,F,F,C,F,H
19,19,19,19,19,20.0,A,K,C,20.0,LYS,A,P43183,21.0,K,K,C,K,H
20,20,20,20,20,21.0,A,A,C,21.0,ALA,A,P43183,22.0,A,A,C,A,H
21,21,21,21,21,22.0,A,F,C,22.0,PHE,A,P43183,23.0,F,F,C,F,H
22,22,22,22,22,23.0,A,I,C,23.0,ILE,A,P43183,24.0,I,I,C,I,H
23,23,23,23,23,24.0,A,L,C,24.0,LEU,A,P43183,25.0,L,L,C,L,C
24,24,24,24,24,25.0,A,D,C,25.0,ASP,A,P43183,26.0,D,D,C,D,C
25,25,25,25,25,26.0,A,G,H,26.0,GLY,A,P43183,27.0,G,G,H,G,C
26,26,26,26,26,27.0,A,D,H,27.0,ASP,A,P43183,28.0,D,D,H,D,C
27,27,27,27,27,28.0,A,N,H,28.0,ASN,A,P43183,29.0,N,N,H,N,C
28,28,28,28,28,29.0,A,L,H,29.0,LEU,A,P43183,30.0,L,L,H,L,C
29,29,29,29,29,30.0,A,F,H,30.0,PHE,A,P43183,31.0,F,F,H,F,H
30,30,30,30,30,31.0,A,P,H,31.0,PRO,A,P43183,32.0,P,P,H,P,H
31,31,31,31,31,32.0,A,K,H,32.0,LYS,A,P43183,33.0,K,K,H,K,H
32,32,32,32,32,33.0,A,V,H,33.0,VAL,A,P43183,34.0,V,V,H,V,H
33,33,33,33,33,34.0,A,A,C,34.0,ALA,A,P43183,35.0,A,A,C,A,C
34,34,34,34,34,35.0,A,P,C,35.0,PRO,A,P43183,36.0,P,P,C,P,C
35,35,35,35,35,36.0,A,Q,C,36.0,GLN,A,P43183,37.0,Q,Q,C,Q,C
36,36,36,36,36,37.0,A,A,C,37.0,ALA,A,P43183,38.0,A,A,C,A,C
37,37,37,37,37,38.0,A,I,C,38.0,ILE,A,P43183,39.0,I,I,C,I,C
38,38,38,38,38,39.0,A,S,C,39.0,SER,A,P43183,40.0,S,S,C,S,C
39,39,39,39,39,40.0,A,S,E,40.0,SER,A,P43183,41.0,S,S,E,S,E
40,40,40,40,40,41.0,A,V,E,41.0,VAL,A,P43183,42.0,V,V,E,V,E
41,41,41,41,41,42.0,A,E,E,42.0,GLU,A,P43183,43.0,E,E,E,E,E
42,42,42,42,42,43.0,A,N,E,43.0,ASN,A,P43183,44.0,N,N,E,N,E
43,43,43,43,43,44.0,A,I,E,44.0,ILE,A,P43183,45.0,I,I,E,I,E
44,44,44,44,44,45.0,A,E,E,45.0,GLU,A,P43183,46.0,E,E,E,E,E
45,45,45,45,45,46.0,A,G,C,46.0,GLY,A,P43183,47.0,G,G,C,G,C
46,46,46,46,46,47.0,A,N,C,47.0,ASN,A,P43183,48.0,N,N,C,N,C
47,47,47,47,47,48.0,A,G,C,48.0,GLY,A,P43183,49.0,G,G,C,G,C
48,48,48,48,48,49.0,A,G,C,49.0,GLY,A,P43183,50.0,G,G,C,G,C
49,49,49,49,49,50.0,A,P,C,50.0,PRO,A,P43183,51.0,P,P,C,P,C
50,50,50,50,50,51.0,A,G,C,51.0,GLY,A,P43183,52.0,G,G,C,G,E
51,51,51,51,51,52.0,A,T,C,52.0,THR,A,P43183,53.0,T,T,C,T,E
52,52,52,52,52,53.0,A,I,E,53.0,ILE,A,P43183,54.0,I,I,E,I,E
53,53,53,53,53,54.0,A,K,E,54.0,LYS,A,P43183,55.0,K,K,E,K,E
54,54,54,54,54,55.0,A,K,E,55.0,LYS,A,P43183,56.0,K,K,E,K,E
55,55,55,55,55,56.0,A,I,E,56.0,ILE,A,P43183,57.0,I,I,E,I,E
56,56,56,56,56,57.0,A,S,E,57.0,SER,A,P43183,58.0,S,S,E,S,E
57,57,57,57,57,58.0,A,F,C,58.0,PHE,A,P43183,59.0,F,F,C,F,E
58,58,58,58,58,59.0,A,P,C,59.0,PRO,A,P43183,60.0,P,P,C,P,C
59,59,59,59,59,60.0,A,E,C,60.0,GLU,A,P43183,61.0,E,E,C,E,C
60,60,60,60,60,61.0,A,G,C,61.0,GLY,A,P43183,62.0,G,G,C,G,C
61,61,61,61,61,62.0,A,F,C,62.0,PHE,A,P43183,63.0,F,F,C,F,C
62,62,62,62,62,63.0,A,P,C,63.0,PRO,A,P43183,64.0,P,P,C,P,C
63,63,63,63,63,64.0,A,F,C,64.0,PHE,A,P43183,65.0,F,F,C,F,C
64,64,64,64,64,65.0,A,K,C,65.0,LYS,A,P43183,66.0,K,K,C,K,E
65,65,65,65,65,66.0,A,Y,E,66.0,TYR,A,P43183,67.0,Y,Y,E,Y,E
66,66,66,66,66,67.0,A,V,E,67.0,VAL,A,P43183,68.0,V,V,E,V,E
67,67,67,67,67,68.0,A,K,E,68.0,LYS,A,P43183,69.0,K,K,E,K,E
68,68,68,68,68,69.0,A,D,E,69.0,ASP,A,P43183,70.0,D,D,E,D,E
69,69,69,69,69,70.0,A,R,E,70.0,ARG,A,P43183,71.0,R,R,E,R,E
70,70,70,70,70,71.0,A,V,E,71.0,VAL,A,P43183,72.0,V,V,E,V,E
71,71,71,71,71,72.0,A,D,E,72.0,ASP,A,P43183,73.0,D,D,E,D,E
72,72,72,72,72,73.0,A,E,E,73.0,GLU,A,P43183,74.0,E,E,E,E,E
73,73,73,73,73,74.0,A,V,E,74.0,VAL,A,P43183,75.0,V,V,E,V,E
74,74,74,74,74,75.0,A,D,E,75.0,ASP,A,P43183,76.0,D,D,E,D,E
75,75,75,75,75,76.0,A,H,C,76.0,HIS,A,P43183,77.0,H,H,C,H,C
76,76,76,76,76,77.0,A,T,C,77.0,THR,A,P43183,78.0,T,T,C,T,C
77,77,77,77,77,78.0,A,N,C,78.0,ASN,A,P43183,79.0,N,N,C,N,C
78,78,78,78,78,79.0,A,F,C,79.0,PHE,A,P43183,80.0,F,F,C,F,C
79,79,79,79,79,80.0,A,K,E,80.0,LYS,A,P43183,81.0,K,K,E,K,E
80,80,80,80,80,81.0,A,Y,E,81.0,TYR,A,P43183,82.0,Y,Y,E,Y,E
81,81,81,81,81,82.0,A,S,E,82.0,SER,A,P43183,83.0,S,S,E,S,E
82,82,82,82,82,83.0,A,Y,E,83.0,TYR,A,P43183,84.0,Y,Y,E,Y,E
83,83,83,83,83,84.0,A,S,E,84.0,SER,A,P43183,85.0,S,S,E,S,E
84,84,84,84,84,85.0,A,V,E,85.0,VAL,A,P43183,86.0,V,V,E,V,E
85,85,85,85,85,86.0,A,I,E,86.0,ILE,A,P43183,87.0,I,I,E,I,E
86,86,86,86,86,87.0,A,E,E,87.0,GLU,A,P43183,88.0,E,E,E,E,C
87,87,87,87,87,88.0,A,G,E,88.0,GLY,A,P43183,89.0,G,G,E,G,C
88,88,88,88,88,89.0,A,G,C,89.0,GLY,A,P43183,90.0,G,G,C,G,C
89,89,89,89,89,90.0,A,P,C,90.0,PRO,A,P43183,91.0,P,P,C,P,C
90,90,90,90,90,91.0,A,V,C,91.0,VAL,A,P43183,92.0,V,V,C,V,C
91,91,91,91,91,92.0,A,G,C,92.0,GLY,A,P43183,93.0,G,G,C,G,C
92,92,92,92,92,93.0,A,D,C,93.0,ASP,A,P43183,94.0,D,D,C,D,C
93,93,93,93,93,94.0,A,T,C,94.0,THR,A,P43183,95.0,T,T,C,T,C
94,94,94,94,94,95.0,A,L,E,95.0,LEU,A,P43183,96.0,L,L,E,L,E
95,95,95,95,95,96.0,A,E,E,96.0,GLU,A,P43183,97.0,E,E,E,E,E
96,96,96,96,96,97.0,A,K,E,97.0,LYS,A,P43183,98.0,K,K,E,K,E
97,97,97,97,97,98.0,A,I,E,98.0,ILE,A,P43183,99.0,I,I,E,I,E
98,98,98,98,98,99.0,A,S,E,99.0,SER,A,P43183,100.0,S,S,E,S,E
99,99,99,99,99,100.0,A,N,E,100.0,ASN,A,P43183,101.0,N,N,E,N,E
100,100,100,100,100,101.0,A,E,E,101.0,GLU,A,P43183,102.0,E,E,E,E,E
101,101,101,101,101,102.0,A,I,E,102.0,ILE,A,P43183,103.0,I,I,E,I,E
102,102,102,102,102,103.0,A,K,E,103.0,LYS,A,P43183,104.0,K,K,E,K,E
103,103,103,103,103,104.0,A,I,E,104.0,ILE,A,P43183,105.0,I,I,E,I,E
104,104,104,104,104,105.0,A,V,E,105.0,VAL,A,P43183,106.0,V,V,E,V,E
105,105,105,105,105,106.0,A,A,E,106.0,ALA,A,P43183,107.0,A,A,E,A,E
106,106,106,106,106,107.0,A,T,C,107.0,THR,A,P43183,108.0,T,T,C,T,C
107,107,107,107,107,108.0,A,P,C,108.0,PRO,A,P43183,109.0,P,P,C,P,C
108,108,108,108,108,109.0,A,N,C,109.0,ASN,A,P43183,110.0,N,N,C,N,C
109,109,109,109,109,110.0,A,G,C,110.0,GLY,A,P43183,111.0,G,G,C,G,C
110,110,110,110,110,111.0,A,G,C,111.0,GLY,A,P43183,112.0,G,G,C,G,C
111,111,111,111,111,112.0,A,S,E,112.0,SER,A,P43183,113.0,S,S,E,S,E
112,112,112,112,112,113.0,A,I,E,113.0,ILE,A,P43183,114.0,I,I,E,I,E
113,113,113,113,113,114.0,A,L,E,114.0,LEU,A,P43183,115.0,L,L,E,L,E
114,114,114,114,114,115.0,A,K,E,115.0,LYS,A,P43183,116.0,K,K,E,K,E
115,115,115,115,115,116.0,A,I,E,116.0,ILE,A,P43183,117.0,I,I,E,I,E
116,116,116,116,116,117.0,A,N,E,117.0,ASN,A,P43183,118.0,N,N,E,N,E
117,117,117,117,117,118.0,A,N,E,118.0,ASN,A,P43183,119.0,N,N,E,N,E
118,118,118,118,118,119.0,A,K,E,119.0,LYS,A,P43183,120.0,K,K,E,K,E
119,119,119,119,119,120.0,A,Y,E,120.0,TYR,A,P43183,121.0,Y,Y,E,Y,E
120,120,120,120,120,121.0,A,H,E,121.0,HIS,A,P43183,122.0,H,H,E,H,E
121,121,121,121,121,122.0,A,T,E,122.0,THR,A,P43183,123.0,T,T,E,T,E
122,122,122,122,122,123.0,A,K,C,123.0,LYS,A,P43183,124.0,K,K,C,K,C
123,123,123,123,123,124.0,A,G,C,124.0,GLY,A,P43183,125.0,G,G,C,G,C
124,124,124,124,124,125.0,A,D,C,125.0,ASP,A,P43183,126.0,D,D,C,D,C
125,125,125,125,125,126.0,A,H,C,126.0,HIS,A,P43183,127.0,H,H,C,H,C
126,126,126,126,126,127.0,A,E,C,127.0,GLU,A,P43183,128.0,E,E,C,E,C
127,127,127,127,127,128.0,A,V,C,128.0,VAL,A,P43183,129.0,V,V,C,V,C
128,128,128,129,129,130.0,A,A,C,130.0,ALA,A,P43183,131.0,A,A,H,A,C
129,129,129,130,130,131.0,A,E,H,131.0,GLU,A,P43183,132.0,E,E,H,E,C
130,130,130,131,131,132.0,A,Q,H,132.0,GLN,A,P43183,133.0,Q,Q,H,Q,C
131,131,131,132,132,133.0,A,I,H,133.0,ILE,A,P43183,134.0,I,I,H,I,H
132,132,132,133,133,134.0,A,K,H,134.0,LYS,A,P43183,135.0,K,K,H,K,H
133,133,133,134,134,135.0,A,A,H,135.0,ALA,A,P43183,136.0,A,A,H,A,H
134,134,134,135,135,136.0,A,S,H,136.0,SER,A,P43183,137.0,S,S,H,S,H
135,135,135,136,136,137.0,A,K,H,137.0,LYS,A,P43183,138.0,K,K,H,K,H
136,136,136,137,137,138.0,A,E,H,138.0,GLU,A,P43183,139.0,E,E,H,E,H
137,137,137,138,138,139.0,A,M,H,139.0,MET,A,P43183,140.0,M,M,H,M,H
138,138,138,139,139,140.0,A,G,H,140.0,GLY,A,P43183,141.0,G,G,H,G,H
139,139,139,140,140,141.0,A,E,H,141.0,GLU,A,P43183,142.0,E,E,H,E,H
140,140,140,141,141,142.0,A,T,H,142.0,THR,A,P43183,143.0,T,T,H,T,H
141,141,141,142,142,143.0,A,L,H,143.0,LEU,A,P43183,144.0,L,L,H,L,H
142,142,142,143,143,144.0,A,L,H,144.0,LEU,A,P43183,145.0,L,L,H,L,H
143,143,143,144,144,145.0,A,R,H,145.0,ARG,A,P43183,146.0,R,R,H,R,H
144,144,144,145,145,146.0,A,A,H,146.0,ALA,A,P43183,147.0,A,A,H,A,H
145,145,145,146,146,147.0,A,V,H,147.0,VAL,A,P43183,148.0,V,V,H,V,H
146,146,146,147,147,148.0,A,E,H,148.0,GLU,A,P43183,149.0,E,E,H,E,H
147,147,147,148,148,149.0,A,S,H,149.0,SER,A,P43183,150.0,S,S,H,S,H
148,148,148,149,149,150.0,A,Y,H,150.0,TYR,A,P43183,151.0,Y,Y,H,Y,H
149,149,149,150,150,151.0,A,L,H,151.0,LEU,A,P43183,152.0,L,L,H,L,H
150,150,150,151,151,152.0,A,L,H,152.0,LEU,A,P43183,153.0,L,L,H,L,H
151,151,151,152,152,153.0,A,A,H,153.0,ALA,A,P43183,154.0,A,A,H,A,H
152,152,152,153,153,154.0,A,H,C,154.0,HIS,A,P43183,155.0,H,H,C,H,C
153,153,153,154,154,155.0,A,S,C,155.0,SER,A,P43183,156.0,S,S,C,S,C
154,154,154,155,155,156.0,A,D,C,156.0,ASP,A,P43183,157.0,D,D,C,D,C
155,155,155,156,156,157.0,A,A,C,157.0,ALA,A,P43183,158.0,A,A,C,A,C
156,156,156,157,157,158.0,A,Y,C,158.0,TYR,A,P43183,159.0,Y,Y,C,Y,C
