,Unnamed: 0.2,Unnamed: 0,Unnamed: 0.1,RES,CHAIN,AA,SS_CLASS,PDB_dbResNum,PDB_dbResName,PDB_dbChainId,UniProt_dbAccessionId,UniProt_dbResNum,UniProt_dbResName,PDB_codeSecondaryStructure,PDB_nameSecondaryStructure,shifted Uni,AF_predictions,Jpred_seq,Jpred_SS_pred
0,0,0,0,1662.0,A,A,C,1662.0,ALA,A,P07751,1662.0,A,T,loop,A,H,A,C
1,1,1,1,1663.0,A,N,C,1663.0,ASN,A,P07751,1663.0,N,H,helix,N,H,N,C
2,2,2,2,1664.0,A,K,H,1664.0,LYS,A,P07751,1664.0,K,H,helix,K,H,K,H
3,3,3,3,1665.0,A,Q,H,1665.0,GLN,A,P07751,1665.0,Q,H,helix,Q,H,Q,H
4,4,4,4,1666.0,A,Q,H,1666.0,GLN,A,P07751,1666.0,Q,H,helix,Q,H,Q,H
5,5,5,5,1667.0,A,N,H,1667.0,ASN,A,P07751,1667.0,N,H,helix,N,H,N,H
6,6,6,6,1668.0,A,F,H,1668.0,PHE,A,P07751,1668.0,F,H,helix,F,H,F,H
7,7,7,7,1669.0,A,N,H,1669.0,ASN,A,P07751,1669.0,N,H,helix,N,H,N,H
8,8,8,8,1670.0,A,T,H,1670.0,THR,A,P07751,1670.0,T,H,helix,T,H,T,H
9,9,9,9,1671.0,A,G,H,1671.0,GLY,A,P07751,1671.0,G,H,helix,G,H,G,H
10,10,10,10,1672.0,A,I,H,1672.0,ILE,A,P07751,1672.0,I,H,helix,I,H,I,H
11,11,11,11,1673.0,A,K,H,1673.0,LYS,A,P07751,1673.0,K,H,helix,K,H,K,H
12,12,12,12,1674.0,A,D,H,1674.0,ASP,A,P07751,1674.0,D,H,helix,D,H,D,H
13,13,13,13,1675.0,A,F,H,1675.0,PHE,A,P07751,1675.0,F,H,helix,F,H,F,H
14,14,14,14,1676.0,A,D,H,1676.0,ASP,A,P07751,1676.0,D,H,helix,D,H,D,H
15,15,15,15,1677.0,A,F,H,1677.0,PHE,A,P07751,1677.0,F,H,helix,F,H,F,H
16,16,16,16,1678.0,A,W,H,1678.0,TRP,A,P07751,1678.0,W,H,helix,W,H,W,H
17,17,17,17,1679.0,A,L,H,1679.0,LEU,A,P07751,1679.0,L,H,helix,L,H,L,H
18,18,18,18,1680.0,A,S,H,1680.0,SER,A,P07751,1680.0,S,H,helix,S,H,S,H
19,19,19,19,1681.0,A,E,H,1681.0,GLU,A,P07751,1681.0,E,H,helix,E,H,E,H
20,20,20,20,1682.0,A,V,H,1682.0,VAL,A,P07751,1682.0,V,H,helix,V,H,V,H
21,21,21,21,1683.0,A,E,H,1683.0,GLU,A,P07751,1683.0,E,H,helix,E,H,E,H
22,22,22,22,1684.0,A,A,H,1684.0,ALA,A,P07751,1684.0,A,H,helix,A,H,A,H
23,23,23,23,1685.0,A,L,H,1685.0,LEU,A,P07751,1685.0,L,H,helix,L,H,L,H
24,24,24,24,1686.0,A,L,H,1686.0,LEU,A,P07751,1686.0,L,H,helix,L,H,L,H
25,25,25,25,1687.0,A,A,C,1687.0,ALA,A,P07751,1687.0,A,H,helix,A,H,A,C
26,26,26,26,1688.0,A,S,C,1688.0,SER,A,P07751,1688.0,S,T,loop,S,C,S,C
27,27,27,27,1689.0,A,E,C,1689.0,GLU,A,P07751,1689.0,E,T,loop,E,C,E,C
28,28,28,28,1690.0,A,D,C,1690.0,ASP,A,P07751,1690.0,D,T,loop,D,C,D,C
29,29,29,29,1691.0,A,Y,C,1691.0,TYR,A,P07751,1691.0,Y,T,loop,Y,C,Y,C
30,30,30,30,1692.0,A,G,C,1692.0,GLY,A,P07751,1692.0,G,T,loop,G,C,G,C
31,31,31,31,1693.0,A,K,C,1693.0,LYS,A,P07751,1693.0,K,T,loop,K,C,K,C
32,32,32,32,1694.0,A,D,C,1694.0,ASP,A,P07751,1694.0,D,H,helix,D,C,D,C
33,33,33,33,1695.0,A,L,H,1695.0,LEU,A,P07751,1695.0,L,H,helix,L,H,L,H
34,34,34,34,1696.0,A,A,H,1696.0,ALA,A,P07751,1696.0,A,H,helix,A,H,A,H
35,35,35,35,1697.0,A,S,H,1697.0,SER,A,P07751,1697.0,S,H,helix,S,H,S,H
36,36,36,36,1698.0,A,V,H,1698.0,VAL,A,P07751,1698.0,V,H,helix,V,H,V,H
37,37,37,37,1699.0,A,N,H,1699.0,ASN,A,P07751,1699.0,N,H,helix,N,H,N,H
38,38,38,38,1700.0,A,N,H,1700.0,ASN,A,P07751,1700.0,N,H,helix,N,H,N,H
39,39,39,39,1701.0,A,L,H,1701.0,LEU,A,P07751,1701.0,L,H,helix,L,H,L,H
40,40,40,40,1702.0,A,L,H,1702.0,LEU,A,P07751,1702.0,L,H,helix,L,H,L,H
41,41,41,41,1703.0,A,K,H,1703.0,LYS,A,P07751,1703.0,K,H,helix,K,H,K,H
42,42,42,42,1704.0,A,K,H,1704.0,LYS,A,P07751,1704.0,K,H,helix,K,H,K,H
43,43,43,43,1705.0,A,H,H,1705.0,HIS,A,P07751,1705.0,H,H,helix,H,H,H,H
44,44,44,44,1706.0,A,Q,H,1706.0,GLN,A,P07751,1706.0,Q,H,helix,Q,H,Q,H
45,45,45,45,1707.0,A,L,H,1707.0,LEU,A,P07751,1707.0,L,H,helix,L,H,L,H
46,46,46,46,1708.0,A,L,H,1708.0,LEU,A,P07751,1708.0,L,H,helix,L,H,L,H
47,47,47,47,1709.0,A,E,H,1709.0,GLU,A,P07751,1709.0,E,H,helix,E,H,E,H
48,48,48,48,1710.0,A,A,H,1710.0,ALA,A,P07751,1710.0,A,H,helix,A,H,A,H
49,49,49,49,1711.0,A,D,H,1711.0,ASP,A,P07751,1711.0,D,H,helix,D,H,D,H
50,50,50,50,1712.0,A,I,H,1712.0,ILE,A,P07751,1712.0,I,H,helix,I,H,I,H
51,51,51,51,1713.0,A,S,H,1713.0,SER,A,P07751,1713.0,S,H,helix,S,H,S,H
52,52,52,52,1714.0,A,A,H,1714.0,ALA,A,P07751,1714.0,A,H,helix,A,H,A,H
53,53,53,53,1715.0,A,H,H,1715.0,HIS,A,P07751,1715.0,H,H,helix,H,H,H,H
54,54,54,54,1716.0,A,E,H,1716.0,GLU,A,P07751,1716.0,E,H,helix,E,H,E,H
55,55,55,55,1717.0,A,D,H,1717.0,ASP,A,P07751,1717.0,D,H,helix,D,H,D,H
56,56,56,56,1718.0,A,R,H,1718.0,ARG,A,P07751,1718.0,R,H,helix,R,H,R,H
57,57,57,57,1719.0,A,L,H,1719.0,LEU,A,P07751,1719.0,L,H,helix,L,H,L,H
58,58,58,58,1720.0,A,K,H,1720.0,LYS,A,P07751,1720.0,K,H,helix,K,H,K,H
59,59,59,59,1721.0,A,D,H,1721.0,ASP,A,P07751,1721.0,D,H,helix,D,H,D,H
60,60,60,60,1722.0,A,L,H,1722.0,LEU,A,P07751,1722.0,L,H,helix,L,H,L,H
61,61,61,61,1723.0,A,N,H,1723.0,ASN,A,P07751,1723.0,N,H,helix,N,H,N,H
62,62,62,62,1724.0,A,S,H,1724.0,SER,A,P07751,1724.0,S,H,helix,S,H,S,H
63,63,63,63,1725.0,A,Q,H,1725.0,GLN,A,P07751,1725.0,Q,H,helix,Q,H,Q,H
64,64,64,64,1726.0,A,A,H,1726.0,ALA,A,P07751,1726.0,A,H,helix,A,H,A,H
65,65,65,65,1727.0,A,D,H,1727.0,ASP,A,P07751,1727.0,D,H,helix,D,H,D,H
66,66,66,66,1728.0,A,S,H,1728.0,SER,A,P07751,1728.0,S,H,helix,S,H,S,H
67,67,67,67,1729.0,A,L,H,1729.0,LEU,A,P07751,1729.0,L,H,helix,L,H,L,H
68,68,68,68,1730.0,A,M,H,1730.0,MET,A,P07751,1730.0,M,H,helix,M,H,M,H
69,69,69,69,1731.0,A,T,C,1731.0,THR,A,P07751,1731.0,T,H,helix,T,H,T,C
70,70,70,70,1732.0,A,S,C,1732.0,SER,A,P07751,1732.0,S,T,loop,S,C,S,C
71,71,71,71,1733.0,A,S,C,1733.0,SER,A,P07751,1733.0,S,T,loop,S,C,S,C
72,72,72,72,1734.0,A,A,C,1734.0,ALA,A,P07751,1734.0,A,T,loop,A,C,A,C
73,73,73,73,1735.0,A,F,C,1735.0,PHE,A,P07751,1735.0,F,T,loop,F,C,F,C
74,74,74,74,1736.0,A,D,C,1736.0,ASP,A,P07751,1736.0,D,T,loop,D,C,D,C
75,75,75,75,1737.0,A,T,C,1737.0,THR,A,P07751,1737.0,T,H,helix,T,H,T,C
76,76,76,76,1738.0,A,S,H,1738.0,SER,A,P07751,1738.0,S,H,helix,S,H,S,H
77,77,77,77,1739.0,A,Q,H,1739.0,GLN,A,P07751,1739.0,Q,H,helix,Q,H,Q,H
78,78,78,78,1740.0,A,V,H,1740.0,VAL,A,P07751,1740.0,V,H,helix,V,H,V,H
79,79,79,79,1741.0,A,K,H,1741.0,LYS,A,P07751,1741.0,K,H,helix,K,H,K,H
80,80,80,80,1742.0,A,D,H,1742.0,ASP,A,P07751,1742.0,D,H,helix,D,H,D,H
81,81,81,81,1743.0,A,K,H,1743.0,LYS,A,P07751,1743.0,K,H,helix,K,H,K,H
82,82,82,82,1744.0,A,R,H,1744.0,ARG,A,P07751,1744.0,R,H,helix,R,H,R,H
83,83,83,83,1745.0,A,E,H,1745.0,GLU,A,P07751,1745.0,E,H,helix,E,H,E,H
84,84,84,84,1746.0,A,T,H,1746.0,THR,A,P07751,1746.0,T,H,helix,T,H,T,H
85,85,85,85,1747.0,A,I,H,1747.0,ILE,A,P07751,1747.0,I,H,helix,I,H,I,H
86,86,86,86,1748.0,A,N,H,1748.0,ASN,A,P07751,1748.0,N,H,helix,N,H,N,H
87,87,87,87,1749.0,A,G,H,1749.0,GLY,A,P07751,1749.0,G,H,helix,G,H,G,H
88,88,88,88,1750.0,A,R,H,1750.0,ARG,A,P07751,1750.0,R,H,helix,R,H,R,H
89,89,89,89,1751.0,A,F,H,1751.0,PHE,A,P07751,1751.0,F,H,helix,F,H,F,H
90,90,90,90,1752.0,A,Q,H,1752.0,GLN,A,P07751,1752.0,Q,H,helix,Q,H,Q,H
91,91,91,91,1753.0,A,R,H,1753.0,ARG,A,P07751,1753.0,R,H,helix,R,H,R,H
92,92,92,92,1754.0,A,I,H,1754.0,ILE,A,P07751,1754.0,I,H,helix,I,H,I,H
93,93,93,93,1755.0,A,K,H,1755.0,LYS,A,P07751,1755.0,K,H,helix,K,H,K,H
94,94,94,94,1756.0,A,S,H,1756.0,SER,A,P07751,1756.0,S,H,helix,S,H,S,H
95,95,95,95,1757.0,A,M,H,1757.0,MET,A,P07751,1757.0,M,H,helix,M,H,M,H
96,96,96,96,1758.0,A,A,H,1758.0,ALA,A,P07751,1758.0,A,H,helix,A,H,A,H
97,97,97,97,1759.0,A,A,H,1759.0,ALA,A,P07751,1759.0,A,H,helix,A,H,A,H
98,98,98,98,1760.0,A,A,H,1760.0,ALA,A,P07751,1760.0,A,H,helix,A,H,A,H
99,99,99,99,1761.0,A,R,H,1761.0,ARG,A,P07751,1761.0,R,H,helix,R,H,R,H
100,100,100,100,1762.0,A,R,H,1762.0,ARG,A,P07751,1762.0,R,H,helix,R,H,R,H
101,101,101,101,1763.0,A,A,H,1763.0,ALA,A,P07751,1763.0,A,H,helix,A,H,A,H
102,102,102,102,1764.0,A,K,H,1764.0,LYS,A,P07751,1764.0,K,H,helix,K,H,K,H
103,103,103,103,1765.0,A,L,H,1765.0,LEU,A,P07751,1765.0,L,H,helix,L,H,L,H
104,104,104,104,1766.0,A,N,H,1766.0,ASN,A,P07751,1766.0,N,H,helix,N,H,N,H
105,105,105,105,1767.0,A,E,H,1767.0,GLU,A,P07751,1767.0,E,H,helix,E,H,E,H
106,106,106,106,1768.0,A,S,H,1768.0,SER,A,P07751,1768.0,S,H,helix,S,H,S,H
107,107,107,107,1769.0,A,H,H,1769.0,HIS,A,P07751,1769.0,H,H,helix,H,H,H,H
108,108,108,108,1770.0,A,R,H,1770.0,ARG,A,P07751,1770.0,R,H,helix,R,H,R,H
109,109,109,109,1771.0,A,L,H,1771.0,LEU,A,P07751,1771.0,L,H,helix,L,H,L,H
