,Unnamed: 0,Unnamed: 0.1,Unnamed: 0.1.1,RES,CHAIN,AA,SS_CLASS,PDB_dbResNum,PDB_dbResName,PDB_dbChainId,UniProt_dbAccessionId,UniProt_dbResNum,UniProt_dbResName,PDB_codeSecondaryStructure,PDB_nameSecondaryStructure,shifted Uni,AF_predictions,Jpred_seq,Jpred_SS_pred
0,0,0,0,2.0,A,S,C,2.0,SER,A,Q9I2B5,2.0,S,T,loop,S,C,S,C
1,1,1,1,3.0,A,R,C,3.0,ARG,A,Q9I2B5,3.0,R,T,loop,R,C,R,C
2,2,2,2,4.0,A,D,C,4.0,ASP,A,Q9I2B5,4.0,D,T,loop,D,C,D,C
3,3,3,3,5.0,A,R,E,5.0,ARG,A,Q9I2B5,5.0,R,E,strand,R,E,R,E
4,4,4,4,6.0,A,L,E,6.0,LEU,A,Q9I2B5,6.0,L,E,strand,L,E,L,E
5,5,5,5,7.0,A,Y,E,7.0,TYR,A,Q9I2B5,7.0,Y,E,strand,Y,E,Y,E
6,6,6,6,8.0,A,T,E,8.0,THR,A,Q9I2B5,8.0,T,E,strand,T,E,T,E
7,7,7,7,9.0,A,W,E,9.0,TRP,A,Q9I2B5,9.0,W,E,strand,W,E,W,E
8,8,8,8,10.0,A,A,E,10.0,ALA,A,Q9I2B5,10.0,A,E,strand,A,E,A,E
9,9,9,9,11.0,A,G,E,11.0,GLY,A,Q9I2B5,11.0,G,E,strand,G,E,G,E
10,10,10,10,12.0,A,L,C,12.0,LEU,A,Q9I2B5,12.0,L,T,loop,L,C,L,C
11,11,11,11,13.0,A,W,C,13.0,TRP,A,Q9I2B5,13.0,W,T,loop,W,C,W,C
12,12,12,12,14.0,A,R,C,14.0,ARG,A,Q9I2B5,14.0,R,T,loop,R,C,R,C
13,13,13,13,15.0,A,S,E,15.0,SER,A,Q9I2B5,15.0,S,E,strand,S,C,S,E
14,14,14,14,16.0,A,P,E,16.0,PRO,A,Q9I2B5,16.0,P,E,strand,P,C,P,E
15,15,15,15,17.0,A,S,E,17.0,SER,A,Q9I2B5,17.0,S,E,strand,S,C,S,E
16,16,16,16,18.0,A,S,C,18.0,SER,A,Q9I2B5,18.0,S,T,loop,S,C,S,C
17,17,17,17,19.0,A,S,C,19.0,SER,A,Q9I2B5,19.0,S,T,loop,S,C,S,C
18,18,18,18,20.0,A,W,E,20.0,TRP,A,Q9I2B5,20.0,W,E,strand,W,E,W,E
19,19,19,19,21.0,A,E,E,21.0,GLU,A,Q9I2B5,21.0,E,E,strand,E,E,E,E
20,20,20,20,22.0,A,A,E,22.0,ALA,A,Q9I2B5,22.0,A,E,strand,A,E,A,E
21,21,21,21,23.0,A,L,E,23.0,LEU,A,Q9I2B5,23.0,L,E,strand,L,E,L,E
22,22,22,22,24.0,A,R,E,24.0,ARG,A,Q9I2B5,24.0,R,E,strand,R,E,R,E
23,23,23,23,25.0,A,L,E,25.0,LEU,A,Q9I2B5,25.0,L,E,strand,L,E,L,E
24,24,24,24,26.0,A,E,C,26.0,GLU,A,Q9I2B5,26.0,E,T,loop,E,C,E,C
25,25,25,25,27.0,A,D,C,27.0,ASP,A,Q9I2B5,27.0,D,T,loop,D,C,D,C
26,26,26,26,28.0,A,D,C,28.0,ASP,A,Q9I2B5,28.0,D,T,loop,D,C,D,C
27,27,27,27,29.0,A,Q,E,29.0,GLN,A,Q9I2B5,29.0,Q,E,strand,Q,E,Q,E
28,28,28,28,30.0,A,A,E,30.0,ALA,A,Q9I2B5,30.0,A,E,strand,A,E,A,E
29,29,29,29,31.0,A,E,E,31.0,GLU,A,Q9I2B5,31.0,E,E,strand,E,E,E,E
30,30,30,30,32.0,A,S,E,32.0,SER,A,Q9I2B5,32.0,S,E,strand,S,E,S,E
31,31,31,31,33.0,A,Q,E,33.0,GLN,A,Q9I2B5,33.0,Q,E,strand,Q,E,Q,E
32,32,32,32,34.0,A,L,E,34.0,LEU,A,Q9I2B5,34.0,L,E,strand,L,E,L,E
33,33,33,33,35.0,A,R,E,35.0,ARG,A,Q9I2B5,35.0,R,E,strand,R,E,R,E
34,34,34,34,36.0,A,A,E,36.0,ALA,A,Q9I2B5,36.0,A,E,strand,A,E,A,E
35,35,35,35,37.0,A,P,E,37.0,PRO,A,Q9I2B5,37.0,P,E,strand,P,E,P,E
36,36,36,36,38.0,A,D,C,38.0,ASP,A,Q9I2B5,38.0,D,T,loop,D,C,D,C
37,37,37,37,39.0,A,E,C,39.0,GLU,A,Q9I2B5,39.0,E,T,loop,E,C,E,C
38,38,38,38,40.0,A,R,C,40.0,ARG,A,Q9I2B5,40.0,R,T,loop,R,C,R,C
39,39,39,39,41.0,A,S,C,41.0,SER,A,Q9I2B5,41.0,S,T,loop,S,C,S,C
40,40,40,40,42.0,A,G,C,42.0,GLY,A,Q9I2B5,42.0,G,T,loop,G,C,G,C
41,41,41,41,43.0,A,L,C,43.0,LEU,A,Q9I2B5,43.0,L,T,loop,L,C,L,C
42,42,42,42,44.0,A,P,E,44.0,PRO,A,Q9I2B5,44.0,P,E,strand,P,E,P,E
43,43,43,43,45.0,A,Y,E,45.0,TYR,A,Q9I2B5,45.0,Y,E,strand,Y,E,Y,E
44,44,44,44,46.0,A,Q,E,46.0,GLN,A,Q9I2B5,46.0,Q,E,strand,Q,E,Q,E
45,45,45,45,47.0,A,L,E,47.0,LEU,A,Q9I2B5,47.0,L,E,strand,L,E,L,E
46,46,46,46,48.0,A,D,E,48.0,ASP,A,Q9I2B5,48.0,D,E,strand,D,E,D,E
47,47,47,47,49.0,A,Y,E,49.0,TYR,A,Q9I2B5,49.0,Y,E,strand,Y,E,Y,E
48,48,48,48,50.0,A,R,E,50.0,ARG,A,Q9I2B5,50.0,R,E,strand,R,E,R,E
49,49,49,49,51.0,A,L,E,51.0,LEU,A,Q9I2B5,51.0,L,E,strand,L,E,L,E
50,50,50,50,52.0,A,R,E,52.0,ARG,A,Q9I2B5,52.0,R,E,strand,R,E,R,E
51,51,51,51,53.0,A,W,E,53.0,TRP,A,Q9I2B5,53.0,W,E,strand,W,E,W,E
52,52,52,52,54.0,A,D,C,54.0,ASP,A,Q9I2B5,54.0,D,T,loop,D,C,D,C
53,53,53,53,55.0,A,A,C,55.0,ALA,A,Q9I2B5,55.0,A,T,loop,A,C,A,C
54,54,54,54,56.0,A,D,C,56.0,ASP,A,Q9I2B5,56.0,D,T,loop,D,C,D,C
55,55,55,55,57.0,A,W,C,57.0,TRP,A,Q9I2B5,57.0,W,T,loop,W,C,W,C
56,56,56,56,58.0,A,H,C,58.0,HIS,A,Q9I2B5,58.0,H,T,loop,H,C,H,C
57,57,57,57,59.0,A,L,E,59.0,LEU,A,Q9I2B5,59.0,L,E,strand,L,E,L,E
58,58,58,58,60.0,A,R,E,60.0,ARG,A,Q9I2B5,60.0,R,E,strand,R,E,R,E
59,59,59,59,61.0,A,E,E,61.0,GLU,A,Q9I2B5,61.0,E,E,strand,E,E,E,E
60,60,60,60,62.0,A,A,E,62.0,ALA,A,Q9I2B5,62.0,A,E,strand,A,E,A,E
61,61,61,61,63.0,A,V,E,63.0,VAL,A,Q9I2B5,63.0,V,E,strand,V,E,V,E
62,62,62,62,64.0,A,F,E,64.0,PHE,A,Q9I2B5,64.0,F,E,strand,F,E,F,E
63,63,63,63,65.0,A,H,E,65.0,HIS,A,Q9I2B5,65.0,H,E,strand,H,E,H,E
64,64,64,64,66.0,A,V,E,66.0,VAL,A,Q9I2B5,66.0,V,E,strand,V,E,V,E
65,65,65,65,67.0,A,E,E,67.0,GLU,A,Q9I2B5,67.0,E,E,strand,E,E,E,E
66,66,66,66,68.0,A,S,E,68.0,SER,A,Q9I2B5,68.0,S,E,strand,S,E,S,E
67,67,67,67,69.0,A,E,C,69.0,GLU,A,Q9I2B5,69.0,E,T,loop,E,C,E,C
68,68,68,68,70.0,A,T,C,70.0,THR,A,Q9I2B5,70.0,T,T,loop,T,C,T,C
69,69,69,69,71.0,A,G,E,71.0,GLY,A,Q9I2B5,71.0,G,E,strand,G,E,G,E
70,70,70,70,72.0,A,V,E,72.0,VAL,A,Q9I2B5,72.0,V,E,strand,V,E,V,E
71,71,71,71,73.0,A,R,E,73.0,ARG,A,Q9I2B5,73.0,R,E,strand,R,E,R,E
72,72,72,72,74.0,A,K,E,74.0,LYS,A,Q9I2B5,74.0,K,E,strand,K,E,K,E
73,73,73,73,75.0,A,L,E,75.0,LEU,A,Q9I2B5,75.0,L,E,strand,L,E,L,E
74,74,74,74,76.0,A,H,E,76.0,HIS,A,Q9I2B5,76.0,H,E,strand,H,E,H,E
75,75,75,75,77.0,A,L,E,77.0,LEU,A,Q9I2B5,77.0,L,E,strand,L,E,L,E
76,76,76,76,78.0,A,L,E,78.0,LEU,A,Q9I2B5,78.0,L,E,strand,L,E,L,E
77,77,77,77,79.0,A,A,E,79.0,ALA,A,Q9I2B5,79.0,A,E,strand,A,E,A,E
78,78,78,78,80.0,A,D,C,80.0,ASP,A,Q9I2B5,80.0,D,T,loop,D,C,D,C
79,79,79,79,81.0,A,G,C,81.0,GLY,A,Q9I2B5,81.0,G,T,loop,G,C,G,C
80,80,80,80,82.0,A,R,C,82.0,ARG,A,Q9I2B5,82.0,R,T,loop,R,C,R,C
81,81,81,81,83.0,A,G,C,83.0,GLY,A,Q9I2B5,83.0,G,T,loop,G,C,G,C
82,82,82,82,84.0,A,H,C,84.0,HIS,A,Q9I2B5,84.0,H,T,loop,H,C,H,C
83,83,83,83,85.0,A,W,E,85.0,TRP,A,Q9I2B5,85.0,W,E,strand,W,E,W,E
84,84,84,84,86.0,A,Q,E,86.0,GLN,A,Q9I2B5,86.0,Q,E,strand,Q,E,Q,E
85,85,85,85,87.0,A,D,E,87.0,ASP,A,Q9I2B5,87.0,D,E,strand,D,E,D,E
86,86,86,86,88.0,A,G,C,88.0,GLY,A,Q9I2B5,88.0,G,T,loop,G,C,G,C
87,87,87,87,89.0,A,D,C,89.0,ASP,A,Q9I2B5,89.0,D,T,loop,D,C,D,C
88,88,88,88,90.0,A,G,C,90.0,GLY,A,Q9I2B5,90.0,G,T,loop,G,C,G,C
89,89,89,89,91.0,A,E,C,91.0,GLU,A,Q9I2B5,91.0,E,T,loop,E,C,E,C
90,90,90,90,92.0,A,A,C,92.0,ALA,A,Q9I2B5,92.0,A,T,loop,A,C,A,E
91,91,91,91,93.0,A,L,C,93.0,LEU,A,Q9I2B5,93.0,L,H,helix,L,C,L,C
92,92,92,92,94.0,A,P,C,94.0,PRO,A,Q9I2B5,94.0,P,H,helix,P,C,P,C
93,93,93,93,95.0,A,A,C,95.0,ALA,A,Q9I2B5,95.0,A,H,helix,A,C,A,C
94,94,94,94,96.0,A,F,C,96.0,PHE,A,Q9I2B5,96.0,F,H,helix,F,C,F,C
95,95,95,95,97.0,A,D,C,97.0,ASP,A,Q9I2B5,97.0,D,H,helix,D,C,D,C
96,96,96,96,98.0,A,G,C,98.0,GLY,A,Q9I2B5,98.0,G,T,loop,G,C,G,C
97,97,97,97,99.0,A,C,C,99.0,CYS,A,Q9I2B5,99.0,C,T,loop,C,C,C,C
98,98,98,98,100.0,A,L,C,100.0,LEU,A,Q9I2B5,100.0,L,T,loop,L,C,L,C
99,99,99,99,101.0,A,D,E,101.0,ASP,A,Q9I2B5,101.0,D,E,strand,D,E,D,E
100,100,100,100,102.0,A,I,E,102.0,ILE,A,Q9I2B5,102.0,I,E,strand,I,E,I,E
101,101,101,101,103.0,A,D,E,103.0,ASP,A,Q9I2B5,103.0,D,E,strand,D,E,D,E
102,102,102,102,104.0,A,I,E,104.0,ILE,A,Q9I2B5,104.0,I,E,strand,I,E,I,E
103,103,103,103,105.0,A,W,E,105.0,TRP,A,Q9I2B5,105.0,W,E,strand,W,E,W,E
104,104,104,104,106.0,A,P,C,106.0,PRO,A,Q9I2B5,106.0,P,T,loop,P,C,P,C
105,105,105,105,107.0,A,S,C,107.0,SER,A,Q9I2B5,107.0,S,H,helix,S,C,S,C
106,106,106,106,108.0,A,P,C,108.0,PRO,A,Q9I2B5,108.0,P,H,helix,P,C,P,C
107,107,107,107,109.0,A,F,C,109.0,PHE,A,Q9I2B5,109.0,F,H,helix,F,C,F,C
108,108,108,108,110.0,A,T,C,110.0,THR,A,Q9I2B5,110.0,T,H,helix,T,C,T,C
109,109,109,109,111.0,A,N,C,111.0,ASN,A,Q9I2B5,111.0,N,H,helix,N,C,N,C
110,110,110,110,112.0,A,T,H,112.0,THR,A,Q9I2B5,112.0,T,H,helix,T,H,T,H
111,111,111,111,113.0,A,F,H,113.0,PHE,A,Q9I2B5,113.0,F,H,helix,F,H,F,H
112,112,112,112,114.0,A,P,H,114.0,PRO,A,Q9I2B5,114.0,P,H,helix,P,H,P,H
113,113,113,113,115.0,A,I,H,115.0,ILE,A,Q9I2B5,115.0,I,H,helix,I,H,I,H
114,114,114,114,116.0,A,R,H,116.0,ARG,A,Q9I2B5,116.0,R,H,helix,R,H,R,H
115,115,115,115,117.0,A,R,H,117.0,ARG,A,Q9I2B5,117.0,R,H,helix,R,H,R,H
116,116,116,116,118.0,A,L,H,118.0,LEU,A,Q9I2B5,118.0,L,H,helix,L,H,L,H
117,117,117,117,119.0,A,G,C,119.0,GLY,A,Q9I2B5,119.0,G,H,helix,G,C,G,C
118,118,118,118,120.0,A,L,C,120.0,LEU,A,Q9I2B5,120.0,L,T,loop,L,C,L,C
119,119,119,119,121.0,A,A,C,121.0,ALA,A,Q9I2B5,121.0,A,T,loop,A,C,A,C
120,120,120,120,122.0,A,D,C,122.0,ASP,A,Q9I2B5,122.0,D,T,loop,D,C,D,C
121,121,121,121,123.0,A,G,C,123.0,GLY,A,Q9I2B5,123.0,G,T,loop,G,C,G,C
122,122,122,122,124.0,A,Q,C,124.0,GLN,A,Q9I2B5,124.0,Q,T,loop,Q,C,Q,C
123,123,123,123,125.0,A,R,E,125.0,ARG,A,Q9I2B5,125.0,R,E,strand,R,E,R,E
124,124,124,124,126.0,A,A,E,126.0,ALA,A,Q9I2B5,126.0,A,E,strand,A,E,A,E
125,125,125,125,127.0,A,E,E,127.0,GLU,A,Q9I2B5,127.0,E,E,strand,E,E,E,E
126,126,126,126,128.0,A,I,E,128.0,ILE,A,Q9I2B5,128.0,I,E,strand,I,E,I,E
127,127,127,127,129.0,A,R,E,129.0,ARG,A,Q9I2B5,129.0,R,E,strand,R,E,R,E
128,128,128,128,130.0,A,A,E,130.0,ALA,A,Q9I2B5,130.0,A,E,strand,A,E,A,E
129,129,129,129,131.0,A,L,E,131.0,LEU,A,Q9I2B5,131.0,L,E,strand,L,E,L,E
130,130,130,130,132.0,A,Y,E,132.0,TYR,A,Q9I2B5,132.0,Y,E,strand,Y,E,Y,E
131,131,131,131,133.0,A,I,E,133.0,ILE,A,Q9I2B5,133.0,I,E,strand,I,E,I,E
132,132,132,132,134.0,A,E,E,134.0,GLU,A,Q9I2B5,134.0,E,E,strand,E,E,E,E
133,133,133,133,135.0,A,A,C,135.0,ALA,A,Q9I2B5,135.0,A,T,loop,A,C,A,C
134,134,134,134,136.0,A,P,C,136.0,PRO,A,Q9I2B5,136.0,P,T,loop,P,C,P,C
135,135,135,135,137.0,A,A,C,137.0,ALA,A,Q9I2B5,137.0,A,T,loop,A,C,A,C
136,136,136,136,138.0,A,L,C,138.0,LEU,A,Q9I2B5,138.0,L,T,loop,L,C,L,C
137,137,137,137,139.0,A,E,C,139.0,GLU,A,Q9I2B5,139.0,E,T,loop,E,E,E,C
138,138,138,138,140.0,A,P,C,140.0,PRO,A,Q9I2B5,140.0,P,T,loop,P,E,P,C
139,139,139,139,141.0,A,R,E,141.0,ARG,A,Q9I2B5,141.0,R,E,strand,R,E,R,E
140,140,140,140,142.0,A,S,E,142.0,SER,A,Q9I2B5,142.0,S,E,strand,S,E,S,E
141,141,141,141,143.0,A,X,E,143.0,MSE,A,Q9I2B5,143.0,M,E,strand,M,E,M,E
142,142,142,142,144.0,A,R,E,144.0,ARG,A,Q9I2B5,144.0,R,E,strand,R,E,R,E
143,143,143,143,145.0,A,Q,E,145.0,GLN,A,Q9I2B5,145.0,Q,E,strand,Q,E,Q,E
144,144,144,144,146.0,A,A,E,146.0,ALA,A,Q9I2B5,146.0,A,E,strand,A,E,A,E
145,145,145,145,147.0,A,Y,E,147.0,TYR,A,Q9I2B5,147.0,Y,E,strand,Y,E,Y,E
146,146,146,146,148.0,A,T,E,148.0,THR,A,Q9I2B5,148.0,T,E,strand,T,E,T,E
147,147,147,147,149.0,A,R,E,149.0,ARG,A,Q9I2B5,149.0,R,E,strand,R,E,R,E
148,148,148,148,150.0,A,L,E,150.0,LEU,A,Q9I2B5,150.0,L,E,strand,L,C,L,E
149,149,149,149,151.0,A,D,E,151.0,ASP,A,Q9I2B5,151.0,D,E,strand,D,C,D,E
150,150,150,150,152.0,A,A,C,152.0,ALA,A,Q9I2B5,152.0,A,T,loop,A,C,A,C
151,151,151,151,153.0,A,S,C,153.0,SER,A,Q9I2B5,153.0,S,T,loop,S,C,S,C
152,152,152,152,154.0,A,H,E,154.0,HIS,A,Q9I2B5,154.0,H,E,strand,H,E,H,E
153,153,153,153,155.0,A,Y,E,155.0,TYR,A,Q9I2B5,155.0,Y,E,strand,Y,E,Y,E
154,154,154,154,156.0,A,L,E,156.0,LEU,A,Q9I2B5,156.0,L,E,strand,L,E,L,E
155,155,155,155,157.0,A,Y,E,157.0,TYR,A,Q9I2B5,157.0,Y,E,strand,Y,E,Y,E
156,156,156,156,158.0,A,E,E,158.0,GLU,A,Q9I2B5,158.0,E,E,strand,E,E,E,E
157,157,157,157,159.0,A,N,E,159.0,ASN,A,Q9I2B5,159.0,N,E,strand,N,E,N,E
158,158,158,158,160.0,A,L,C,160.0,LEU,A,Q9I2B5,160.0,L,T,loop,L,C,L,C
159,159,159,159,161.0,A,E,C,161.0,GLU,A,Q9I2B5,161.0,E,T,loop,E,C,E,C
160,160,160,160,162.0,A,G,C,162.0,GLY,A,Q9I2B5,162.0,G,T,loop,G,C,G,C
161,161,161,161,163.0,A,S,C,163.0,SER,A,Q9I2B5,163.0,S,T,loop,S,C,S,C
162,162,162,162,164.0,A,A,C,164.0,ALA,A,Q9I2B5,164.0,A,T,loop,A,C,A,C
163,163,163,163,165.0,A,F,C,165.0,PHE,A,Q9I2B5,165.0,F,T,loop,F,C,F,C
164,164,164,164,166.0,A,K,E,166.0,LYS,A,Q9I2B5,166.0,K,E,strand,K,E,K,E
165,165,165,165,167.0,A,A,E,167.0,ALA,A,Q9I2B5,167.0,A,E,strand,A,E,A,E
166,166,166,166,168.0,A,V,E,168.0,VAL,A,Q9I2B5,168.0,V,E,strand,V,E,V,E
167,167,167,167,169.0,A,L,E,169.0,LEU,A,Q9I2B5,169.0,L,E,strand,L,E,L,E
168,168,168,168,170.0,A,L,E,170.0,LEU,A,Q9I2B5,170.0,L,E,strand,L,E,L,E
169,169,169,169,171.0,A,V,E,171.0,VAL,A,Q9I2B5,171.0,V,E,strand,V,E,V,E
170,170,170,170,172.0,A,D,C,172.0,ASP,A,Q9I2B5,172.0,D,T,loop,D,C,D,C
171,171,171,171,173.0,A,E,C,173.0,GLU,A,Q9I2B5,173.0,E,T,loop,E,C,E,C
172,172,172,172,174.0,A,Q,C,174.0,GLN,A,Q9I2B5,174.0,Q,T,loop,Q,C,Q,C
173,173,173,173,175.0,A,G,C,175.0,GLY,A,Q9I2B5,175.0,G,T,loop,G,C,G,C
174,174,174,174,176.0,A,L,C,176.0,LEU,A,Q9I2B5,176.0,L,T,loop,L,C,L,C
175,175,175,175,177.0,A,V,E,177.0,VAL,A,Q9I2B5,177.0,V,E,strand,V,E,V,E
176,176,176,176,178.0,A,I,E,178.0,ILE,A,Q9I2B5,178.0,I,E,strand,I,E,I,E
177,177,177,177,179.0,A,D,E,179.0,ASP,A,Q9I2B5,179.0,D,E,strand,D,E,D,E
178,178,178,178,180.0,A,Y,E,180.0,TYR,A,Q9I2B5,180.0,Y,E,strand,Y,E,Y,E
179,179,179,179,181.0,A,P,C,181.0,PRO,A,Q9I2B5,181.0,P,T,loop,P,C,P,C
180,180,180,180,182.0,A,G,C,182.0,GLY,A,Q9I2B5,182.0,G,T,loop,G,C,G,C
181,181,181,181,183.0,A,L,C,183.0,LEU,A,Q9I2B5,183.0,L,T,loop,L,C,L,C
182,182,182,182,184.0,A,F,E,184.0,PHE,A,Q9I2B5,184.0,F,E,strand,F,E,F,E
183,183,183,183,185.0,A,Q,E,185.0,GLN,A,Q9I2B5,185.0,Q,E,strand,Q,E,Q,E
184,184,184,184,186.0,A,R,E,186.0,ARG,A,Q9I2B5,186.0,R,E,strand,R,E,R,E
