,49,49,49
0,D,-,8.0
1,K,-,9.0
2,A,-,8.0
3,T,-,8.0
4,I,-,7.0
5,P,-,7.0
6,S,-,7.0
7,E,-,7.0
8,S,-,7.0
9,P,-,7.0
10,F,-,6.0
11,A,-,6.0
12,A,-,6.0
13,A,-,7.0
14,E,-,7.0
15,V,-,7.0
16,A,-,7.0
17,D,-,7.0
18,G,-,4.0
19,A,E,5.0
20,I,E,8.0
21,V,E,9.0
22,V,E,8.0
23,D,E,8.0
24,I,E,5.0
25,A,-,4.0
26,K,-,7.0
27,M,-,5.0
28,K,E,2.0
29,Y,E,2.0
30,E,-,4.0
31,T,-,6.0
32,P,-,3.0
33,E,E,5.0
34,L,E,8.0
35,H,E,8.0
36,V,E,6.0
37,K,E,1.0
38,V,-,8.0
39,G,-,8.0
40,D,-,5.0
41,T,E,5.0
42,V,E,8.0
43,T,E,9.0
44,W,E,9.0
45,I,E,8.0
46,N,E,6.0
47,R,-,4.0
48,E,-,8.0
49,A,-,8.0
50,M,-,8.0
51,P,-,4.0
52,H,E,2.0
53,N,E,8.0
54,V,E,8.0
55,H,E,8.0
56,F,E,4.0
57,V,-,3.0
58,A,-,6.0
59,G,-,7.0
60,V,-,7.0
61,L,-,7.0
62,G,-,7.0
63,E,-,6.0
64,A,-,6.0
65,A,-,7.0
66,L,-,7.0
67,K,-,6.0
68,G,-,6.0
69,P,-,6.0
70,M,-,7.0
71,M,-,7.0
72,K,-,7.0
73,K,-,7.0
74,E,-,7.0
75,Q,-,4.0
76,A,E,5.0
77,Y,E,8.0
78,S,E,9.0
79,L,E,9.0
80,T,E,8.0
81,F,E,5.0
82,T,-,5.0
83,E,-,8.0
84,A,-,7.0
85,G,-,0.0
86,T,E,7.0
87,Y,E,8.0
88,D,E,9.0
89,Y,E,9.0
90,H,E,8.0
91,C,E,6.0
92,T,-,1.0
93,P,-,3.0
94,H,-,7.0
95,P,-,8.0
96,F,-,8.0
97,M,-,4.0
98,R,E,6.0
99,G,E,8.0
100,K,E,9.0
101,V,E,9.0
102,V,E,8.0
103,V,E,3.0
104,E,-,3.0
105,,,
106,,,
107,,,
108,,,
109,,,
110,,,
111,,,
112,,,
113,,,
114,,,
115,,,
116,,,
117,,,
118,,,
119,,,
120,,,
121,,,
122,,,
123,,,
124,,,
125,,,
126,,,
127,,,
128,,,
129,,,
130,,,
131,,,
132,,,
133,,,
134,,,
135,,,
136,,,
137,,,
138,,,
139,,,
140,,,
141,,,
142,,,
143,,,
144,,,
145,,,
146,,,
147,,,
148,,,
149,,,
150,,,
151,,,
152,,,
153,,,
154,,,
155,,,
156,,,
157,,,
158,,,
159,,,
160,,,
161,,,
162,,,
163,,,
164,,,
165,,,
166,,,
167,,,
168,,,
169,,,
170,,,
171,,,
172,,,
173,,,
174,,,
175,,,
176,,,
177,,,
178,,,
179,,,
180,,,
181,,,
182,,,
183,,,
184,,,
185,,,
186,,,
187,,,
188,,,
189,,,
190,,,
191,,,
192,,,
193,,,
194,,,
195,,,
196,,,
197,,,
198,,,
199,,,
200,,,
201,,,
202,,,
203,,,
204,,,
205,,,
206,,,
207,,,
208,,,
209,,,
210,,,
211,,,
212,,,
213,,,
214,,,
215,,,
216,,,
217,,,
218,,,
219,,,
220,,,
221,,,
222,,,
223,,,
224,,,
225,,,
226,,,
227,,,
228,,,
229,,,
230,,,
231,,,
232,,,
233,,,
234,,,
235,,,
236,,,
237,,,
238,,,
239,,,
240,,,
241,,,
242,,,
243,,,
244,,,
245,,,
246,,,
247,,,
248,,,
249,,,
250,,,
251,,,
252,,,
253,,,
254,,,
255,,,
256,,,
257,,,
258,,,
259,,,
260,,,
261,,,
262,,,
263,,,
264,,,
265,,,
266,,,
267,,,
268,,,
269,,,
270,,,
271,,,
272,,,
273,,,
274,,,
275,,,
276,,,
277,,,
278,,,
279,,,
280,,,
281,,,
282,,,
283,,,
284,,,
285,,,
286,,,
287,,,
288,,,
289,,,
290,,,
291,,,
292,,,
293,,,
294,,,
295,,,
296,,,
297,,,
298,,,
299,,,
300,,,
301,,,
302,,,
303,,,
304,,,
305,,,
306,,,
307,,,
308,,,
309,,,
310,,,
311,,,
312,,,
313,,,
314,,,
315,,,
316,,,
317,,,
318,,,
319,,,
320,,,
321,,,
322,,,
323,,,
324,,,
325,,,
326,,,
327,,,
328,,,
329,,,
330,,,
331,,,
332,,,
333,,,
334,,,
335,,,
336,,,
337,,,
338,,,
339,,,
340,,,
341,,,
342,,,
343,,,
344,,,
345,,,
346,,,
347,,,
348,,,
349,,,
350,,,
351,,,
352,,,
353,,,
354,,,
355,,,
356,,,
357,,,
358,,,
359,,,
360,,,
361,,,
362,,,
363,,,
364,,,
365,,,
366,,,
367,,,
368,,,
369,,,
370,,,
371,,,
372,,,
373,,,
374,,,
375,,,
376,,,
377,,,
378,,,
379,,,
380,,,
381,,,
382,,,
383,,,
384,,,
385,,,
386,,,
387,,,
388,,,
389,,,
390,,,
391,,,
392,,,
393,,,
394,,,
395,,,
396,,,
397,,,
398,,,
399,,,
400,,,
401,,,
402,,,
403,,,
404,,,
405,,,
406,,,
407,,,
408,,,
409,,,
410,,,
411,,,
412,,,
413,,,
414,,,
415,,,
416,,,
417,,,
418,,,
419,,,
420,,,
421,,,
422,,,
423,,,
424,,,
425,,,
426,,,
427,,,
428,,,
429,,,
430,,,
431,,,
432,,,
433,,,
434,,,
435,,,
436,,,
437,,,
438,,,
439,,,
440,,,
441,,,
442,,,
443,,,
444,,,
445,,,
446,,,
447,,,
448,,,
449,,,
450,,,
451,,,
452,,,
453,,,
454,,,
455,,,
456,,,
457,,,
458,,,
459,,,
460,,,
461,,,
462,,,
463,,,
464,,,
465,,,
466,,,
467,,,
468,,,
469,,,
470,,,
471,,,
472,,,
473,,,
474,,,
475,,,
476,,,
477,,,
478,,,
479,,,
480,,,
481,,,
482,,,
483,,,
484,,,
485,,,
486,,,
487,,,
488,,,
489,,,
490,,,
491,,,
492,,,
493,,,
494,,,
495,,,
496,,,
497,,,
498,,,
499,,,
500,,,
501,,,
502,,,
503,,,
504,,,
505,,,
506,,,
507,,,
508,,,
509,,,
510,,,
511,,,
512,,,
513,,,
514,,,
515,,,
516,,,
517,,,
518,,,
519,,,
520,,,
521,,,
522,,,
523,,,
524,,,
525,,,
526,,,
527,,,
528,,,
529,,,
530,,,
531,,,
532,,,
533,,,
534,,,
535,,,
536,,,
537,,,
538,,,
539,,,
540,,,
541,,,
542,,,
543,,,
544,,,
545,,,
546,,,
547,,,
548,,,
549,,,
550,,,
551,,,
552,,,
553,,,
554,,,
555,,,
556,,,
557,,,
558,,,
559,,,
560,,,
561,,,
562,,,
563,,,
564,,,
565,,,
566,,,
567,,,
568,,,
569,,,
570,,,
571,,,
572,,,
573,,,
574,,,
575,,,
576,,,
577,,,
578,,,
579,,,
580,,,
581,,,
582,,,
583,,,
584,,,
585,,,
586,,,
587,,,
588,,,
589,,,
590,,,
591,,,
592,,,
593,,,
594,,,
595,,,
596,,,
597,,,
598,,,
599,,,
600,,,
601,,,
602,,,
603,,,
604,,,
605,,,
606,,,
607,,,
608,,,
609,,,
610,,,
611,,,
612,,,
613,,,
614,,,
615,,,
616,,,
617,,,
618,,,
619,,,
620,,,
621,,,
622,,,
623,,,
624,,,
625,,,
626,,,
627,,,
628,,,
629,,,
630,,,
631,,,
632,,,
633,,,
634,,,
635,,,
636,,,
637,,,
638,,,
639,,,
640,,,
641,,,
642,,,
643,,,
644,,,
645,,,
646,,,
647,,,
648,,,
649,,,
650,,,
651,,,
652,,,
653,,,
654,,,
655,,,
656,,,
657,,,
658,,,
659,,,
660,,,
661,,,
662,,,
663,,,
664,,,
665,,,
666,,,
667,,,
668,,,
669,,,
670,,,
671,,,
672,,,
673,,,
674,,,
675,,,
676,,,
677,,,
678,,,
679,,,
680,,,
681,,,
682,,,
683,,,
684,,,
685,,,
686,,,
687,,,
688,,,
689,,,
690,,,
691,,,
692,,,
693,,,
694,,,
695,,,
696,,,
697,,,
698,,,
699,,,
700,,,
701,,,
702,,,
703,,,
704,,,
705,,,
706,,,
707,,,
708,,,
709,,,
710,,,
711,,,
712,,,
713,,,
714,,,
715,,,
716,,,
717,,,
718,,,
719,,,
720,,,
721,,,
722,,,
723,,,
724,,,
725,,,
726,,,
727,,,
728,,,
729,,,
730,,,
731,,,
732,,,
733,,,
734,,,
735,,,
736,,,
737,,,
738,,,
739,,,
740,,,
741,,,
742,,,
743,,,
744,,,
745,,,
746,,,
747,,,
748,,,
749,,,
750,,,
751,,,
752,,,
753,,,
754,,,
755,,,
756,,,
757,,,
758,,,
